EXAMPLE_ID,PREDICTED_SEQUENCE
valid_0000,RECEIVE WAFER LOT|LOT IDENTIFICATION|INITIAL WAFER INSPECTION|MEASURE SURFACE PARTICLES|PRE CLEAN WAFER|BACKSIDE CLEAN|FRONTSIDE CLEAN|RCA CLEAN 1|RCA CLEAN 2|HF DIP|EPITAXIAL WAFER CHECK|MEASURE EPITAXY THICKNESS|MEASURE RESISTIVITY|EPITAXY PREP|OXIDE STRIP|MEASURE OXIDE THICKNESS|SPIN COAT PHOTORESIST|SOFT BAKE|ALIGN MASK LEVEL 1|EXPOSE LITHO LEVEL 1|DEVELOP PHOTORESIST|VIA OPENING INSPECTION|VIA ETCH THROUGH DIELECTRIC|STRIP RESIST|CLEAN AFTER VIA ETCH|MEASURE VIA CD|DEPOSIT BARRIER METAL|DEPOSIT METAL SEED|FILL VIA METAL|CMP VIA FILL|MEASURE CONTACT RESISTANCE|DEPOSIT TOP METAL|ANNEAL METAL|MEASURE METAL THICKNESS|SPIN COAT PHOTORESIST|SOFT BAKE|ALIGN MASK LEVEL 2|EXPOSE LITHO LEVEL 2|DEVELOP PHOTORESIST|METAL PATTERN INSPECTION|METAL ETCH DRY|STRIP RESIST|CLEAN AFTER METAL ETCH|MEASURE LINE WIDTH|DEPOSIT PASSIVATION|CURE PASSIVATION|MEASURE PASSIVATION QUALITY|OPEN PAD WINDOW|PAD WINDOW LITHO|DEVELOP PAD WINDOW|PASSIVATION ETCH PAD OPENING|STRIP RESIST|CLEAN PAD OPENING|MEASURE PAD OPENING|BACKSIDE CLEAN|BACKSIDE GRIND|MEASURE WAFER THICKNESS|BACKSIDE ETCH CLEAN|BACKSIDE RINSE|BACKSIDE DRY|BACKSIDE METALLIZATION PREP|DEPOSIT BACKSIDE METAL|BACKSIDE ANNEAL|MEASURE BACKSIDE CONTACT|FINAL CLEAN|FINAL GEOMETRY CHECK|FINAL CD INSPECTION|FINAL PARTICLE INSPECTION|PARAMETRIC TEST|LEAKAGE TEST|SWITCHING TEST|WAFER SORT TEST|YIELD ANALYSIS|FINAL LOT RELEASE|SHIP LOT
valid_0001,RECEIVE WAFER LOT|LOT IDENTIFICATION|INITIAL WAFER INSPECTION|MEASURE SURFACE PARTICLES|PRE CLEAN WAFER|BACKSIDE CLEAN|FRONTSIDE CLEAN|RCA CLEAN 1|RCA CLEAN 2|HF DIP|EPITAXY PREP|EPITAXIAL DEPOSITION|MEASURE EPITAXY THICKNESS|MEASURE RESISTIVITY|EPITAXY ANNEAL|MEASURE JUNCTION PROFILE|THERMAL OXIDATION|MEASURE OXIDE THICKNESS|SPIN COAT PHOTORESIST|SOFT BAKE|ALIGN MASK LEVEL 1|EXPOSE LITHO LEVEL 1|DEVELOP PHOTORESIST|VIA OPENING INSPECTION|VIA ETCH|STRIP RESIST|CLEAN AFTER VIA ETCH|MEASURE VIA CD|DEPOSIT BARRIER METAL|DEPOSIT METAL SEED|FILL VIA METAL|CMP METAL|MEASURE CONTACT RESISTANCE|DEPOSIT TOP METAL|ANNEAL METAL|MEASURE METAL THICKNESS|SPIN COAT PHOTORESIST|SOFT BAKE|ALIGN MASK LEVEL 2|EXPOSE LITHO LEVEL 2|DEVELOP PHOTORESIST|METAL PATTERN INSPECTION|HARD BAKE|METAL ETCH DRY|STRIP RESIST|CLEAN AFTER METAL ETCH|MEASURE LINE WIDTH|DEPOSIT PASSIVATION|CURE PASSIVATION|MEASURE PASSIVATION QUALITY|OPEN PAD WINDOW|PAD WINDOW LITHO|DEVELOP PAD WINDOW|PASSIVATION ETCH PAD OPENING|STRIP RESIST|CLEAN PAD OPENING|MEASURE PAD OPENING|BACKSIDE CLEAN|BACKSIDE GRIND|MEASURE WAFER THICKNESS|BACKSIDE ETCH CLEAN|BACKSIDE RINSE|BACKSIDE DRY|BACKSIDE METALLIZATION PREP|DEPOSIT BACKSIDE METAL|BACKSIDE ANNEAL|MEASURE BACKSIDE CONTACT|FINAL CLEAN|FINAL GEOMETRY CHECK|FINAL PARTICLE INSPECTION|PARAMETRIC TEST|LEAKAGE TEST|SWITCHING TEST|WAFER SORT TEST|YIELD ANALYSIS|FINAL LOT RELEASE|SHIP LOT
valid_0002,RECEIVE WAFER LOT|LOT IDENTIFICATION|PRE CLEAN INSPECTION|MEASURE INITIAL THICKNESS|PRE CLEAN WAFER|BACKSIDE CLEAN|FRONTSIDE CLEAN|RCA CLEAN 1|RCA CLEAN 2|HF DIP|EPITAXIAL WAFER CHECK|MEASURE EPITAXY THICKNESS|MEASURE RESISTIVITY|EPITAXY PREP|OXIDE STRIP|MEASURE OXIDE THICKNESS|SPIN COAT PHOTORESIST|SOFT BAKE|ALIGN MASK LEVEL 1|EXPOSE LITHO LEVEL 1|DEVELOP PHOTORESIST|VIA OPENING INSPECTION|VIA ETCH THROUGH DIELECTRIC|STRIP RESIST|CLEAN AFTER VIA ETCH|MEASURE VIA CD|DEPOSIT BARRIER METAL|DEPOSIT METAL SEED|FILL VIA METAL|CMP METAL|MEASURE CONTACT RESISTANCE|DEPOSIT TOP METAL|ANNEAL METAL|SPIN COAT PHOTORESIST|SOFT BAKE|ALIGN MASK LEVEL 2|EXPOSE LITHO LEVEL 2|DEVELOP PHOTORESIST|METAL PATTERN INSPECTION|METAL ETCH DRY|STRIP PHOTORESIST|CLEAN AFTER METAL ETCH|MEASURE LINE WIDTH|DEPOSIT PASSIVATION|CURE PASSIVATION|MEASURE PASSIVATION QUALITY|OPEN PAD WINDOW|PAD WINDOW LITHO|DEVELOP PAD WINDOW|PASSIVATION ETCH PAD OPENING|STRIP RESIST|CLEAN PAD OPENING|MEASURE PAD OPENING|BACKSIDE CLEAN|BACKSIDE GRIND|MEASURE WAFER THICKNESS|BACKSIDE ETCH CLEAN|BACKSIDE RINSE|BACKSIDE DRY|BACKSIDE METALLIZATION PREP|DEPOSIT BACKSIDE METAL|BACKSIDE ANNEAL|MEASURE BACKSIDE CONTACT|FINAL CLEAN|FINAL GEOMETRY CHECK|FINAL PARTICLE INSPECTION|PARAMETRIC TEST|LEAKAGE TEST|SWITCHING TEST|WAFER SORT TEST|YIELD ANALYSIS|FINAL LOT RELEASE|SHIP LOT
valid_0003,RECEIVE WAFER LOT|LOT IDENTIFICATION|PRE CLEAN INSPECTION|MEASURE INITIAL THICKNESS|PRE CLEAN WAFER|BACKSIDE CLEAN|FRONTSIDE CLEAN|RCA CLEAN 1|RCA CLEAN 2|HF DIP|EPITAXIAL WAFER CHECK|MEASURE EPITAXY THICKNESS|MEASURE RESISTIVITY|EPITAXY PREP|OXIDE STRIP|MEASURE OXIDE THICKNESS|SPIN COAT PHOTORESIST|SOFT BAKE|ALIGN MASK LEVEL 1|EXPOSE LITHO LEVEL 1|DEVELOP PHOTORESIST|FIELD PATTERN INSPECTION|HARD BAKE|OXIDE ETCH DRY|STRIP RESIST|CLEAN AFTER OXIDE ETCH|MEASURE OPENING CD|DEPOSIT PAD OXIDE|ANNEAL OXIDE|MEASURE FILM THICKNESS|SPIN COAT PHOTORESIST|SOFT BAKE|ALIGN MASK LEVEL 2|EXPOSE LITHO LEVEL 2|DEVELOP PHOTORESIST|VIA OPENING INSPECTION|VIA ETCH|STRIP PHOTORESIST|CLEAN AFTER VIA ETCH|MEASURE VIA CD|DEPOSIT BARRIER METAL|DEPOSIT METAL SEED|FILL VIA METAL|CMP METAL|MEASURE CONTACT RESISTANCE|DEPOSIT TOP METAL|ANNEAL METAL|MEASURE METAL THICKNESS|SPIN COAT PHOTORESIST|SOFT BAKE|ALIGN MASK LEVEL 3|EXPOSE LITHO LEVEL 3|DEVELOP PHOTORESIST|METAL PATTERN INSPECTION|METAL ETCH DRY|STRIP PHOTORESIST|CLEAN AFTER METAL ETCH|MEASURE LINE WIDTH|DEPOSIT PASSIVATION LAYER|CURE PASSIVATION|MEASURE PASSIVATION QUALITY|OPEN PAD WINDOW|OPEN PAD WINDOW LITHO|DEVELOP PAD WINDOW|PASSIVATION ETCH PAD OPENING|STRIP RESIST|CLEAN PAD OPENING|MEASURE PAD OPENING|BACKSIDE CLEAN|BACKSIDE GRIND|MEASURE WAFER THICKNESS|BACKSIDE ETCH CLEAN|BACKSIDE RINSE|BACKSIDE DRY|BACKSIDE METALLIZATION PREP|DEPOSIT BACKSIDE METAL|BACKSIDE ANNEAL|MEASURE BACKSIDE CONTACT|FINAL CLEAN|FINAL GEOMETRY CHECK|FINAL PARTICLE INSPECTION|PARAMETRIC TEST|LEAKAGE TEST|SWITCHING TEST|THRESHOLD VOLTAGE TEST|SWITCHING TEST|WAFER SORT TEST|YIELD ANALYSIS|FINAL LOT RELEASE|SHIP LOT
valid_0004,SPIN COAT PHOTORESIST|SOFT BAKE|ALIGN MASK LEVEL 5|EXPOSE LITHO LEVEL 5|DEVELOP PHOTORESIST|VIA OPENING INSPECTION|HARD BAKE|VIA ETCH THROUGH DIELECTRIC|STRIP RESIST|CLEAN AFTER VIA ETCH|MEASURE VIA CD|DEPOSIT BARRIER METAL|DEPOSIT METAL SEED|FILL VIA METAL|CMP METAL|MEASURE CONTACT RESISTANCE|DEPOSIT TOP METAL|ANNEAL METAL|SPIN COAT PHOTORESIST|SOFT BAKE|ALIGN MASK LEVEL 6|EXPOSE LITHO LEVEL 6|DEVELOP PHOTORESIST|METAL PATTERN INSPECTION|METAL ETCH DRY|STRIP PHOTORESIST|CLEAN AFTER METAL ETCH|MEASURE LINE WIDTH|DEPOSIT PASSIVATION|CURE PASSIVATION|MEASURE PASSIVATION QUALITY|OPEN PAD WINDOW|PAD WINDOW LITHO|DEVELOP PAD WINDOW|PASSIVATION ETCH PAD OPENING|STRIP RESIST|CLEAN PAD OPENING|MEASURE PAD OPENING|BACKSIDE CLEAN|BACKSIDE GRIND|MEASURE WAFER THICKNESS|BACKSIDE ETCH CLEAN|BACKSIDE RINSE|BACKSIDE DRY|BACKSIDE METALLIZATION PREP|DEPOSIT BACKSIDE METAL|BACKSIDE ANNEAL|MEASURE BACKSIDE CONTACT|FINAL CLEAN|FINAL GEOMETRY CHECK|FINAL CD INSPECTION|FINAL PARTICLE INSPECTION|PARAMETRIC TEST|LEAKAGE TEST|SWITCHING TEST|WAFER SORT TEST|YIELD ANALYSIS|FINAL LOT RELEASE|SHIP LOT
valid_0005,RECEIVE WAFER LOT|LOT IDENTIFICATION|PRE CLEAN INSPECTION|MEASURE SURFACE PARTICLES|PRE CLEAN WAFER|BACKSIDE CLEAN|FRONTSIDE CLEAN|WET CLEAN RCA1|WET CLEAN RCA2|HF DIP|DRY WAFER|EPITAXY PREP|EPITAXIAL DEPOSITION|MEASURE EPITAXY THICKNESS|MEASURE RESISTIVITY|EPITAXY ANNEAL|MEASURE JUNCTION PROFILE|THERMAL OXIDATION|MEASURE OXIDE THICKNESS|SPIN COAT PHOTORESIST|SOFT BAKE|ALIGN MASK LEVEL 1|EXPOSE LITHO LEVEL 1|DEVELOP PHOTORESIST|VIA INSPECTION|HARD BAKE|VIA ETCH|STRIP RESIST|CLEAN AFTER VIA ETCH|MEASURE VIA CD|DEPOSIT BARRIER METAL|DEPOSIT METAL SEED|FILL VIA METAL|CMP METAL|MEASURE VIA RESISTANCE|DEPOSIT TOP METAL|ANNEAL METAL|MEASURE METAL THICKNESS|SPIN COAT PHOTORESIST|SOFT BAKE|ALIGN MASK LEVEL 2|EXPOSE LITHO LEVEL 2|DEVELOP PHOTORESIST|METAL PATTERN INSPECTION|METAL ETCH DRY|STRIP PHOTORESIST|CLEAN AFTER METAL ETCH|MEASURE LINE WIDTH|DEPOSIT PASSIVATION|CURE PASSIVATION|MEASURE PASSIVATION QUALITY|OPEN PAD WINDOW|PAD WINDOW LITHO|DEVELOP PAD WINDOW|PASSIVATION ETCH PAD OPENING|STRIP RESIST|CLEAN PAD OPENING|MEASURE PAD OPENING|BACKSIDE CLEAN|BACKSIDE GRIND|MEASURE WAFER THICKNESS|BACKSIDE ETCH CLEAN|BACKSIDE RINSE|BACKSIDE DRY|BACKSIDE METALLIZATION PREP|DEPOSIT BACKSIDE METAL|BACKSIDE ANNEAL|MEASURE BACKSIDE CONTACT|FINAL CLEAN|FINAL GEOMETRY CHECK|FINAL PARTICLE INSPECTION|PARAMETRIC TEST|LEAKAGE TEST|SWITCHING TEST|WAFER SORT TEST|YIELD ANALYSIS|FINAL LOT RELEASE|SHIP LOT
valid_0006,RECEIVE WAFER LOT|LOT IDENTIFICATION|PRE CLEAN INSPECTION|MEASURE INITIAL THICKNESS|MEASURE SURFACE PARTICLES|PRE CLEAN WAFER|BACKSIDE CLEAN|FRONTSIDE CLEAN|WET CLEAN RCA1|WET CLEAN RCA2|HF DIP|EPITAXIAL WAFER CHECK|MEASURE EPITAXY THICKNESS|MEASURE RESISTIVITY|EPITAXY PREP|OXIDE STRIP|MEASURE OXIDE THICKNESS|SPIN COAT PHOTORESIST|SOFT BAKE|ALIGN MASK LEVEL 1|EXPOSE LITHO LEVEL 1|DEVELOP PHOTORESIST|VIA OPENING INSPECTION|VIA ETCH THROUGH DIELECTRIC|STRIP RESIST|CLEAN AFTER VIA ETCH|MEASURE VIA CD|DEPOSIT BARRIER METAL|DEPOSIT METAL SEED|FILL VIA METAL|CMP METAL|MEASURE CONTACT RESISTANCE|DEPOSIT TOP METAL|ANNEAL METAL|SPIN COAT PHOTORESIST|SOFT BAKE|ALIGN MASK LEVEL 2|EXPOSE LITHO LEVEL 2|DEVELOP PHOTORESIST|METAL PATTERN INSPECTION|METAL ETCH DRY|STRIP PHOTORESIST|CLEAN AFTER METAL ETCH|MEASURE LINE WIDTH|DEPOSIT PASSIVATION|CURE PASSIVATION|MEASURE PASSIVATION QUALITY|OPEN PAD WINDOW|PAD WINDOW LITHO|DEVELOP PAD WINDOW|PASSIVATION ETCH PAD OPENING|STRIP RESIST|CLEAN PAD OPENING|MEASURE PAD OPENING|BACKSIDE CLEAN|BACKSIDE GRIND|MEASURE WAFER THICKNESS|BACKSIDE ETCH CLEAN|BACKSIDE RINSE|BACKSIDE DRY|BACKSIDE METALLIZATION PREP|DEPOSIT BACKSIDE METAL|BACKSIDE ANNEAL|MEASURE BACKSIDE CONTACT|FINAL CLEAN|FINAL GEOMETRY CHECK|FINAL PARTICLE INSPECTION|ELECTRICAL PARAMETRIC TEST|LEAKAGE TEST|THRESHOLD VOLTAGE TEST|SWITCHING TEST|WAFER SORT TEST|YIELD ANALYSIS|FINAL LOT RELEASE|SHIP LOT
valid_0007,RECEIVE WAFER LOT|LOT IDENTIFICATION|PRE CLEAN INSPECTION|MEASURE INITIAL THICKNESS|MEASURE SURFACE PARTICLES|PRE CLEAN WAFER|BACKSIDE CLEAN|FRONTSIDE CLEAN|WET CLEAN RCA1|WET CLEAN RCA2|HF DIP|EPITAXY PREP|EPITAXIAL DEPOSITION|MEASURE EPITAXY THICKNESS|MEASURE RESISTIVITY|EPITAXY ANNEAL|MEASURE JUNCTION PROFILE|THERMAL OXIDATION|MEASURE OXIDE THICKNESS|SPIN COAT PHOTORESIST|SOFT BAKE|ALIGN MASK LEVEL 1|EXPOSE LITHO LEVEL 1|DEVELOP PHOTORESIST|VIA OPENING INSPECTION|HARD BAKE|VIA ETCH|STRIP RESIST|CLEAN AFTER VIA ETCH|MEASURE VIA CD|DEPOSIT BARRIER METAL|DEPOSIT METAL SEED|FILL VIA METAL|CMP VIA FILL|DEPOSIT TOP METAL|ANNEAL METAL|SPIN COAT PHOTORESIST|SOFT BAKE|ALIGN MASK LEVEL 2|EXPOSE LITHO LEVEL 2|DEVELOP PHOTORESIST|METAL PATTERN INSPECTION|HARD BAKE|METAL ETCH DRY|STRIP PHOTORESIST|CLEAN AFTER METAL ETCH|MEASURE LINE WIDTH|DEPOSIT PASSIVATION|CURE PASSIVATION|MEASURE PASSIVATION QUALITY|OPEN PAD WINDOW|PAD WINDOW LITHO|DEVELOP PAD WINDOW|PASSIVATION ETCH PAD OPENING|STRIP RESIST|CLEAN PAD OPENING|MEASURE PAD OPENING|BACKSIDE CLEAN|BACKSIDE GRIND|MEASURE WAFER THICKNESS|BACKSIDE ETCH CLEAN|BACKSIDE RINSE|BACKSIDE DRY|BACKSIDE METALLIZATION PREP|DEPOSIT BACKSIDE METAL|BACKSIDE ANNEAL|MEASURE BACKSIDE CONTACT|FINAL CLEAN|FINAL GEOMETRY CHECK|FINAL PARTICLE INSPECTION|ELECTRICAL PARAMETRIC TEST|LEAKAGE TEST|THRESHOLD VOLTAGE TEST|SWITCHING TEST|WAFER SORT TEST|YIELD ANALYSIS|FINAL LOT RELEASE|SHIP LOT
valid_0008,RECEIVE WAFER LOT|LOT IDENTIFICATION|INITIAL WAFER INSPECTION|MEASURE INITIAL THICKNESS|MEASURE SURFACE PARTICLES|PRE CLEAN WAFER|BACKSIDE CLEAN|FRONTSIDE CLEAN|RCA CLEAN 1|RCA CLEAN 2|HF DIP|EPITAXIAL WAFER CHECK|MEASURE EPITAXY THICKNESS|MEASURE RESISTIVITY|EPITAXY PREP|OXIDE STRIP|MEASURE OXIDE THICKNESS|SPIN COAT PHOTORESIST|SOFT BAKE|ALIGN MASK LEVEL 1|EXPOSE LITHO LEVEL 1|POST EXPOSE BAKE|DEVELOP PHOTORESIST|VIA OPENING INSPECTION|HARD BAKE|VIA ETCH THROUGH DIELECTRIC|STRIP RESIST|CLEAN AFTER VIA ETCH|MEASURE VIA CD|DEPOSIT BARRIER METAL|DEPOSIT METAL SEED|FILL VIA METAL|CMP METAL|MEASURE CONTACT RESISTANCE|DEPOSIT TOP METAL|ANNEAL METAL|MEASURE METAL THICKNESS|SPIN COAT PHOTORESIST|SOFT BAKE|ALIGN MASK LEVEL 2|EXPOSE LITHO LEVEL 2|DEVELOP PHOTORESIST|METAL PATTERN INSPECTION|METAL ETCH DRY|STRIP RESIST|CLEAN AFTER METAL ETCH|MEASURE LINE WIDTH|DEPOSIT PASSIVATION|CURE PASSIVATION|MEASURE PASSIVATION QUALITY|OPEN PAD WINDOW|PAD WINDOW LITHO|DEVELOP PAD WINDOW|PASSIVATION ETCH PAD OPENING|STRIP RESIST|CLEAN PAD OPENING|MEASURE PAD OPENING|BACKSIDE CLEAN|BACKSIDE GRIND|MEASURE WAFER THICKNESS|BACKSIDE ETCH CLEAN|BACKSIDE RINSE|BACKSIDE DRY|BACKSIDE METALLIZATION PREP|DEPOSIT BACKSIDE METAL|BACKSIDE ANNEAL|MEASURE BACKSIDE CONTACT|FINAL CLEAN|FINAL GEOMETRY CHECK|FINAL PARTICLE INSPECTION|ELECTRICAL PARAMETRIC TEST|LEAKAGE TEST|THRESHOLD VOLTAGE TEST|SWITCHING TEST|WAFER SORT TEST|YIELD ANALYSIS|FINAL LOT RELEASE|SHIP LOT
valid_0009,RECEIVE WAFER LOT|LOT IDENTIFICATION|INITIAL WAFER INSPECTION|MEASURE INITIAL THICKNESS|MEASURE SURFACE PARTICLES|PRE CLEAN WAFER|BACKSIDE CLEAN|FRONTSIDE CLEAN|RCA CLEAN 1|RCA CLEAN 2|HF DIP|EPITAXY PREP|EPITAXIAL DEPOSITION|MEASURE EPITAXY THICKNESS|MEASURE RESISTIVITY|EPITAXY ANNEAL|MEASURE JUNCTION PROFILE|DEPOSIT PAD OXIDE|ANNEAL OXIDE|MEASURE FILM THICKNESS|SPIN COAT PHOTORESIST|SOFT BAKE|ALIGN MASK LEVEL 3|EXPOSE LITHO LEVEL 6|POST EXPOSE BAKE|DEVELOP PHOTORESIST|VIA OPENING INSPECTION|HARD BAKE|VIA ETCH THROUGH DIELECTRIC|STRIP RESIST|CLEAN AFTER VIA ETCH|MEASURE VIA CD|DEPOSIT BARRIER METAL|DEPOSIT METAL SEED|FILL VIA METAL|CMP VIA FILL|MEASURE CONTACT RESISTANCE|DEPOSIT TOP METAL|ANNEAL METAL|SPIN COAT PHOTORESIST|SOFT BAKE|ALIGN MASK LEVEL 3|EXPOSE LITHO LEVEL 6|DEVELOP PHOTORESIST|METAL PATTERN INSPECTION|METAL ETCH DRY|STRIP PHOTORESIST|CLEAN AFTER METAL ETCH|MEASURE LINE WIDTH|DEPOSIT PASSIVATION|CURE PASSIVATION|MEASURE PASSIVATION QUALITY|OPEN PAD WINDOW|OPEN PAD WINDOW LITHO|DEVELOP PAD WINDOW|PASSIVATION ETCH PAD OPENING|STRIP RESIST|CLEAN PAD OPENING|MEASURE PAD OPENING|BACKSIDE CLEAN|BACKSIDE GRIND|MEASURE WAFER THICKNESS|BACKSIDE ETCH CLEAN|BACKSIDE RINSE|BACKSIDE DRY|BACKSIDE METALLIZATION PREP|DEPOSIT BACKSIDE METAL|BACKSIDE ANNEAL|MEASURE BACKSIDE CONTACT|FINAL CLEAN|FINAL GEOMETRY CHECK|FINAL PARTICLE INSPECTION|ELECTRICAL PARAMETRIC TEST|LEAKAGE TEST|THRESHOLD VOLTAGE TEST|SWITCHING TEST|WAFER SORT TEST|YIELD ANALYSIS|FINAL LOT RELEASE|SHIP LOT
valid_0010,RECEIVE WAFER LOT|LOT IDENTIFICATION|PRE CLEAN INSPECTION|MEASURE INITIAL THICKNESS|PRE CLEAN WAFER|BACKSIDE CLEAN|FRONTSIDE CLEAN|WET CLEAN RCA1|WET CLEAN RCA2|HF DIP|EPITAXY PREP|EPITAXIAL DEPOSITION|MEASURE EPITAXY THICKNESS|MEASURE RESISTIVITY|EPITAXY ANNEAL|MEASURE JUNCTION PROFILE|DEPOSIT PAD OXIDE|ANISOTROPIC ETCH SPACER|MEASURE GATE OXIDE THICKNESS|SPIN COAT PHOTORESIST|SOFT BAKE|ALIGN MASK LEVEL 5|EXPOSE LITHO LEVEL 5|DEVELOP PHOTORESIST|VIA OPENING INSPECTION|HARD BAKE|VIA ETCH THROUGH DIELECTRIC|STRIP RESIST|CLEAN AFTER VIA ETCH|MEASURE VIA CD|DEPOSIT BARRIER METAL|DEPOSIT METAL SEED|FILL VIA METAL|CMP METAL|MEASURE CONTACT RESISTANCE|DEPOSIT TOP METAL|ANNEAL METAL|SPIN COAT PHOTORESIST|SOFT BAKE|ALIGN MASK LEVEL 6|EXPOSE LITHO LEVEL 6|DEVELOP PHOTORESIST|METAL PATTERN INSPECTION|METAL ETCH DRY|STRIP PHOTORESIST|CLEAN AFTER METAL ETCH|MEASURE LINE WIDTH|DEPOSIT PASSIVATION|CURE PASSIVATION|MEASURE PASSIVATION QUALITY|OPEN PAD WINDOW|PAD WINDOW LITHO|DEVELOP PAD WINDOW|PASSIVATION ETCH PAD OPENING|STRIP RESIST|CLEAN PAD OPENING|MEASURE PAD OPENING|BACKSIDE CLEAN|BACKSIDE GRIND|MEASURE WAFER THICKNESS|BACKSIDE ETCH CLEAN|BACKSIDE RINSE|BACKSIDE DRY|BACKSIDE METALLIZATION PREP|DEPOSIT BACKSIDE METAL|BACKSIDE ANNEAL|MEASURE BACKSIDE CONTACT|FINAL CLEAN|FINAL GEOMETRY CHECK|FINAL PARTICLE INSPECTION|ELECTRICAL PARAMETRIC TEST|LEAKAGE TEST|THRESHOLD VOLTAGE TEST|SWITCHING TEST|WAFER SORT TEST|YIELD ANALYSIS|FINAL LOT RELEASE|SHIP LOT
valid_0011,RECEIVE WAFER LOT|LOT IDENTIFICATION|PRE CLEAN INSPECTION|MEASURE INITIAL THICKNESS|PRE CLEAN WAFER|BACKSIDE CLEAN|FRONTSIDE CLEAN|WET CLEAN RCA1|WET CLEAN RCA2|HF DIP|EPITAXY PREP|EPITAXIAL DEPOSITION|MEASURE EPITAXY THICKNESS|MEASURE RESISTIVITY|EPITAXY ANNEAL|MEASURE JUNCTION PROFILE|THERMAL OXIDATION|MEASURE OXIDE THICKNESS|SPIN COAT PHOTORESIST|SOFT BAKE|ALIGN MASK LEVEL 1|EXPOSE LITHO LEVEL 1|DEVELOP PHOTORESIST|VIA OPENING INSPECTION|HARD BAKE|VIA ETCH THROUGH DIELECTRIC|STRIP RESIST|CLEAN AFTER VIA ETCH|MEASURE VIA CD|DEPOSIT BARRIER METAL|DEPOSIT METAL SEED|FILL VIA METAL|CMP VIA FILL|MEASURE CONTACT RESISTANCE|DEPOSIT TOP METAL|ANNEAL METAL|SPIN COAT PHOTORESIST|SOFT BAKE|ALIGN MASK LEVEL 2|EXPOSE LITHO LEVEL 2|DEVELOP PHOTORESIST|METAL PATTERN INSPECTION|METAL ETCH DRY|STRIP PHOTORESIST|CLEAN AFTER METAL ETCH|MEASURE LINE WIDTH|DEPOSIT PASSIVATION|CURE PASSIVATION|MEASURE PASSIVATION QUALITY|OPEN PAD WINDOW|PAD WINDOW LITHO|DEVELOP PAD WINDOW|PASSIVATION ETCH PAD OPENING|STRIP RESIST|CLEAN PAD OPENING|MEASURE PAD OPENING|BACKSIDE CLEAN|BACKSIDE GRIND|MEASURE WAFER THICKNESS|BACKSIDE ETCH CLEAN|BACKSIDE RINSE|BACKSIDE DRY|BACKSIDE METALLIZATION PREP|DEPOSIT BACKSIDE METAL|BACKSIDE ANNEAL|MEASURE BACKSIDE CONTACT|FINAL CLEAN|FINAL GEOMETRY CHECK|FINAL PARTICLE INSPECTION|ELECTRICAL PARAMETRIC TEST|LEAKAGE TEST|THRESHOLD VOLTAGE TEST|SWITCHING TEST|WAFER SORT TEST|YIELD ANALYSIS|FINAL LOT RELEASE|SHIP LOT
valid_0012,RECEIVE WAFER LOT|LOT IDENTIFICATION|INITIAL WAFER INSPECTION|MEASURE INITIAL THICKNESS|MEASURE SURFACE PARTICLES|PRE CLEAN WAFER|BACKSIDE CLEAN|FRONTSIDE CLEAN|WET CLEAN RCA1|WET CLEAN RCA2|HF DIP|DRY WAFER|EPITAXIAL WAFER CHECK|MEASURE EPITAXY THICKNESS|MEASURE RESISTIVITY|EPITAXY PREP|OXIDE STRIP|MEASURE OXIDE THICKNESS|SPIN COAT PHOTORESIST|SOFT BAKE|ALIGN MASK LEVEL 1|EXPOSE LITHO LEVEL 1|DEVELOP PHOTORESIST|VIA OPENING INSPECTION|HARD BAKE|VIA ETCH THROUGH DIELECTRIC|STRIP RESIST|CLEAN AFTER VIA ETCH|MEASURE VIA CD|DEPOSIT BARRIER METAL|DEPOSIT METAL SEED|FILL VIA METAL|CMP METAL|MEASURE CONTACT RESISTANCE|DEPOSIT TOP METAL|ANNEAL METAL|MEASURE METAL THICKNESS|SPIN COAT PHOTORESIST|SOFT BAKE|ALIGN MASK LEVEL 2|EXPOSE LITHO LEVEL 2|DEVELOP PHOTORESIST|METAL PATTERN INSPECTION|METAL ETCH DRY|STRIP PHOTORESIST|CLEAN AFTER METAL ETCH|MEASURE LINE WIDTH|DEPOSIT PASSIVATION|CURE PASSIVATION|MEASURE PASSIVATION QUALITY|OPEN PAD WINDOW|PAD WINDOW LITHO|DEVELOP PAD WINDOW|PASSIVATION ETCH PAD OPENING|STRIP RESIST|CLEAN PAD OPENING|MEASURE PAD OPENING|BACKSIDE CLEAN|BACKSIDE GRIND|MEASURE WAFER THICKNESS|BACKSIDE ETCH CLEAN|BACKSIDE RINSE|BACKSIDE DRY|BACKSIDE METALLIZATION PREP|DEPOSIT BACKSIDE METAL|BACKSIDE ANNEAL|MEASURE BACKSIDE CONTACT|FINAL CLEAN|FINAL GEOMETRY CHECK|FINAL PARTICLE INSPECTION|ELECTRICAL PARAMETRIC TEST|LEAKAGE TEST|THRESHOLD VOLTAGE TEST|SWITCHING TEST|WAFER SORT TEST|YIELD ANALYSIS|FINAL LOT RELEASE|SHIP LOT
valid_0013,RECEIVE WAFER LOT|LOT IDENTIFICATION|INITIAL WAFER INSPECTION|MEASURE INITIAL THICKNESS|MEASURE SURFACE PARTICLES|PRE CLEAN WAFER|BACKSIDE CLEAN|FRONTSIDE CLEAN|WET CLEAN RCA1|WET CLEAN RCA2|HF DIP|DRY WAFER|EPITAXY PREP|EPITAXIAL DEPOSITION|MEASURE EPITAXY THICKNESS|MEASURE RESISTIVITY|EPITAXY ANNEAL|MEASURE JUNCTION PROFILE|DEPOSIT PAD OXIDE|ANNEAL OXIDE|MEASURE OXIDE THICKNESS|SPIN COAT PHOTORESIST|SOFT BAKE|ALIGN MASK LEVEL 1|EXPOSE LITHO LEVEL 1|DEVELOP PHOTORESIST|VIA OPENING INSPECTION|VIA ETCH|STRIP RESIST|CLEAN AFTER VIA ETCH|MEASURE VIA CD|DEPOSIT BARRIER METAL|DEPOSIT METAL SEED|FILL VIA METAL|CMP VIA FILL|MEASURE CONTACT RESISTANCE|DEPOSIT TOP METAL|ANNEAL METAL|SPIN COAT PHOTORESIST|SOFT BAKE|ALIGN MASK LEVEL 2|EXPOSE LITHO LEVEL 2|DEVELOP PHOTORESIST|METAL PATTERN INSPECTION|HARD BAKE|METAL ETCH DRY|STRIP RESIST|CLEAN AFTER METAL ETCH|MEASURE LINE WIDTH|DEPOSIT PASSIVATION|CURE PASSIVATION|MEASURE PASSIVATION QUALITY|OPEN PAD WINDOW|OPEN PAD WINDOW LITHO|DEVELOP PAD WINDOW|PASSIVATION ETCH PAD OPENING|STRIP RESIST|CLEAN PAD OPENING|MEASURE PAD OPENING|BACKSIDE CLEAN|BACKSIDE GRIND|MEASURE WAFER THICKNESS|BACKSIDE ETCH CLEAN|BACKSIDE RINSE|BACKSIDE DRY|BACKSIDE METALLIZATION PREP|DEPOSIT BACKSIDE METAL|BACKSIDE ANNEAL|MEASURE BACKSIDE CONTACT|FINAL CLEAN|FINAL GEOMETRY CHECK|FINAL PARTICLE INSPECTION|ELECTRICAL PARAMETRIC TEST|LEAKAGE TEST|THRESHOLD VOLTAGE TEST|SWITCHING TEST|WAFER SORT TEST|YIELD ANALYSIS|FINAL LOT RELEASE|SHIP LOT
valid_0014,RECEIVE WAFER LOT|LOT IDENTIFICATION|PRE CLEAN INSPECTION|MEASURE INITIAL THICKNESS|MEASURE SURFACE PARTICLES|PRE CLEAN WAFER|BACKSIDE CLEAN|FRONTSIDE CLEAN|WET CLEAN RCA1|RCA CLEAN 2|HF DIP|EPITAXIAL WAFER CHECK|MEASURE EPITAXY THICKNESS|MEASURE RESISTIVITY|EPITAXY PREP|OXIDE STRIP|MEASURE OXIDE THICKNESS|SPIN COAT PHOTORESIST|SOFT BAKE|ALIGN MASK LEVEL 1|EXPOSE LITHO LEVEL 1|DEVELOP PHOTORESIST|VIA OPENING INSPECTION|VIA ETCH THROUGH DIELECTRIC|STRIP RESIST|CLEAN AFTER VIA ETCH|MEASURE VIA CD|DEPOSIT BARRIER METAL|DEPOSIT METAL SEED|FILL VIA METAL|CMP METAL|MEASURE CONTACT RESISTANCE|DEPOSIT TOP METAL|ANNEAL METAL|MEASURE METAL THICKNESS|SPIN COAT PHOTORESIST|SOFT BAKE|ALIGN MASK LEVEL 2|EXPOSE LITHO LEVEL 2|DEVELOP PHOTORESIST|METAL PATTERN INSPECTION|METAL ETCH DRY|STRIP PHOTORESIST|CLEAN AFTER METAL ETCH|MEASURE LINE WIDTH|DEPOSIT PASSIVATION|CURE PASSIVATION|MEASURE PASSIVATION QUALITY|OPEN PAD WINDOW|PAD WINDOW LITHO|DEVELOP PAD WINDOW|PASSIVATION ETCH PAD OPENING|STRIP RESIST|CLEAN PAD OPENING|MEASURE PAD OPENING|BACKSIDE CLEAN|BACKSIDE GRIND|MEASURE WAFER THICKNESS|BACKSIDE ETCH CLEAN|BACKSIDE RINSE|BACKSIDE DRY|BACKSIDE METALLIZATION PREP|DEPOSIT BACKSIDE METAL|BACKSIDE ANNEAL|MEASURE BACKSIDE CONTACT|FINAL CLEAN|FINAL GEOMETRY CHECK|FINAL PARTICLE INSPECTION|ELECTRICAL PARAMETRIC TEST|LEAKAGE TEST|THRESHOLD VOLTAGE TEST|SWITCHING TEST|WAFER SORT TEST|YIELD ANALYSIS|FINAL LOT RELEASE|SHIP LOT
valid_0015,RECEIVE WAFER LOT|LOT IDENTIFICATION|PRE CLEAN INSPECTION|MEASURE INITIAL THICKNESS|MEASURE SURFACE PARTICLES|PRE CLEAN WAFER|BACKSIDE CLEAN|FRONTSIDE CLEAN|WET CLEAN RCA1|RCA CLEAN 2|HF DIP|EPITAXY PREP|EPITAXIAL DEPOSITION|MEASURE EPITAXY THICKNESS|MEASURE RESISTIVITY|EPITAXY ANNEAL|MEASURE JUNCTION PROFILE|DEPOSIT PAD OXIDE|ANNEAL OXIDE|MEASURE FILM THICKNESS|SPIN COAT PHOTORESIST|SOFT BAKE|ALIGN MASK LEVEL 1|EXPOSE LITHO LEVEL 1|DEVELOP PHOTORESIST|VIA OPENING INSPECTION|VIA ETCH|STRIP RESIST|CLEAN AFTER VIA ETCH|MEASURE VIA CD|DEPOSIT BARRIER METAL|DEPOSIT METAL SEED|FILL VIA METAL|CMP VIA FILL|MEASURE CONTACT RESISTANCE|DEPOSIT TOP METAL|ANNEAL METAL|SPIN COAT PHOTORESIST|SOFT BAKE|ALIGN MASK LEVEL 2|EXPOSE LITHO LEVEL 2|DEVELOP PHOTORESIST|METAL PATTERN INSPECTION|METAL ETCH DRY|STRIP PHOTORESIST|CLEAN AFTER METAL ETCH|MEASURE LINE WIDTH|DEPOSIT PASSIVATION|CURE PASSIVATION|MEASURE PASSIVATION QUALITY|OPEN PAD WINDOW|PAD WINDOW LITHO|DEVELOP PAD WINDOW|PASSIVATION ETCH PAD OPENING|STRIP RESIST|CLEAN PAD OPENING|MEASURE PAD OPENING|BACKSIDE CLEAN|BACKSIDE GRIND|MEASURE WAFER THICKNESS|BACKSIDE ETCH CLEAN|BACKSIDE RINSE|BACKSIDE DRY|BACKSIDE METALLIZATION PREP|DEPOSIT BACKSIDE METAL|BACKSIDE ANNEAL|MEASURE BACKSIDE CONTACT|FINAL CLEAN|FINAL GEOMETRY CHECK|FINAL PARTICLE INSPECTION|ELECTRICAL PARAMETRIC TEST|LEAKAGE TEST|THRESHOLD VOLTAGE TEST|SWITCHING TEST|WAFER SORT TEST|YIELD ANALYSIS|FINAL LOT RELEASE|SHIP LOT
valid_0016,RECEIVE WAFER LOT|LOT IDENTIFICATION|INITIAL WAFER INSPECTION|MEASURE INITIAL THICKNESS|MEASURE SURFACE PARTICLES|PRE CLEAN WAFER|BACKSIDE CLEAN|FRONTSIDE CLEAN|WET CLEAN RCA1|RCA CLEAN 2|HF DIP|EPITAXY PREP|EPITAXIAL DEPOSITION|MEASURE EPITAXY THICKNESS|MEASURE RESISTIVITY|EPITAXY ANNEAL|MEASURE JUNCTION PROFILE|DEPOSIT PAD OXIDE|ANISOTROPIC ETCH SPACER|MEASURE GATE OXIDE THICKNESS|SPIN COAT PHOTORESIST|SOFT BAKE|ALIGN MASK LEVEL 5|EXPOSE LITHO LEVEL 5|DEVELOP PHOTORESIST|VIA OPENING INSPECTION|VIA ETCH THROUGH DIELECTRIC|STRIP RESIST|CLEAN AFTER VIA ETCH|MEASURE VIA CD|DEPOSIT BARRIER METAL|DEPOSIT METAL SEED|FILL VIA METAL|CMP METAL|MEASURE CONTACT RESISTANCE|DEPOSIT TOP METAL|ANNEAL METAL|SPIN COAT PHOTORESIST|SOFT BAKE|ALIGN MASK LEVEL 6|EXPOSE LITHO LEVEL 6|DEVELOP PHOTORESIST|METAL PATTERN INSPECTION|METAL ETCH DRY|STRIP RESIST|CLEAN AFTER METAL ETCH|MEASURE LINE WIDTH|DEPOSIT PASSIVATION|CURE PASSIVATION|MEASURE PASSIVATION QUALITY|OPEN PAD WINDOW|PAD WINDOW LITHO|DEVELOP PAD WINDOW|PASSIVATION ETCH PAD OPENING|STRIP RESIST|CLEAN PAD OPENING|MEASURE PAD OPENING|BACKSIDE CLEAN|BACKSIDE GRIND|MEASURE WAFER THICKNESS|BACKSIDE ETCH CLEAN|BACKSIDE RINSE|BACKSIDE DRY|BACKSIDE METALLIZATION PREP|DEPOSIT BACKSIDE METAL|BACKSIDE ANNEAL|MEASURE BACKSIDE CONTACT|FINAL CLEAN|FINAL GEOMETRY CHECK|FINAL PARTICLE INSPECTION|ELECTRICAL PARAMETRIC TEST|LEAKAGE TEST|THRESHOLD VOLTAGE TEST|SWITCHING TEST|WAFER SORT TEST|YIELD ANALYSIS|FINAL LOT RELEASE|SHIP LOT
valid_0017,BACKSIDE CLEAN|BACKSIDE GRIND|MEASURE THICKNESS|BACKSIDE ETCH CLEAN|BACKSIDE RINSE|BACKSIDE DRY|BACKSIDE METALLIZATION PREP|DEPOSIT BACKSIDE METAL|BACKSIDE ANNEAL|MEASURE BACKSIDE CONTACT|FINAL CLEAN|FINAL GEOMETRY CHECK|FINAL PARTICLE INSPECTION|ELECTRICAL PARAMETRIC TEST|LEAKAGE TEST|THRESHOLD VOLTAGE TEST|SWITCHING TEST|WAFER SORT TEST|YIELD ANALYSIS|FINAL LOT RELEASE|SHIP LOT
valid_0018,RECEIVE WAFER LOT|LOT IDENTIFICATION|INITIAL WAFER INSPECTION|MEASURE INITIAL THICKNESS|MEASURE SURFACE PARTICLES|PRE CLEAN WAFER|BACKSIDE CLEAN|FRONTSIDE CLEAN|WET CLEAN RCA1|WET CLEAN RCA2|HF DIP|EPITAXY PREP|EPITAXIAL DEPOSITION|MEASURE EPITAXY THICKNESS|MEASURE RESISTIVITY|EPITAXY ANNEAL|MEASURE JUNCTION PROFILE|DEPOSIT PAD OXIDE|ANISOTROPIC ETCH SPACER|MEASURE GATE OXIDE THICKNESS|SPIN COAT PHOTORESIST|SOFT BAKE|ALIGN MASK LEVEL 5|EXPOSE LITHO LEVEL 5|DEVELOP PHOTORESIST|VIA OPENING INSPECTION|VIA ETCH THROUGH DIELECTRIC|STRIP RESIST|CLEAN AFTER VIA ETCH|MEASURE VIA CD|DEPOSIT BARRIER METAL|DEPOSIT METAL SEED|FILL VIA METAL|CMP METAL|MEASURE CONTACT RESISTANCE|DEPOSIT TOP METAL|ANNEAL METAL|MEASURE METAL THICKNESS|SPIN COAT PHOTORESIST|SOFT BAKE|ALIGN MASK LEVEL 6|EXPOSE LITHO LEVEL 6|DEVELOP PHOTORESIST|METAL PATTERN INSPECTION|METAL ETCH DRY|STRIP PHOTORESIST|CLEAN AFTER METAL ETCH|MEASURE LINE WIDTH|DEPOSIT PASSIVATION|CURE PASSIVATION|MEASURE PASSIVATION QUALITY|OPEN PAD WINDOW|PAD WINDOW LITHO|DEVELOP PAD WINDOW|PASSIVATION ETCH PAD OPENING|STRIP RESIST|CLEAN PAD OPENING|MEASURE PAD OPENING|BACKSIDE CLEAN|BACKSIDE GRIND|MEASURE WAFER THICKNESS|BACKSIDE ETCH CLEAN|BACKSIDE RINSE|BACKSIDE DRY|BACKSIDE METALLIZATION PREP|DEPOSIT BACKSIDE METAL|BACKSIDE ANNEAL|MEASURE BACKSIDE CONTACT|FINAL CLEAN|FINAL GEOMETRY CHECK|FINAL PARTICLE INSPECTION|ELECTRICAL PARAMETRIC TEST|LEAKAGE TEST|THRESHOLD VOLTAGE TEST|SWITCHING TEST|WAFER SORT TEST|YIELD ANALYSIS|FINAL LOT RELEASE|SHIP LOT
valid_0019,RECEIVE WAFER LOT|LOT IDENTIFICATION|INITIAL WAFER INSPECTION|MEASURE INITIAL THICKNESS|MEASURE SURFACE PARTICLES|PRE CLEAN WAFER|BACKSIDE CLEAN|FRONTSIDE CLEAN|WET CLEAN RCA1|WET CLEAN RCA2|HF DIP|EPITAXY PREP|EPITAXIAL DEPOSITION|MEASURE EPITAXY THICKNESS|MEASURE RESISTIVITY|EPITAXY ANNEAL|MEASURE JUNCTION PROFILE|DEPOSIT PAD OXIDE|ANNEAL OXIDE|MEASURE FILM THICKNESS|SPIN COAT PHOTORESIST|SOFT BAKE|ALIGN MASK LEVEL 3|EXPOSE LITHO LEVEL 6|DEVELOP PHOTORESIST|VIA OPENING INSPECTION|HARD BAKE|VIA ETCH|STRIP PHOTORESIST|CLEAN AFTER VIA ETCH|MEASURE VIA CD|DEPOSIT PASSIVATION|CURE PASSIVATION|MEASURE PASSIVATION QUALITY|OPEN PAD WINDOW|PAD WINDOW LITHO|DEVELOP PAD WINDOW|PASSIVATION ETCH PAD OPENING|STRIP RESIST|CLEAN PAD OPENING|MEASURE PAD OPENING|BACKSIDE CLEAN|BACKSIDE GRIND|MEASURE WAFER THICKNESS|BACKSIDE ETCH CLEAN|BACKSIDE RINSE|BACKSIDE DRY|BACKSIDE METALLIZATION PREP|DEPOSIT BACKSIDE METAL|BACKSIDE ANNEAL|MEASURE BACKSIDE CONTACT|FINAL CLEAN|FINAL GEOMETRY CHECK|FINAL PARTICLE INSPECTION|ELECTRICAL PARAMETRIC TEST|LEAKAGE TEST|THRESHOLD VOLTAGE TEST|SWITCHING TEST|WAFER SORT TEST|YIELD ANALYSIS|FINAL LOT RELEASE|SHIP LOT
valid_0020,RECEIVE WAFER LOT|LOT IDENTIFICATION|INITIAL WAFER INSPECTION|MEASURE SURFACE PARTICLES|PRE CLEAN WAFER|BACKSIDE CLEAN|FRONTSIDE CLEAN|RCA CLEAN 1|WET CLEAN RCA2|HF DIP|EPITAXIAL WAFER CHECK|MEASURE EPITAXY THICKNESS|MEASURE RESISTIVITY|EPITAXY PREP|OXIDE STRIP|MEASURE OXIDE THICKNESS|SPIN COAT PHOTORESIST|SOFT BAKE|ALIGN MASK LEVEL 1|EXPOSE LITHO LEVEL 1|DEVELOP PHOTORESIST|VIA OPENING INSPECTION|VIA ETCH THROUGH DIELECTRIC|STRIP RESIST|CLEAN AFTER VIA ETCH|MEASURE VIA CD|DEPOSIT BARRIER METAL|DEPOSIT METAL SEED|FILL VIA METAL|CMP METAL|MEASURE CONTACT RESISTANCE|DEPOSIT TOP METAL|ANNEAL METAL|SPIN COAT PHOTORESIST|SOFT BAKE|ALIGN MASK LEVEL 2|EXPOSE LITHO LEVEL 2|DEVELOP PHOTORESIST|METAL PATTERN INSPECTION|METAL ETCH DRY|STRIP PHOTORESIST|CLEAN AFTER METAL ETCH|MEASURE LINE WIDTH|DEPOSIT PASSIVATION|CURE PASSIVATION|MEASURE PASSIVATION QUALITY|OPEN PAD WINDOW|PAD WINDOW LITHO|DEVELOP PAD WINDOW|PASSIVATION ETCH PAD OPENING|STRIP RESIST|CLEAN PAD OPENING|MEASURE PAD OPENING|BACKSIDE CLEAN|BACKSIDE GRIND|MEASURE WAFER THICKNESS|BACKSIDE ETCH CLEAN|BACKSIDE RINSE|BACKSIDE DRY|BACKSIDE METALLIZATION PREP|DEPOSIT BACKSIDE METAL|BACKSIDE ANNEAL|MEASURE BACKSIDE CONTACT|FINAL CLEAN|FINAL GEOMETRY CHECK|FINAL CD INSPECTION|FINAL PARTICLE INSPECTION|PARAMETRIC TEST|LEAKAGE TEST|SWITCHING TEST|WAFER SORT TEST|YIELD ANALYSIS|FINAL LOT RELEASE|SHIP LOT
valid_0021,RECEIVE WAFER LOT|LOT IDENTIFICATION|INITIAL WAFER INSPECTION|MEASURE SURFACE PARTICLES|PRE CLEAN WAFER|BACKSIDE CLEAN|FRONTSIDE CLEAN|RCA CLEAN 1|WET CLEAN RCA2|HF DIP|EPITAXIAL WAFER CHECK|MEASURE EPITAXY THICKNESS|MEASURE RESISTIVITY|EPITAXY PREP|OXIDE STRIP|MEASURE OXIDE THICKNESS|SPIN COAT PHOTORESIST|SOFT BAKE|ALIGN MASK LEVEL 1|EXPOSE LITHO LEVEL 1|DEVELOP PHOTORESIST|FIELD PATTERN INSPECTION|OXIDE ETCH DRY|STRIP RESIST|CLEAN AFTER OXIDE ETCH|MEASURE WINDOW CD|DEPOSIT PAD OXIDE|ANNEAL OXIDE|MEASURE FILM THICKNESS|SPIN COAT PHOTORESIST|SOFT BAKE|ALIGN MASK LEVEL 2|EXPOSE LITHO LEVEL 2|DEVELOP PHOTORESIST|VIA OPENING INSPECTION|VIA ETCH THROUGH DIELECTRIC|STRIP RESIST|CLEAN AFTER VIA ETCH|MEASURE VIA CD|DEPOSIT BARRIER METAL|DEPOSIT METAL SEED|FILL VIA METAL|CMP VIA FILL|MEASURE CONTACT RESISTANCE|DEPOSIT TOP METAL|ANNEAL METAL|SPIN COAT PHOTORESIST|SOFT BAKE|ALIGN MASK LEVEL 3|EXPOSE LITHO LEVEL 3|DEVELOP PHOTORESIST|METAL PATTERN INSPECTION|METAL ETCH DRY|STRIP RESIST|CLEAN AFTER METAL ETCH|MEASURE LINE WIDTH|DEPOSIT PASSIVATION LAYER|CURE PASSIVATION|MEASURE PASSIVATION QUALITY|OPEN PAD WINDOW|OPEN PAD WINDOW LITHO|DEVELOP PAD WINDOW|PASSIVATION ETCH PAD OPENING|STRIP RESIST|CLEAN PAD OPENING|MEASURE PAD OPENING|BACKSIDE CLEAN|BACKSIDE GRIND|MEASURE WAFER THICKNESS|BACKSIDE ETCH CLEAN|BACKSIDE RINSE|BACKSIDE DRY|BACKSIDE METALLIZATION PREP|DEPOSIT BACKSIDE METAL|BACKSIDE ANNEAL|MEASURE BACKSIDE CONTACT|FINAL CLEAN|FINAL GEOMETRY CHECK|FINAL CD INSPECTION|FINAL PARTICLE INSPECTION|PARAMETRIC TEST|LEAKAGE TEST|SWITCHING TEST|THRESHOLD VOLTAGE TEST|SWITCHING TEST|WAFER SORT TEST|YIELD ANALYSIS|FINAL LOT RELEASE|SHIP LOT
valid_0022,RECEIVE WAFER LOT|LOT IDENTIFICATION|PRE CLEAN INSPECTION|MEASURE INITIAL THICKNESS|MEASURE SURFACE PARTICLES|PRE CLEAN WAFER|BACKSIDE CLEAN|FRONTSIDE CLEAN|WET CLEAN RCA1|WET CLEAN RCA2|HF DIP|EPITAXIAL WAFER CHECK|MEASURE EPITAXY THICKNESS|MEASURE RESISTIVITY|EPITAXY PREP|OXIDE STRIP|MEASURE OXIDE THICKNESS|SPIN COAT PHOTORESIST|SOFT BAKE|ALIGN MASK LEVEL 1|EXPOSE LITHO LEVEL 1|DEVELOP PHOTORESIST|VIA OPENING INSPECTION|HARD BAKE|VIA ETCH THROUGH DIELECTRIC|STRIP RESIST|CLEAN AFTER VIA ETCH|MEASURE VIA CD|DEPOSIT BARRIER METAL|DEPOSIT METAL SEED|FILL VIA METAL|CMP METAL|MEASURE CONTACT RESISTANCE|DEPOSIT TOP METAL|ANNEAL METAL|MEASURE METAL THICKNESS|SPIN COAT PHOTORESIST|SOFT BAKE|ALIGN MASK LEVEL 2|EXPOSE LITHO LEVEL 2|DEVELOP PHOTORESIST|METAL PATTERN INSPECTION|METAL ETCH DRY|STRIP RESIST|CLEAN AFTER METAL ETCH|MEASURE LINE WIDTH|DEPOSIT PASSIVATION|CURE PASSIVATION|MEASURE PASSIVATION QUALITY|OPEN PAD WINDOW|PAD WINDOW LITHO|DEVELOP PAD WINDOW|PASSIVATION ETCH PAD OPENING|STRIP RESIST|CLEAN PAD OPENING|MEASURE PAD OPENING|BACKSIDE CLEAN|BACKSIDE GRIND|MEASURE WAFER THICKNESS|BACKSIDE ETCH CLEAN|BACKSIDE RINSE|BACKSIDE DRY|BACKSIDE METALLIZATION PREP|DEPOSIT BACKSIDE METAL|BACKSIDE ANNEAL|MEASURE BACKSIDE CONTACT|FINAL CLEAN|FINAL GEOMETRY CHECK|FINAL CD INSPECTION|FINAL PARTICLE INSPECTION|PARAMETRIC TEST|LEAKAGE TEST|SWITCHING TEST|WAFER SORT TEST|YIELD ANALYSIS|FINAL LOT RELEASE|SHIP LOT
valid_0023,RECEIVE WAFER LOT|LOT IDENTIFICATION|PRE CLEAN INSPECTION|MEASURE INITIAL THICKNESS|MEASURE SURFACE PARTICLES|PRE CLEAN WAFER|BACKSIDE CLEAN|FRONTSIDE CLEAN|WET CLEAN RCA1|WET CLEAN RCA2|HF DIP|EPITAXY PREP|EPITAXIAL DEPOSITION|MEASURE EPITAXY THICKNESS|MEASURE RESISTIVITY|EPITAXY ANNEAL|MEASURE JUNCTION PROFILE|THERMAL OXIDATION|MEASURE OXIDE THICKNESS|SPIN COAT PHOTORESIST|SOFT BAKE|ALIGN MASK LEVEL 1|EXPOSE LITHO LEVEL 1|DEVELOP PHOTORESIST|VIA OPENING INSPECTION|HARD BAKE|VIA ETCH|STRIP RESIST|CLEAN AFTER VIA ETCH|MEASURE VIA CD|DEPOSIT BARRIER METAL|DEPOSIT METAL SEED|FILL VIA METAL|CMP METAL|MEASURE CONTACT RESISTANCE|DEPOSIT TOP METAL|ANNEAL METAL|SPIN COAT PHOTORESIST|SOFT BAKE|ALIGN MASK LEVEL 2|EXPOSE LITHO LEVEL 2|DEVELOP PHOTORESIST|METAL PATTERN INSPECTION|METAL ETCH DRY|STRIP RESIST|CLEAN AFTER METAL ETCH|MEASURE LINE WIDTH|DEPOSIT PASSIVATION|CURE PASSIVATION|MEASURE PASSIVATION QUALITY|OPEN PAD WINDOW|PAD WINDOW LITHO|DEVELOP PAD WINDOW|PASSIVATION ETCH PAD OPENING|STRIP RESIST|CLEAN PAD OPENING|MEASURE PAD OPENING|BACKSIDE CLEAN|BACKSIDE GRIND|MEASURE WAFER THICKNESS|BACKSIDE ETCH CLEAN|BACKSIDE RINSE|BACKSIDE DRY|BACKSIDE METALLIZATION PREP|DEPOSIT BACKSIDE METAL|BACKSIDE ANNEAL|MEASURE BACKSIDE CONTACT|FINAL CLEAN|FINAL GEOMETRY CHECK|FINAL PARTICLE INSPECTION|PARAMETRIC TEST|LEAKAGE TEST|SWITCHING TEST|WAFER SORT TEST|YIELD ANALYSIS|FINAL LOT RELEASE|SHIP LOT
valid_0024,RECEIVE WAFER LOT|LOT IDENTIFICATION|INITIAL WAFER INSPECTION|MEASURE INITIAL THICKNESS|MEASURE SURFACE PARTICLES|PRE CLEAN WAFER|BACKSIDE CLEAN|FRONTSIDE CLEAN|WET CLEAN RCA1|RCA CLEAN 2|HF DIP|DRY WAFER|EPITAXIAL WAFER CHECK|MEASURE EPITAXY THICKNESS|MEASURE RESISTIVITY|EPITAXY PREP|OXIDE STRIP|MEASURE OXIDE THICKNESS|SPIN COAT PHOTORESIST|SOFT BAKE|ALIGN MASK LEVEL 1|EXPOSE LITHO LEVEL 1|DEVELOP PHOTORESIST|VIA OPENING INSPECTION|HARD BAKE|VIA ETCH THROUGH DIELECTRIC|STRIP RESIST|CLEAN AFTER VIA ETCH|MEASURE VIA CD|DEPOSIT BARRIER METAL|DEPOSIT METAL SEED|FILL VIA METAL|CMP METAL|MEASURE CONTACT RESISTANCE|DEPOSIT TOP METAL|ANNEAL METAL|MEASURE METAL THICKNESS|SPIN COAT PHOTORESIST|SOFT BAKE|ALIGN MASK LEVEL 2|EXPOSE LITHO LEVEL 2|DEVELOP PHOTORESIST|METAL PATTERN INSPECTION|METAL ETCH DRY|STRIP PHOTORESIST|CLEAN AFTER METAL ETCH|MEASURE LINE WIDTH|DEPOSIT PASSIVATION|CURE PASSIVATION|MEASURE PASSIVATION QUALITY|OPEN PAD WINDOW|PAD WINDOW LITHO|DEVELOP PAD WINDOW|PASSIVATION ETCH PAD OPENING|STRIP RESIST|CLEAN PAD OPENING|MEASURE PAD OPENING|BACKSIDE CLEAN|BACKSIDE GRIND|MEASURE WAFER THICKNESS|BACKSIDE ETCH CLEAN|BACKSIDE RINSE|BACKSIDE DRY|BACKSIDE METALLIZATION PREP|DEPOSIT BACKSIDE METAL|BACKSIDE ANNEAL|MEASURE BACKSIDE CONTACT|FINAL CLEAN|FINAL GEOMETRY CHECK|FINAL PARTICLE INSPECTION|ELECTRICAL PARAMETRIC TEST|LEAKAGE TEST|THRESHOLD VOLTAGE TEST|SWITCHING TEST|WAFER SORT TEST|YIELD ANALYSIS|FINAL LOT RELEASE|SHIP LOT
valid_0025,RECEIVE WAFER LOT|LOT IDENTIFICATION|INITIAL WAFER INSPECTION|MEASURE INITIAL THICKNESS|MEASURE SURFACE PARTICLES|PRE CLEAN WAFER|BACKSIDE CLEAN|FRONTSIDE CLEAN|WET CLEAN RCA1|RCA CLEAN 2|HF DIP|DRY WAFER|EPITAXY PREP|EPITAXIAL DEPOSITION|MEASURE EPITAXY THICKNESS|MEASURE RESISTIVITY|EPITAXY ANNEAL|MEASURE JUNCTION PROFILE|DEPOSIT PAD OXIDE|ANNEAL OXIDE|MEASURE OXIDE THICKNESS|SPIN COAT PHOTORESIST|SOFT BAKE|ALIGN MASK LEVEL 3|EXPOSE LITHO LEVEL 6|DEVELOP PHOTORESIST|VIA OPENING INSPECTION|VIA ETCH|STRIP RESIST|CLEAN AFTER VIA ETCH|MEASURE VIA CD|DEPOSIT BARRIER METAL|DEPOSIT METAL SEED|FILL VIA METAL|CMP VIA FILL|MEASURE CONTACT RESISTANCE|DEPOSIT TOP METAL|ANNEAL METAL|MEASURE METAL THICKNESS|SPIN COAT PHOTORESIST|SOFT BAKE|ALIGN MASK LEVEL 3|EXPOSE LITHO LEVEL 6|DEVELOP PHOTORESIST|METAL PATTERN INSPECTION|HARD BAKE|METAL ETCH DRY|STRIP RESIST|CLEAN AFTER METAL ETCH|DEPOSIT PASSIVATION|CURE PASSIVATION|MEASURE PASSIVATION QUALITY|OPEN PAD WINDOW|PAD WINDOW LITHO|DEVELOP PAD WINDOW|PASSIVATION ETCH PAD OPENING|STRIP RESIST|CLEAN PAD OPENING|MEASURE PAD OPENING|BACKSIDE CLEAN|BACKSIDE GRIND|MEASURE WAFER THICKNESS|BACKSIDE ETCH CLEAN|BACKSIDE RINSE|BACKSIDE DRY|BACKSIDE METALLIZATION PREP|DEPOSIT BACKSIDE METAL|BACKSIDE ANNEAL|MEASURE BACKSIDE CONTACT|FINAL CLEAN|FINAL GEOMETRY CHECK|FINAL PARTICLE INSPECTION|ELECTRICAL PARAMETRIC TEST|LEAKAGE TEST|THRESHOLD VOLTAGE TEST|SWITCHING TEST|WAFER SORT TEST|YIELD ANALYSIS|FINAL LOT RELEASE|SHIP LOT
valid_0026,BACKSIDE CLEAN|BACKSIDE GRIND|MEASURE WAFER THICKNESS|BACKSIDE ETCH CLEAN|BACKSIDE RINSE|BACKSIDE DRY|BACKSIDE METALLIZATION PREP|DEPOSIT BACKSIDE METAL|BACKSIDE ANNEAL|MEASURE BACKSIDE CONTACT|FINAL CLEAN|FINAL GEOMETRY CHECK|FINAL PARTICLE INSPECTION|ELECTRICAL PARAMETRIC TEST|LEAKAGE TEST|THRESHOLD VOLTAGE TEST|SWITCHING TEST|WAFER SORT TEST|YIELD ANALYSIS|FINAL LOT RELEASE|SHIP LOT
valid_0027,RECEIVE WAFER LOT|LOT IDENTIFICATION|PRE CLEAN INSPECTION|MEASURE INITIAL THICKNESS|PRE CLEAN WAFER|BACKSIDE CLEAN|FRONTSIDE CLEAN|WET CLEAN RCA1|WET CLEAN RCA2|HF DIP|DRY WAFER|EPITAXIAL WAFER CHECK|MEASURE EPITAXY THICKNESS|MEASURE RESISTIVITY|EPITAXY PREP|OXIDE STRIP|MEASURE OXIDE THICKNESS|SPIN COAT PHOTORESIST|SOFT BAKE|ALIGN MASK LEVEL 1|EXPOSE LITHO LEVEL 1|DEVELOP PHOTORESIST|HARD BAKE|METAL PATTERN INSPECTION|METAL ETCH DRY|STRIP RESIST|CLEAN AFTER METAL ETCH|MEASURE LINE WIDTH|DEPOSIT PASSIVATION|CURE PASSIVATION|MEASURE PASSIVATION QUALITY|OPEN PAD WINDOW|PAD WINDOW LITHO|DEVELOP PAD WINDOW|PASSIVATION ETCH PAD OPENING|STRIP RESIST|CLEAN PAD OPENING|MEASURE PAD OPENING|BACKSIDE CLEAN|BACKSIDE GRIND|MEASURE WAFER THICKNESS|BACKSIDE ETCH CLEAN|BACKSIDE RINSE|BACKSIDE DRY|BACKSIDE METALLIZATION PREP|DEPOSIT BACKSIDE METAL|BACKSIDE ANNEAL|MEASURE BACKSIDE CONTACT|FINAL CLEAN|FINAL GEOMETRY CHECK|FINAL PARTICLE INSPECTION|ELECTRICAL PARAMETRIC TEST|LEAKAGE TEST|THRESHOLD VOLTAGE TEST|SWITCHING TEST|WAFER SORT TEST|YIELD ANALYSIS|FINAL LOT RELEASE|SHIP LOT
valid_0028,RECEIVE WAFER LOT|LOT IDENTIFICATION|INITIAL WAFER INSPECTION|MEASURE SURFACE PARTICLES|PRE CLEAN WAFER|BACKSIDE CLEAN|FRONTSIDE CLEAN|RCA CLEAN 1|WET CLEAN RCA2|HF DIP|DRY WAFER|EPITAXY PREP|EPITAXIAL DEPOSITION|MEASURE EPITAXY THICKNESS|MEASURE RESISTIVITY|EPITAXY ANNEAL|MEASURE JUNCTION PROFILE|DEPOSIT PAD OXIDE|ANNEAL OXIDE|MEASURE FILM THICKNESS|SPIN COAT PHOTORESIST|SOFT BAKE|ALIGN MASK LEVEL 5|EXPOSE LITHO LEVEL 5|POST EXPOSE BAKE|DEVELOP PHOTORESIST|VIA OPENING INSPECTION|VIA ETCH THROUGH DIELECTRIC|STRIP RESIST|CLEAN AFTER VIA ETCH|MEASURE VIA CD|DEPOSIT BARRIER METAL|DEPOSIT TUNGSTEN SEED|FILL VIA TUNGSTEN|CMP METAL|MEASURE CONTACT RESISTANCE|DEPOSIT TOP METAL|ANNEAL METAL|SPIN COAT PHOTORESIST|SOFT BAKE|ALIGN MASK LEVEL 6|EXPOSE LITHO LEVEL 6|DEVELOP PHOTORESIST|METAL PATTERN INSPECTION|METAL ETCH DRY|STRIP PHOTORESIST|CLEAN AFTER METAL ETCH|MEASURE LINE WIDTH|DEPOSIT PASSIVATION|CURE PASSIVATION|MEASURE PASSIVATION QUALITY|OPEN PAD WINDOW|PAD WINDOW LITHO|DEVELOP PHOTORESIST|PASSIVATION ETCH PAD OPENING|STRIP RESIST|CLEAN PAD OPENING|MEASURE PAD OPENING|BACKSIDE CLEAN|BACKSIDE GRIND|MEASURE WAFER THICKNESS|BACKSIDE ETCH CLEAN|BACKSIDE RINSE|BACKSIDE DRY|BACKSIDE METALLIZATION PREP|DEPOSIT BACKSIDE METAL|BACKSIDE ANNEAL|MEASURE BACKSIDE CONTACT|FINAL CLEAN|FINAL GEOMETRY CHECK|FINAL PARTICLE INSPECTION|ELECTRICAL PARAMETRIC TEST|LEAKAGE TEST|THRESHOLD VOLTAGE TEST|SWITCHING TEST|WAFER SORT TEST|YIELD ANALYSIS|FINAL LOT RELEASE|SHIP LOT
valid_0029,RECEIVE WAFER LOT|LOT IDENTIFICATION|INITIAL WAFER INSPECTION|MEASURE SURFACE PARTICLES|PRE CLEAN WAFER|BACKSIDE CLEAN|FRONTSIDE CLEAN|RCA CLEAN 1|WET CLEAN RCA2|HF DIP|DRY WAFER|EPITAXIAL WAFER CHECK|MEASURE EPITAXY THICKNESS|MEASURE RESISTIVITY|EPITAXY PREP|OXIDE STRIP|MEASURE OXIDE THICKNESS|SPIN COAT PHOTORESIST|SOFT BAKE|ALIGN MASK LEVEL 1|EXPOSE LITHO LEVEL 1|DEVELOP PHOTORESIST|FIELD PATTERN INSPECTION|OXIDE ETCH DRY|STRIP RESIST|CLEAN AFTER OXIDE ETCH|MEASURE OPENING CD|DEPOSIT PAD OXIDE|ANNEAL OXIDE|MEASURE FILM THICKNESS|SPIN COAT PHOTORESIST|SOFT BAKE|ALIGN MASK LEVEL 2|EXPOSE LITHO LEVEL 2|DEVELOP PHOTORESIST|VIA INSPECTION|VIA ETCH|STRIP PHOTORESIST|CLEAN AFTER VIA ETCH|DEPOSIT BARRIER METAL|DEPOSIT METAL SEED|FILL VIA METAL|CMP METAL|MEASURE CONTACT RESISTANCE|DEPOSIT TOP METAL|ANNEAL METAL|SPIN COAT PHOTORESIST|SOFT BAKE|ALIGN MASK LEVEL 3|EXPOSE LITHO LEVEL 3|DEVELOP PHOTORESIST|METAL PATTERN INSPECTION|METAL ETCH DRY|STRIP PHOTORESIST|CLEAN AFTER METAL ETCH|MEASURE LINE WIDTH|DEPOSIT PASSIVATION LAYER|CURE PASSIVATION|MEASURE PASSIVATION QUALITY|OPEN PAD WINDOW|OPEN PAD WINDOW LITHO|DEVELOP PHOTORESIST|PASSIVATION ETCH PAD OPENING|STRIP RESIST|CLEAN PAD OPENING|MEASURE PAD OPENING|BACKSIDE CLEAN|BACKSIDE GRIND|MEASURE WAFER THICKNESS|BACKSIDE ETCH CLEAN|BACKSIDE RINSE|BACKSIDE DRY|BACKSIDE METALLIZATION PREP|DEPOSIT BACKSIDE METAL|BACKSIDE ANNEAL|MEASURE BACKSIDE CONTACT|FINAL CLEAN|FINAL GEOMETRY CHECK|FINAL PARTICLE INSPECTION|ELECTRICAL PARAMETRIC TEST|LEAKAGE TEST|THRESHOLD VOLTAGE TEST|SWITCHING TEST|WAFER SORT TEST|YIELD ANALYSIS|FINAL LOT RELEASE|SHIP LOT
valid_0030,RECEIVE WAFER LOT|LOT IDENTIFICATION|PRE CLEAN INSPECTION|PRE CLEAN WAFER|BACKSIDE CLEAN|FRONTSIDE CLEAN|WET CLEAN RCA1|WET CLEAN RCA2|HF DIP|DRY WAFER|EPITAXIAL WAFER CHECK|MEASURE EPITAXY THICKNESS|MEASURE RESISTIVITY|EPITAXY PREP|OXIDE STRIP|MEASURE OXIDE THICKNESS|SPIN COAT PHOTORESIST|SOFT BAKE|ALIGN MASK LEVEL 1|EXPOSE LITHO LEVEL 1|DEVELOP PHOTORESIST|VIA OPENING INSPECTION|VIA ETCH THROUGH DIELECTRIC|STRIP RESIST|CLEAN AFTER VIA ETCH|MEASURE VIA CD|DEPOSIT BARRIER METAL|DEPOSIT METAL SEED|FILL VIA METAL|CMP METAL|MEASURE CONTACT RESISTANCE|DEPOSIT TOP METAL|ANNEAL METAL|MEASURE METAL THICKNESS|SPIN COAT PHOTORESIST|SOFT BAKE|ALIGN MASK LEVEL 2|EXPOSE LITHO LEVEL 2|DEVELOP PHOTORESIST|METAL PATTERN INSPECTION|METAL ETCH DRY|STRIP RESIST|CLEAN AFTER METAL ETCH|MEASURE LINE WIDTH|DEPOSIT PASSIVATION|CURE PASSIVATION|MEASURE PASSIVATION QUALITY|OPEN PAD WINDOW|PAD WINDOW LITHO|DEVELOP PAD WINDOW|PASSIVATION ETCH PAD OPENING|STRIP RESIST|CLEAN PAD OPENING|MEASURE PAD OPENING|BACKSIDE CLEAN|BACKSIDE GRIND|MEASURE WAFER THICKNESS|BACKSIDE ETCH CLEAN|BACKSIDE RINSE|BACKSIDE DRY|BACKSIDE METALLIZATION PREP|DEPOSIT BACKSIDE METAL|BACKSIDE ANNEAL|MEASURE BACKSIDE CONTACT|FINAL CLEAN|FINAL GEOMETRY CHECK|FINAL PARTICLE INSPECTION|ELECTRICAL PARAMETRIC TEST|LEAKAGE TEST|THRESHOLD VOLTAGE TEST|SWITCHING TEST|WAFER SORT TEST|YIELD ANALYSIS|FINAL LOT RELEASE|SHIP LOT
valid_0031,BACKSIDE CLEAN|BACKSIDE GRIND|MEASURE WAFER THICKNESS|BACKSIDE ETCH CLEAN|BACKSIDE RINSE|BACKSIDE DRY|BACKSIDE METALLIZATION PREP|DEPOSIT BACKSIDE METAL|BACKSIDE ANNEAL|MEASURE BACKSIDE CONTACT|FINAL CLEAN|FINAL GEOMETRY CHECK|FINAL PARTICLE INSPECTION|ELECTRICAL PARAMETRIC TEST|LEAKAGE TEST|THRESHOLD VOLTAGE TEST|SWITCHING TEST|WAFER SORT TEST|YIELD ANALYSIS|FINAL LOT RELEASE|SHIP LOT
valid_0032,RECEIVE WAFER LOT|LOT IDENTIFICATION|PRE CLEAN INSPECTION|MEASURE INITIAL THICKNESS|MEASURE SURFACE PARTICLES|PRE CLEAN WAFER|BACKSIDE CLEAN|FRONTSIDE CLEAN|WET CLEAN RCA1|WET CLEAN RCA2|HF DIP|EPITAXIAL WAFER CHECK|MEASURE EPITAXY THICKNESS|MEASURE RESISTIVITY|EPITAXY PREP|OXIDE STRIP|MEASURE OXIDE THICKNESS|SPIN COAT PHOTORESIST|SOFT BAKE|ALIGN MASK LEVEL 1|EXPOSE LITHO LEVEL 1|DEVELOP PHOTORESIST|VIA OPENING INSPECTION|VIA ETCH THROUGH DIELECTRIC|STRIP RESIST|CLEAN AFTER VIA ETCH|MEASURE VIA CD|DEPOSIT BARRIER METAL|DEPOSIT METAL SEED|FILL VIA METAL|CMP METAL|MEASURE CONTACT RESISTANCE|DEPOSIT TOP METAL|ANNEAL METAL|MEASURE METAL THICKNESS|SPIN COAT PHOTORESIST|SOFT BAKE|ALIGN MASK LEVEL 2|EXPOSE LITHO LEVEL 2|DEVELOP PHOTORESIST|METAL PATTERN INSPECTION|METAL ETCH DRY|STRIP RESIST|CLEAN AFTER METAL ETCH|MEASURE LINE WIDTH|DEPOSIT PASSIVATION|CURE PASSIVATION|MEASURE PASSIVATION QUALITY|OPEN PAD WINDOW|PAD WINDOW LITHO|DEVELOP PAD WINDOW|PASSIVATION ETCH PAD OPENING|STRIP RESIST|CLEAN PAD OPENING|MEASURE PAD OPENING|BACKSIDE CLEAN|BACKSIDE GRIND|MEASURE WAFER THICKNESS|BACKSIDE ETCH CLEAN|BACKSIDE RINSE|BACKSIDE DRY|BACKSIDE METALLIZATION PREP|DEPOSIT BACKSIDE METAL|BACKSIDE ANNEAL|MEASURE BACKSIDE CONTACT|FINAL CLEAN|FINAL GEOMETRY CHECK|FINAL CD INSPECTION|FINAL PARTICLE INSPECTION|PARAMETRIC TEST|LEAKAGE TEST|SWITCHING TEST|WAFER SORT TEST|YIELD ANALYSIS|FINAL LOT RELEASE|SHIP LOT
valid_0033,RECEIVE WAFER LOT|LOT IDENTIFICATION|PRE CLEAN INSPECTION|MEASURE INITIAL THICKNESS|MEASURE SURFACE PARTICLES|PRE CLEAN WAFER|BACKSIDE CLEAN|FRONTSIDE CLEAN|WET CLEAN RCA1|WET CLEAN RCA2|HF DIP|EPITAXY PREP|EPITAXIAL DEPOSITION|MEASURE EPITAXY THICKNESS|MEASURE RESISTIVITY|EPITAXY ANNEAL|MEASURE JUNCTION PROFILE|DEPOSIT PAD OXIDE|ANNEAL OXIDE|MEASURE FILM THICKNESS|SPIN COAT PHOTORESIST|SOFT BAKE|ALIGN MASK LEVEL 3|EXPOSE LITHO LEVEL 6|DEVELOP PHOTORESIST|VIA OPENING INSPECTION|HARD BAKE|VIA ETCH THROUGH DIELECTRIC|STRIP RESIST|CLEAN AFTER VIA ETCH|MEASURE VIA CD|DEPOSIT BARRIER METAL|DEPOSIT METAL SEED|FILL VIA METAL|CMP VIA FILL|MEASURE CONTACT RESISTANCE|DEPOSIT TOP METAL|ANNEAL METAL|SPIN COAT PHOTORESIST|SOFT BAKE|ALIGN MASK LEVEL 3|EXPOSE LITHO LEVEL 6|DEVELOP PHOTORESIST|METAL PATTERN INSPECTION|HARD BAKE|METAL ETCH DRY|STRIP RESIST|CLEAN AFTER METAL ETCH|MEASURE LINE WIDTH|DEPOSIT PASSIVATION|CURE PASSIVATION|MEASURE PASSIVATION QUALITY|OPEN PAD WINDOW|PAD WINDOW LITHO|DEVELOP PHOTORESIST|PASSIVATION ETCH PAD OPENING|STRIP RESIST|CLEAN PAD OPENING|MEASURE PAD OPENING|BACKSIDE CLEAN|BACKSIDE GRIND|MEASURE WAFER THICKNESS|BACKSIDE ETCH CLEAN|BACKSIDE RINSE|BACKSIDE DRY|BACKSIDE METALLIZATION PREP|DEPOSIT BACKSIDE METAL|BACKSIDE ANNEAL|MEASURE BACKSIDE CONTACT|FINAL CLEAN|FINAL GEOMETRY CHECK|FINAL CD INSPECTION|FINAL PARTICLE INSPECTION|PARAMETRIC TEST|LEAKAGE TEST|SWITCHING TEST|THRESHOLD VOLTAGE TEST|SWITCHING TEST|WAFER SORT TEST|YIELD ANALYSIS|FINAL LOT RELEASE|SHIP LOT
valid_0034,RECEIVE WAFER LOT|LOT IDENTIFICATION|PRE CLEAN INSPECTION|MEASURE INITIAL THICKNESS|MEASURE SURFACE PARTICLES|PRE CLEAN WAFER|BACKSIDE CLEAN|FRONTSIDE CLEAN|RCA CLEAN 1|RCA CLEAN 2|HF DIP|DRY WAFER|EPITAXIAL WAFER CHECK|MEASURE EPITAXY THICKNESS|MEASURE RESISTIVITY|EPITAXY PREP|OXIDE STRIP|MEASURE OXIDE THICKNESS|SPIN COAT PHOTORESIST|SOFT BAKE|ALIGN MASK LEVEL 1|EXPOSE LITHO LEVEL 1|DEVELOP PHOTORESIST|VIA OPENING INSPECTION|VIA ETCH THROUGH DIELECTRIC|STRIP RESIST|CLEAN AFTER VIA ETCH|MEASURE VIA CD|DEPOSIT BARRIER METAL|DEPOSIT METAL SEED|FILL VIA METAL|CMP METAL|MEASURE CONTACT RESISTANCE|DEPOSIT TOP METAL|ANNEAL METAL|MEASURE METAL THICKNESS|SPIN COAT PHOTORESIST|SOFT BAKE|ALIGN MASK LEVEL 2|EXPOSE LITHO LEVEL 2|DEVELOP PHOTORESIST|METAL PATTERN INSPECTION|METAL ETCH DRY|STRIP RESIST|CLEAN AFTER METAL ETCH|MEASURE LINE WIDTH|DEPOSIT PASSIVATION|CURE PASSIVATION|MEASURE PASSIVATION QUALITY|OPEN PAD WINDOW|PAD WINDOW LITHO|DEVELOP PAD WINDOW|PASSIVATION ETCH PAD OPENING|STRIP RESIST|CLEAN PAD OPENING|MEASURE PAD OPENING|BACKSIDE CLEAN|BACKSIDE GRIND|MEASURE WAFER THICKNESS|BACKSIDE ETCH CLEAN|BACKSIDE RINSE|BACKSIDE DRY|BACKSIDE METALLIZATION PREP|DEPOSIT BACKSIDE METAL|BACKSIDE ANNEAL|MEASURE BACKSIDE CONTACT|FINAL CLEAN|FINAL GEOMETRY CHECK|FINAL PARTICLE INSPECTION|ELECTRICAL PARAMETRIC TEST|LEAKAGE TEST|THRESHOLD VOLTAGE TEST|SWITCHING TEST|WAFER SORT TEST|YIELD ANALYSIS|FINAL LOT RELEASE|SHIP LOT
valid_0035,RECEIVE WAFER LOT|LOT IDENTIFICATION|PRE CLEAN INSPECTION|MEASURE INITIAL THICKNESS|MEASURE SURFACE PARTICLES|PRE CLEAN WAFER|BACKSIDE CLEAN|FRONTSIDE CLEAN|RCA CLEAN 1|RCA CLEAN 2|HF DIP|DRY WAFER|EPITAXIAL WAFER CHECK|MEASURE EPITAXY THICKNESS|MEASURE RESISTIVITY|EPITAXY PREP|OXIDE STRIP|MEASURE OXIDE THICKNESS|SPIN COAT PHOTORESIST|SOFT BAKE|ALIGN MASK LEVEL 1|EXPOSE LITHO LEVEL 1|DEVELOP PHOTORESIST|FIELD PATTERN INSPECTION|OXIDE ETCH DRY|STRIP RESIST|CLEAN AFTER OXIDE ETCH|MEASURE OPENING CD|DEPOSIT PAD OXIDE|ANNEAL OXIDE|MEASURE FILM THICKNESS|SPIN COAT PHOTORESIST|SOFT BAKE|ALIGN MASK LEVEL 2|EXPOSE LITHO LEVEL 2|DEVELOP PHOTORESIST|VIA INSPECTION|VIA ETCH|STRIP PHOTORESIST|CLEAN AFTER VIA ETCH|MEASURE VIA CD|DEPOSIT BARRIER METAL|DEPOSIT METAL SEED|FILL VIA METAL|CMP METAL|MEASURE CONTACT RESISTANCE|DEPOSIT TOP METAL|ANNEAL METAL|SPIN COAT PHOTORESIST|SOFT BAKE|ALIGN MASK LEVEL 3|EXPOSE LITHO LEVEL 3|DEVELOP PHOTORESIST|METAL PATTERN INSPECTION|HARD BAKE|METAL ETCH DRY|STRIP RESIST|CLEAN AFTER METAL ETCH|MEASURE LINE WIDTH|DEPOSIT PASSIVATION|CURE PASSIVATION|MEASURE PASSIVATION QUALITY|OPEN PAD WINDOW|OPEN PAD WINDOW LITHO|DEVELOP PAD WINDOW|PASSIVATION ETCH PAD OPENING|STRIP RESIST|CLEAN PAD OPENING|MEASURE PAD OPENING|BACKSIDE CLEAN|BACKSIDE GRIND|MEASURE WAFER THICKNESS|BACKSIDE ETCH CLEAN|BACKSIDE RINSE|BACKSIDE DRY|BACKSIDE METALLIZATION PREP|DEPOSIT BACKSIDE METAL|BACKSIDE ANNEAL|MEASURE BACKSIDE CONTACT|FINAL CLEAN|FINAL GEOMETRY CHECK|FINAL PARTICLE INSPECTION|ELECTRICAL PARAMETRIC TEST|LEAKAGE TEST|THRESHOLD VOLTAGE TEST|SWITCHING TEST|WAFER SORT TEST|YIELD ANALYSIS|FINAL LOT RELEASE|SHIP LOT
valid_0036,RECEIVE WAFER LOT|LOT IDENTIFICATION|INITIAL WAFER INSPECTION|MEASURE INITIAL THICKNESS|MEASURE SURFACE PARTICLES|PRE CLEAN WAFER|BACKSIDE CLEAN|FRONTSIDE CLEAN|RCA CLEAN 1|WET CLEAN RCA2|HF DIP|EPITAXIAL WAFER CHECK|MEASURE EPITAXY THICKNESS|MEASURE RESISTIVITY|EPITAXY PREP|OXIDE STRIP|MEASURE OXIDE THICKNESS|SPIN COAT PHOTORESIST|SOFT BAKE|ALIGN MASK LEVEL 1|EXPOSE LITHO LEVEL 1|DEVELOP PHOTORESIST|VIA OPENING INSPECTION|VIA ETCH THROUGH DIELECTRIC|STRIP RESIST|CLEAN AFTER VIA ETCH|MEASURE VIA CD|DEPOSIT BARRIER METAL|DEPOSIT METAL SEED|FILL VIA METAL|CMP VIA FILL|MEASURE CONTACT RESISTANCE|DEPOSIT TOP METAL|ANNEAL METAL|SPIN COAT PHOTORESIST|SOFT BAKE|ALIGN MASK LEVEL 2|EXPOSE LITHO LEVEL 2|DEVELOP PHOTORESIST|METAL PATTERN INSPECTION|METAL ETCH DRY|STRIP PHOTORESIST|CLEAN AFTER METAL ETCH|MEASURE LINE WIDTH|DEPOSIT PASSIVATION|CURE PASSIVATION|MEASURE PASSIVATION QUALITY|OPEN PAD WINDOW|PAD WINDOW LITHO|DEVELOP PAD WINDOW|PASSIVATION ETCH PAD OPENING|STRIP RESIST|CLEAN PAD OPENING|MEASURE PAD OPENING|BACKSIDE CLEAN|BACKSIDE GRIND|MEASURE WAFER THICKNESS|BACKSIDE ETCH CLEAN|BACKSIDE RINSE|BACKSIDE DRY|BACKSIDE METALLIZATION PREP|DEPOSIT BACKSIDE METAL|BACKSIDE ANNEAL|MEASURE BACKSIDE CONTACT|FINAL CLEAN|FINAL GEOMETRY CHECK|FINAL CD INSPECTION|FINAL PARTICLE INSPECTION|PARAMETRIC TEST|LEAKAGE TEST|SWITCHING TEST|WAFER SORT TEST|YIELD ANALYSIS|FINAL LOT RELEASE|SHIP LOT
valid_0037,RECEIVE WAFER LOT|LOT IDENTIFICATION|INITIAL WAFER INSPECTION|MEASURE INITIAL THICKNESS|MEASURE SURFACE PARTICLES|PRE CLEAN WAFER|BACKSIDE CLEAN|FRONTSIDE CLEAN|RCA CLEAN 1|WET CLEAN RCA2|HF DIP|EPITAXY PREP|EPITAXIAL DEPOSITION|MEASURE EPITAXY THICKNESS|MEASURE RESISTIVITY|EPITAXY ANNEAL|MEASURE JUNCTION PROFILE|DEPOSIT PAD OXIDE|ANNEAL OXIDE|MEASURE OXIDE THICKNESS|SPIN COAT PHOTORESIST|SOFT BAKE|ALIGN MASK LEVEL 3|EXPOSE LITHO LEVEL 6|DEVELOP PHOTORESIST|VIA OPENING INSPECTION|VIA ETCH|STRIP PHOTORESIST|CLEAN AFTER VIA ETCH|MEASURE VIA CD|DEPOSIT BARRIER METAL|DEPOSIT METAL SEED|FILL VIA METAL|CMP VIA FILL|MEASURE CONTACT RESISTANCE|DEPOSIT TOP METAL|ANNEAL METAL|MEASURE METAL THICKNESS|SPIN COAT PHOTORESIST|SOFT BAKE|ALIGN MASK LEVEL 3|EXPOSE LITHO LEVEL 6|DEVELOP PHOTORESIST|METAL PATTERN INSPECTION|METAL ETCH DRY|STRIP PHOTORESIST|CLEAN AFTER METAL ETCH|DEPOSIT PASSIVATION|CURE PASSIVATION|MEASURE PASSIVATION QUALITY|OPEN PAD WINDOW|PAD WINDOW LITHO|DEVELOP PAD WINDOW|PASSIVATION ETCH PAD OPENING|STRIP RESIST|CLEAN PAD OPENING|MEASURE PAD OPENING|BACKSIDE CLEAN|BACKSIDE GRIND|MEASURE WAFER THICKNESS|BACKSIDE ETCH CLEAN|BACKSIDE RINSE|BACKSIDE DRY|BACKSIDE METALLIZATION PREP|DEPOSIT BACKSIDE METAL|BACKSIDE ANNEAL|MEASURE BACKSIDE CONTACT|FINAL CLEAN|FINAL GEOMETRY CHECK|FINAL CD INSPECTION|FINAL PARTICLE INSPECTION|PARAMETRIC TEST|LEAKAGE TEST|SWITCHING TEST|THRESHOLD VOLTAGE TEST|SWITCHING TEST|WAFER SORT TEST|YIELD ANALYSIS|FINAL LOT RELEASE|SHIP LOT
valid_0038,RECEIVE WAFER LOT|LOT IDENTIFICATION|INITIAL WAFER INSPECTION|MEASURE INITIAL THICKNESS|MEASURE SURFACE PARTICLES|PRE CLEAN WAFER|BACKSIDE CLEAN|FRONTSIDE CLEAN|RCA CLEAN 1|RCA CLEAN 2|HF DIP|DRY WAFER|EPITAXIAL WAFER CHECK|MEASURE EPITAXY THICKNESS|MEASURE RESISTIVITY|EPITAXY PREP|OXIDE STRIP|MEASURE OXIDE THICKNESS|SPIN COAT PHOTORESIST|SOFT BAKE|ALIGN MASK LEVEL 1|EXPOSE LITHO LEVEL 1|DEVELOP PHOTORESIST|VIA OPENING INSPECTION|HARD BAKE|VIA ETCH THROUGH DIELECTRIC|STRIP RESIST|CLEAN AFTER VIA ETCH|MEASURE VIA CD|DEPOSIT BARRIER METAL|DEPOSIT METAL SEED|FILL VIA METAL|CMP METAL|MEASURE CONTACT RESISTANCE|DEPOSIT TOP METAL|ANNEAL METAL|SPIN COAT PHOTORESIST|SOFT BAKE|ALIGN MASK LEVEL 2|EXPOSE LITHO LEVEL 2|DEVELOP PHOTORESIST|METAL PATTERN INSPECTION|METAL ETCH DRY|STRIP RESIST|CLEAN AFTER METAL ETCH|MEASURE LINE WIDTH|DEPOSIT PASSIVATION|CURE PASSIVATION|MEASURE PASSIVATION QUALITY|OPEN PAD WINDOW|PAD WINDOW LITHO|DEVELOP PAD WINDOW|PASSIVATION ETCH PAD OPENING|STRIP RESIST|CLEAN PAD OPENING|MEASURE PAD OPENING|BACKSIDE CLEAN|BACKSIDE GRIND|MEASURE WAFER THICKNESS|BACKSIDE ETCH CLEAN|BACKSIDE RINSE|BACKSIDE DRY|BACKSIDE METALLIZATION PREP|DEPOSIT BACKSIDE METAL|BACKSIDE ANNEAL|MEASURE BACKSIDE CONTACT|FINAL CLEAN|FINAL GEOMETRY CHECK|FINAL PARTICLE INSPECTION|ELECTRICAL PARAMETRIC TEST|LEAKAGE TEST|THRESHOLD VOLTAGE TEST|SWITCHING TEST|WAFER SORT TEST|YIELD ANALYSIS|FINAL LOT RELEASE|SHIP LOT
valid_0039,RECEIVE WAFER LOT|LOT IDENTIFICATION|INITIAL WAFER INSPECTION|MEASURE INITIAL THICKNESS|MEASURE SURFACE PARTICLES|PRE CLEAN WAFER|BACKSIDE CLEAN|FRONTSIDE CLEAN|RCA CLEAN 1|RCA CLEAN 2|HF DIP|DRY WAFER|EPITAXY PREP|EPITAXIAL DEPOSITION|MEASURE EPITAXY THICKNESS|MEASURE RESISTIVITY|EPITAXY ANNEAL|SPIN COAT PHOTORESIST|SOFT BAKE|ALIGN MASK LEVEL 1|EXPOSE LITHO LEVEL 1|DEVELOP PHOTORESIST|FIELD PATTERN INSPECTION|METAL ETCH DRY|STRIP RESIST|CLEAN AFTER FIELD ETCH|MEASURE WINDOW CD|DEPOSIT POLYSILICON|POLYSILICON ANNEAL|MEASURE POLY THICKNESS|SPIN COAT PHOTORESIST|SOFT BAKE|ALIGN MASK LEVEL 2|EXPOSE LITHO LEVEL 2|DEVELOP PHOTORESIST|POLY PATTERN INSPECTION|POLYSILICON ETCH DRY|STRIP RESIST|CLEAN AFTER POLY ETCH|MEASURE LINE WIDTH|DEPOSIT PASSIVATION|CURE PASSIVATION|MEASURE PASSIVATION QUALITY|OPEN PAD WINDOW|PAD WINDOW LITHO|DEVELOP PAD WINDOW|PASSIVATION ETCH PAD OPENING|STRIP RESIST|CLEAN PAD OPENING|MEASURE PAD OPENING|BACKSIDE CLEAN|BACKSIDE GRIND|MEASURE WAFER THICKNESS|BACKSIDE ETCH CLEAN|BACKSIDE RINSE|BACKSIDE DRY|BACKSIDE METALLIZATION PREP|DEPOSIT BACKSIDE METAL|BACKSIDE ANNEAL|MEASURE BACKSIDE CONTACT|FINAL CLEAN|FINAL GEOMETRY CHECK|FINAL PARTICLE INSPECTION|ELECTRICAL PARAMETRIC TEST|LEAKAGE TEST|THRESHOLD VOLTAGE TEST|SWITCHING TEST|WAFER SORT TEST|YIELD ANALYSIS|FINAL LOT RELEASE|SHIP LOT
valid_0040,RECEIVE WAFER LOT|LOT IDENTIFICATION|PRE CLEAN INSPECTION|MEASURE INITIAL THICKNESS|MEASURE SURFACE PARTICLES|PRE CLEAN WAFER|BACKSIDE CLEAN|FRONTSIDE CLEAN|RCA CLEAN 1|RCA CLEAN 2|HF DIP|EPITAXIAL WAFER CHECK|MEASURE EPITAXY THICKNESS|MEASURE RESISTIVITY|EPITAXY PREP|OXIDE STRIP|MEASURE OXIDE THICKNESS|SPIN COAT PHOTORESIST|SOFT BAKE|ALIGN MASK LEVEL 1|EXPOSE LITHO LEVEL 1|DEVELOP PHOTORESIST|VIA OPENING INSPECTION|VIA ETCH THROUGH DIELECTRIC|STRIP RESIST|CLEAN AFTER VIA ETCH|MEASURE VIA CD|DEPOSIT BARRIER METAL|DEPOSIT METAL SEED|FILL VIA METAL|CMP VIA FILL|MEASURE CONTACT RESISTANCE|DEPOSIT TOP METAL|ANNEAL METAL|SPIN COAT PHOTORESIST|SOFT BAKE|ALIGN MASK LEVEL 2|EXPOSE LITHO LEVEL 2|DEVELOP PHOTORESIST|METAL PATTERN INSPECTION|METAL ETCH DRY|STRIP PHOTORESIST|CLEAN AFTER METAL ETCH|MEASURE LINE WIDTH|DEPOSIT PASSIVATION|CURE PASSIVATION|MEASURE PASSIVATION QUALITY|OPEN PAD WINDOW|PAD WINDOW LITHO|DEVELOP PAD WINDOW|PASSIVATION ETCH PAD OPENING|STRIP RESIST|CLEAN PAD OPENING|MEASURE PAD OPENING|BACKSIDE CLEAN|BACKSIDE GRIND|MEASURE WAFER THICKNESS|BACKSIDE ETCH CLEAN|BACKSIDE RINSE|BACKSIDE DRY|BACKSIDE METALLIZATION PREP|DEPOSIT BACKSIDE METAL|BACKSIDE ANNEAL|MEASURE BACKSIDE CONTACT|FINAL CLEAN|FINAL GEOMETRY CHECK|FINAL CD INSPECTION|FINAL PARTICLE INSPECTION|PARAMETRIC TEST|LEAKAGE TEST|SWITCHING TEST|WAFER SORT TEST|YIELD ANALYSIS|FINAL LOT RELEASE|SHIP LOT
valid_0041,RECEIVE WAFER LOT|LOT IDENTIFICATION|PRE CLEAN INSPECTION|MEASURE INITIAL THICKNESS|MEASURE SURFACE PARTICLES|PRE CLEAN WAFER|BACKSIDE CLEAN|FRONTSIDE CLEAN|RCA CLEAN 1|RCA CLEAN 2|HF DIP|EPITAXY PREP|EPITAXIAL DEPOSITION|MEASURE EPITAXY THICKNESS|MEASURE RESISTIVITY|EPITAXY ANNEAL|MEASURE JUNCTION PROFILE|DEPOSIT PAD OXIDE|ANNEAL OXIDE|MEASURE FILM THICKNESS|SPIN COAT PHOTORESIST|SOFT BAKE|ALIGN MASK LEVEL 1|EXPOSE LITHO LEVEL 1|DEVELOP PHOTORESIST|VIA OPENING INSPECTION|VIA ETCH|STRIP RESIST|CLEAN AFTER VIA ETCH|MEASURE VIA CD|DEPOSIT BARRIER METAL|DEPOSIT METAL SEED|FILL VIA METAL|CMP VIA FILL|MEASURE CONTACT RESISTANCE|DEPOSIT TOP METAL|ANNEAL METAL|SPIN COAT PHOTORESIST|SOFT BAKE|ALIGN MASK LEVEL 2|EXPOSE LITHO LEVEL 2|DEVELOP PHOTORESIST|METAL PATTERN INSPECTION|HARD BAKE|METAL ETCH DRY|STRIP RESIST|CLEAN AFTER METAL ETCH|MEASURE LINE WIDTH|DEPOSIT PASSIVATION|CURE PASSIVATION|MEASURE PASSIVATION QUALITY|OPEN PAD WINDOW|PAD WINDOW LITHO|DEVELOP PHOTORESIST|PASSIVATION ETCH PAD OPENING|STRIP RESIST|CLEAN PAD OPENING|MEASURE PAD OPENING|BACKSIDE CLEAN|BACKSIDE GRIND|MEASURE WAFER THICKNESS|BACKSIDE ETCH CLEAN|BACKSIDE RINSE|BACKSIDE DRY|BACKSIDE METALLIZATION PREP|DEPOSIT BACKSIDE METAL|BACKSIDE ANNEAL|MEASURE BACKSIDE CONTACT|FINAL CLEAN|FINAL GEOMETRY CHECK|FINAL PARTICLE INSPECTION|PARAMETRIC TEST|LEAKAGE TEST|SWITCHING TEST|WAFER SORT TEST|YIELD ANALYSIS|FINAL LOT RELEASE|SHIP LOT
valid_0042,RECEIVE WAFER LOT|LOT IDENTIFICATION|INITIAL WAFER INSPECTION|MEASURE INITIAL THICKNESS|MEASURE SURFACE PARTICLES|PRE CLEAN WAFER|BACKSIDE CLEAN|FRONTSIDE CLEAN|WET CLEAN RCA1|WET CLEAN RCA2|HF DIP|EPITAXY PREP|EPITAXIAL DEPOSITION|MEASURE EPITAXY THICKNESS|MEASURE RESISTIVITY|EPITAXY ANNEAL|MEASURE JUNCTION PROFILE|DEPOSIT PAD OXIDE|ANISOTROPIC ETCH SPACER|MEASURE GATE OXIDE THICKNESS|SPIN COAT PHOTORESIST|SOFT BAKE|ALIGN MASK LEVEL 5|EXPOSE LITHO LEVEL 5|DEVELOP PHOTORESIST|VIA OPENING INSPECTION|VIA ETCH THROUGH DIELECTRIC|STRIP RESIST|CLEAN AFTER VIA ETCH|MEASURE VIA CD|DEPOSIT BARRIER METAL|DEPOSIT METAL SEED|FILL VIA METAL|CMP METAL|MEASURE CONTACT RESISTANCE|DEPOSIT TOP METAL|ANNEAL METAL|MEASURE METAL THICKNESS|SPIN COAT PHOTORESIST|SOFT BAKE|ALIGN MASK LEVEL 6|EXPOSE LITHO LEVEL 6|DEVELOP PHOTORESIST|METAL PATTERN INSPECTION|METAL ETCH DRY|STRIP PHOTORESIST|CLEAN AFTER METAL ETCH|MEASURE LINE WIDTH|DEPOSIT PASSIVATION|CURE PASSIVATION|MEASURE PASSIVATION QUALITY|OPEN PAD WINDOW|PAD WINDOW LITHO|DEVELOP PAD WINDOW|PASSIVATION ETCH PAD OPENING|STRIP RESIST|CLEAN PAD OPENING|MEASURE PAD OPENING|BACKSIDE CLEAN|BACKSIDE GRIND|MEASURE WAFER THICKNESS|BACKSIDE ETCH CLEAN|BACKSIDE RINSE|BACKSIDE DRY|BACKSIDE METALLIZATION PREP|DEPOSIT BACKSIDE METAL|BACKSIDE ANNEAL|MEASURE BACKSIDE CONTACT|FINAL CLEAN|FINAL GEOMETRY CHECK|FINAL CD INSPECTION|FINAL PARTICLE INSPECTION|PARAMETRIC TEST|LEAKAGE TEST|SWITCHING TEST|THRESHOLD VOLTAGE TEST|SWITCHING TEST|WAFER SORT TEST|YIELD ANALYSIS|FINAL LOT RELEASE|SHIP LOT
valid_0043,RECEIVE WAFER LOT|LOT IDENTIFICATION|INITIAL WAFER INSPECTION|MEASURE INITIAL THICKNESS|MEASURE SURFACE PARTICLES|PRE CLEAN WAFER|BACKSIDE CLEAN|FRONTSIDE CLEAN|WET CLEAN RCA1|WET CLEAN RCA2|HF DIP|EPITAXY PREP|EPITAXIAL DEPOSITION|MEASURE EPITAXY THICKNESS|MEASURE RESISTIVITY|EPITAXY ANNEAL|MEASURE JUNCTION PROFILE|THERMAL OXIDATION|MEASURE OXIDE THICKNESS|SPIN COAT PHOTORESIST|SOFT BAKE|ALIGN MASK LEVEL 1|EXPOSE LITHO LEVEL 1|DEVELOP PHOTORESIST|VIA OPENING INSPECTION|VIA ETCH|STRIP RESIST|CLEAN AFTER VIA ETCH|MEASURE VIA CD|DEPOSIT BARRIER METAL|DEPOSIT METAL SEED|FILL VIA METAL|CMP VIA FILL|MEASURE CONTACT RESISTANCE|DEPOSIT TOP METAL|ANNEAL METAL|MEASURE METAL THICKNESS|SPIN COAT PHOTORESIST|SOFT BAKE|ALIGN MASK LEVEL 2|EXPOSE LITHO LEVEL 2|DEVELOP PHOTORESIST|METAL PATTERN INSPECTION|METAL ETCH DRY|STRIP RESIST|CLEAN AFTER METAL ETCH|MEASURE LINE WIDTH|DEPOSIT PASSIVATION|CURE PASSIVATION|MEASURE PASSIVATION QUALITY|OPEN PAD WINDOW|PAD WINDOW LITHO|DEVELOP PAD WINDOW|PASSIVATION ETCH PAD OPENING|STRIP RESIST|CLEAN PAD OPENING|MEASURE PAD OPENING|BACKSIDE CLEAN|BACKSIDE GRIND|MEASURE WAFER THICKNESS|BACKSIDE ETCH CLEAN|BACKSIDE RINSE|BACKSIDE DRY|BACKSIDE METALLIZATION PREP|DEPOSIT BACKSIDE METAL|BACKSIDE ANNEAL|MEASURE BACKSIDE CONTACT|FINAL CLEAN|FINAL GEOMETRY CHECK|FINAL PARTICLE INSPECTION|PARAMETRIC TEST|LEAKAGE TEST|SWITCHING TEST|THRESHOLD VOLTAGE TEST|SWITCHING TEST|WAFER SORT TEST|YIELD ANALYSIS|FINAL LOT RELEASE|SHIP LOT
valid_0044,DEPOSIT BARRIER METAL|DEPOSIT TUNGSTEN SEED|FILL VIA TUNGSTEN|CMP VIA FILL|MEASURE CONTACT RESISTANCE|DEPOSIT TOP METAL|ANNEAL METAL|MEASURE METAL THICKNESS|SPIN COAT PHOTORESIST|SOFT BAKE|ALIGN MASK LEVEL 5|EXPOSE LITHO LEVEL 5|DEVELOP PHOTORESIST|METAL PATTERN INSPECTION|METAL ETCH DRY|STRIP RESIST|CLEAN AFTER METAL ETCH|MEASURE LINE WIDTH|DEPOSIT PASSIVATION|CURE PASSIVATION|MEASURE PASSIVATION QUALITY|OPEN PAD WINDOW|PAD WINDOW LITHO|DEVELOP PAD WINDOW|PASSIVATION ETCH PAD OPENING|STRIP RESIST|CLEAN PAD OPENING|MEASURE PAD OPENING|BACKSIDE CLEAN|BACKSIDE GRIND|MEASURE WAFER THICKNESS|BACKSIDE ETCH CLEAN|BACKSIDE RINSE|BACKSIDE DRY|BACKSIDE METALLIZATION PREP|DEPOSIT BACKSIDE METAL|BACKSIDE ANNEAL|MEASURE BACKSIDE CONTACT|FINAL CLEAN|FINAL GEOMETRY CHECK|FINAL PARTICLE INSPECTION|ELECTRICAL PARAMETRIC TEST|LEAKAGE TEST|THRESHOLD VOLTAGE TEST|SWITCHING TEST|WAFER SORT TEST|YIELD ANALYSIS|FINAL LOT RELEASE|SHIP LOT
valid_0045,RECEIVE WAFER LOT|LOT IDENTIFICATION|INITIAL WAFER INSPECTION|MEASURE INITIAL THICKNESS|MEASURE SURFACE PARTICLES|PRE CLEAN WAFER|BACKSIDE CLEAN|FRONTSIDE CLEAN|RCA CLEAN 1|WET CLEAN RCA2|HF DIP|DRY WAFER|EPITAXY PREP|EPITAXIAL DEPOSITION|MEASURE EPITAXY THICKNESS|MEASURE RESISTIVITY|EPITAXY ANNEAL|MEASURE JUNCTION PROFILE|DEPOSIT PAD OXIDE|ANNEAL OXIDE|MEASURE FILM THICKNESS|SPIN COAT PHOTORESIST|SOFT BAKE|ALIGN MASK LEVEL 3|EXPOSE LITHO LEVEL 6|DEVELOP PHOTORESIST|VIA OPENING INSPECTION|HARD BAKE|VIA ETCH|STRIP RESIST|CLEAN AFTER VIA ETCH|MEASURE VIA CD|DEPOSIT PASSIVATION|CURE PASSIVATION|MEASURE PASSIVATION QUALITY|OPEN PAD WINDOW|PAD WINDOW LITHO|DEVELOP PAD WINDOW|PASSIVATION ETCH PAD OPENING|STRIP RESIST|CLEAN PAD OPENING|MEASURE PAD OPENING|BACKSIDE CLEAN|BACKSIDE GRIND|MEASURE WAFER THICKNESS|BACKSIDE ETCH CLEAN|BACKSIDE RINSE|BACKSIDE DRY|BACKSIDE METALLIZATION PREP|DEPOSIT BACKSIDE METAL|BACKSIDE ANNEAL|MEASURE BACKSIDE CONTACT|FINAL CLEAN|FINAL GEOMETRY CHECK|FINAL PARTICLE INSPECTION|ELECTRICAL PARAMETRIC TEST|LEAKAGE TEST|THRESHOLD VOLTAGE TEST|SWITCHING TEST|WAFER SORT TEST|YIELD ANALYSIS|FINAL LOT RELEASE|SHIP LOT
valid_0046,RECEIVE WAFER LOT|LOT IDENTIFICATION|PRE CLEAN INSPECTION|MEASURE INITIAL THICKNESS|MEASURE SURFACE PARTICLES|PRE CLEAN WAFER|BACKSIDE CLEAN|FRONTSIDE CLEAN|WET CLEAN RCA1|RCA CLEAN 2|HF DIP|EPITAXY PREP|EPITAXIAL DEPOSITION|MEASURE EPITAXY THICKNESS|MEASURE RESISTIVITY|EPITAXY ANNEAL|MEASURE JUNCTION PROFILE|DEPOSIT PAD OXIDE|ANISOTROPIC ETCH SPACER|MEASURE GATE OXIDE THICKNESS|SPIN COAT PHOTORESIST|SOFT BAKE|ALIGN MASK LEVEL 5|EXPOSE LITHO LEVEL 5|DEVELOP PHOTORESIST|VIA OPENING INSPECTION|HARD BAKE|VIA ETCH THROUGH DIELECTRIC|STRIP RESIST|CLEAN AFTER VIA ETCH|MEASURE VIA CD|DEPOSIT BARRIER METAL|DEPOSIT METAL SEED|FILL VIA METAL|CMP METAL|MEASURE CONTACT RESISTANCE|DEPOSIT TOP METAL|ANNEAL METAL|MEASURE METAL THICKNESS|SPIN COAT PHOTORESIST|SOFT BAKE|ALIGN MASK LEVEL 6|EXPOSE LITHO LEVEL 6|DEVELOP PHOTORESIST|METAL PATTERN INSPECTION|METAL ETCH DRY|STRIP PHOTORESIST|CLEAN AFTER METAL ETCH|MEASURE LINE WIDTH|DEPOSIT PASSIVATION|CURE PASSIVATION|MEASURE PASSIVATION QUALITY|OPEN PAD WINDOW|PAD WINDOW LITHO|DEVELOP PHOTORESIST|PASSIVATION ETCH PAD OPENING|STRIP RESIST|CLEAN PAD OPENING|MEASURE PAD OPENING|BACKSIDE CLEAN|BACKSIDE GRIND|MEASURE WAFER THICKNESS|BACKSIDE ETCH CLEAN|BACKSIDE RINSE|BACKSIDE DRY|BACKSIDE METALLIZATION PREP|DEPOSIT BACKSIDE METAL|BACKSIDE ANNEAL|MEASURE BACKSIDE CONTACT|FINAL CLEAN|FINAL GEOMETRY CHECK|FINAL CD INSPECTION|FINAL PARTICLE INSPECTION|PARAMETRIC TEST|LEAKAGE TEST|SWITCHING TEST|THRESHOLD VOLTAGE TEST|SWITCHING TEST|WAFER SORT TEST|YIELD ANALYSIS|FINAL LOT RELEASE|SHIP LOT
valid_0047,RECEIVE WAFER LOT|LOT IDENTIFICATION|PRE CLEAN INSPECTION|MEASURE INITIAL THICKNESS|MEASURE SURFACE PARTICLES|PRE CLEAN WAFER|BACKSIDE CLEAN|FRONTSIDE CLEAN|WET CLEAN RCA1|RCA CLEAN 2|HF DIP|EPITAXY PREP|EPITAXIAL DEPOSITION|MEASURE EPITAXY THICKNESS|MEASURE RESISTIVITY|EPITAXY ANNEAL|SPIN COAT PHOTORESIST|SOFT BAKE|ALIGN MASK LEVEL 1|EXPOSE LITHO LEVEL 1|DEVELOP PHOTORESIST|FIELD PATTERN INSPECTION|METAL ETCH DRY|STRIP RESIST|CLEAN AFTER FIELD ETCH|MEASURE WINDOW CD|DEPOSIT POLYSILICON|POLYSILICON ANNEAL|MEASURE POLY THICKNESS|SPIN COAT PHOTORESIST|SOFT BAKE|ALIGN MASK LEVEL 2|EXPOSE LITHO LEVEL 2|DEVELOP PHOTORESIST|POLY PATTERN INSPECTION|POLYSILICON ETCH DRY|STRIP PHOTORESIST|CLEAN AFTER POLY ETCH|MEASURE VIA CD|DEPOSIT PASSIVATION|CURE PASSIVATION|MEASURE PASSIVATION QUALITY|OPEN PAD WINDOW|PAD WINDOW LITHO|DEVELOP PAD WINDOW|PASSIVATION ETCH PAD OPENING|STRIP RESIST|CLEAN PAD OPENING|MEASURE PAD OPENING|BACKSIDE CLEAN|BACKSIDE GRIND|MEASURE WAFER THICKNESS|BACKSIDE ETCH CLEAN|BACKSIDE RINSE|BACKSIDE DRY|BACKSIDE METALLIZATION PREP|DEPOSIT BACKSIDE METAL|BACKSIDE ANNEAL|MEASURE BACKSIDE CONTACT|FINAL CLEAN|FINAL GEOMETRY CHECK|FINAL CD INSPECTION|FINAL PARTICLE INSPECTION|PARAMETRIC TEST|LEAKAGE TEST|SWITCHING TEST|THRESHOLD VOLTAGE TEST|SWITCHING TEST|WAFER SORT TEST|YIELD ANALYSIS|FINAL LOT RELEASE|SHIP LOT
valid_0048,RECEIVE WAFER LOT|LOT IDENTIFICATION|PRE CLEAN INSPECTION|MEASURE INITIAL THICKNESS|MEASURE SURFACE PARTICLES|PRE CLEAN WAFER|BACKSIDE CLEAN|FRONTSIDE CLEAN|WET CLEAN RCA1|RCA CLEAN 2|HF DIP|EPITAXIAL WAFER CHECK|MEASURE EPITAXY THICKNESS|MEASURE RESISTIVITY|EPITAXY PREP|OXIDE STRIP|MEASURE OXIDE THICKNESS|SPIN COAT PHOTORESIST|SOFT BAKE|ALIGN MASK LEVEL 1|EXPOSE LITHO LEVEL 1|DEVELOP PHOTORESIST|VIA OPENING INSPECTION|VIA ETCH THROUGH DIELECTRIC|STRIP RESIST|CLEAN AFTER VIA ETCH|MEASURE VIA CD|DEPOSIT BARRIER METAL|DEPOSIT METAL SEED|FILL VIA METAL|CMP METAL|MEASURE CONTACT RESISTANCE|DEPOSIT TOP METAL|ANNEAL METAL|SPIN COAT PHOTORESIST|SOFT BAKE|ALIGN MASK LEVEL 2|EXPOSE LITHO LEVEL 2|DEVELOP PHOTORESIST|METAL PATTERN INSPECTION|METAL ETCH DRY|STRIP RESIST|CLEAN AFTER METAL ETCH|MEASURE LINE WIDTH|DEPOSIT PASSIVATION|CURE PASSIVATION|MEASURE PASSIVATION QUALITY|OPEN PAD WINDOW|PAD WINDOW LITHO|DEVELOP PAD WINDOW|PASSIVATION ETCH PAD OPENING|STRIP RESIST|CLEAN PAD OPENING|MEASURE PAD OPENING|BACKSIDE CLEAN|BACKSIDE GRIND|MEASURE WAFER THICKNESS|BACKSIDE ETCH CLEAN|BACKSIDE RINSE|BACKSIDE DRY|BACKSIDE METALLIZATION PREP|DEPOSIT BACKSIDE METAL|BACKSIDE ANNEAL|MEASURE BACKSIDE CONTACT|FINAL CLEAN|FINAL GEOMETRY CHECK|FINAL CD INSPECTION|FINAL PARTICLE INSPECTION|PARAMETRIC TEST|LEAKAGE TEST|SWITCHING TEST|WAFER SORT TEST|YIELD ANALYSIS|FINAL LOT RELEASE|SHIP LOT
valid_0049,BACKSIDE CLEAN|BACKSIDE GRIND|MEASURE THICKNESS|BACKSIDE ETCH CLEAN|BACKSIDE RINSE|BACKSIDE DRY|BACKSIDE METALLIZATION PREP|DEPOSIT BACKSIDE METAL|BACKSIDE ANNEAL|MEASURE BACKSIDE CONTACT|FINAL CLEAN|FINAL GEOMETRY CHECK|FINAL CD INSPECTION|FINAL PARTICLE INSPECTION|PARAMETRIC TEST|LEAKAGE TEST|SWITCHING TEST|WAFER SORT TEST|YIELD ANALYSIS|FINAL LOT RELEASE|SHIP LOT
valid_0050,RECEIVE WAFER LOT|LOT IDENTIFICATION|INITIAL WAFER INSPECTION|MEASURE INITIAL THICKNESS|MEASURE SURFACE PARTICLES|PRE CLEAN WAFER|BACKSIDE CLEAN|FRONTSIDE CLEAN|WET CLEAN RCA1|WET CLEAN RCA2|HF DIP|DRY WAFER|EPITAXIAL WAFER CHECK|MEASURE EPITAXY THICKNESS|MEASURE RESISTIVITY|EPITAXY PREP|OXIDE STRIP|MEASURE OXIDE THICKNESS|SPIN COAT PHOTORESIST|SOFT BAKE|ALIGN MASK LEVEL 1|EXPOSE LITHO LEVEL 1|DEVELOP PHOTORESIST|VIA OPENING INSPECTION|VIA ETCH THROUGH DIELECTRIC|STRIP RESIST|CLEAN AFTER VIA ETCH|MEASURE VIA CD|DEPOSIT BARRIER METAL|DEPOSIT METAL SEED|FILL VIA METAL|CMP METAL|MEASURE CONTACT RESISTANCE|DEPOSIT TOP METAL|ANNEAL METAL|MEASURE METAL THICKNESS|SPIN COAT PHOTORESIST|SOFT BAKE|ALIGN MASK LEVEL 2|EXPOSE LITHO LEVEL 2|DEVELOP PHOTORESIST|METAL PATTERN INSPECTION|METAL ETCH DRY|STRIP PHOTORESIST|CLEAN AFTER METAL ETCH|MEASURE LINE WIDTH|DEPOSIT PASSIVATION|CURE PASSIVATION|MEASURE PASSIVATION QUALITY|OPEN PAD WINDOW|PAD WINDOW LITHO|DEVELOP PAD WINDOW|PASSIVATION ETCH PAD OPENING|STRIP RESIST|CLEAN PAD OPENING|MEASURE PAD OPENING|BACKSIDE CLEAN|BACKSIDE GRIND|MEASURE WAFER THICKNESS|BACKSIDE ETCH CLEAN|BACKSIDE RINSE|BACKSIDE DRY|BACKSIDE METALLIZATION PREP|DEPOSIT BACKSIDE METAL|BACKSIDE ANNEAL|MEASURE BACKSIDE CONTACT|FINAL CLEAN|FINAL GEOMETRY CHECK|FINAL PARTICLE INSPECTION|ELECTRICAL PARAMETRIC TEST|LEAKAGE TEST|THRESHOLD VOLTAGE TEST|SWITCHING TEST|WAFER SORT TEST|YIELD ANALYSIS|FINAL LOT RELEASE|SHIP LOT
valid_0051,BACKSIDE CLEAN|BACKSIDE GRIND|MEASURE WAFER THICKNESS|BACKSIDE ETCH CLEAN|BACKSIDE RINSE|BACKSIDE DRY|BACKSIDE METALLIZATION PREP|DEPOSIT BACKSIDE METAL|BACKSIDE ANNEAL|MEASURE BACKSIDE CONTACT|FINAL CLEAN|FINAL GEOMETRY CHECK|FINAL PARTICLE INSPECTION|ELECTRICAL PARAMETRIC TEST|LEAKAGE TEST|THRESHOLD VOLTAGE TEST|SWITCHING TEST|WAFER SORT TEST|YIELD ANALYSIS|FINAL LOT RELEASE|SHIP LOT
valid_0052,RECEIVE WAFER LOT|LOT IDENTIFICATION|INITIAL WAFER INSPECTION|MEASURE INITIAL THICKNESS|MEASURE SURFACE PARTICLES|PRE CLEAN WAFER|BACKSIDE CLEAN|FRONTSIDE CLEAN|RCA CLEAN 1|WET CLEAN RCA2|HF DIP|DRY WAFER|EPITAXIAL WAFER CHECK|MEASURE EPITAXY THICKNESS|MEASURE RESISTIVITY|EPITAXY PREP|OXIDE STRIP|MEASURE OXIDE THICKNESS|SPIN COAT PHOTORESIST|SOFT BAKE|ALIGN MASK LEVEL 1|EXPOSE LITHO LEVEL 1|DEVELOP PHOTORESIST|VIA OPENING INSPECTION|HARD BAKE|VIA ETCH THROUGH DIELECTRIC|STRIP RESIST|CLEAN AFTER VIA ETCH|MEASURE VIA CD|DEPOSIT BARRIER METAL|DEPOSIT METAL SEED|FILL VIA METAL|CMP METAL|MEASURE CONTACT RESISTANCE|DEPOSIT TOP METAL|ANNEAL METAL|SPIN COAT PHOTORESIST|SOFT BAKE|ALIGN MASK LEVEL 2|EXPOSE LITHO LEVEL 2|DEVELOP PHOTORESIST|METAL PATTERN INSPECTION|METAL ETCH DRY|STRIP RESIST|CLEAN AFTER METAL ETCH|MEASURE LINE WIDTH|DEPOSIT PASSIVATION|CURE PASSIVATION|MEASURE PASSIVATION QUALITY|OPEN PAD WINDOW|PAD WINDOW LITHO|DEVELOP PAD WINDOW|PASSIVATION ETCH PAD OPENING|STRIP RESIST|CLEAN PAD OPENING|MEASURE PAD OPENING|BACKSIDE CLEAN|BACKSIDE GRIND|MEASURE WAFER THICKNESS|BACKSIDE ETCH CLEAN|BACKSIDE RINSE|BACKSIDE DRY|BACKSIDE METALLIZATION PREP|DEPOSIT BACKSIDE METAL|BACKSIDE ANNEAL|MEASURE BACKSIDE CONTACT|FINAL CLEAN|FINAL GEOMETRY CHECK|FINAL CD INSPECTION|FINAL PARTICLE INSPECTION|PARAMETRIC TEST|LEAKAGE TEST|SWITCHING TEST|WAFER SORT TEST|YIELD ANALYSIS|FINAL LOT RELEASE|SHIP LOT
valid_0053,RECEIVE WAFER LOT|LOT IDENTIFICATION|INITIAL WAFER INSPECTION|MEASURE INITIAL THICKNESS|MEASURE SURFACE PARTICLES|PRE CLEAN WAFER|BACKSIDE CLEAN|FRONTSIDE CLEAN|RCA CLEAN 1|WET CLEAN RCA2|HF DIP|DRY WAFER|EPITAXY PREP|EPITAXIAL DEPOSITION|MEASURE EPITAXY THICKNESS|MEASURE RESISTIVITY|EPITAXY ANNEAL|MEASURE JUNCTION PROFILE|THERMAL OXIDATION|MEASURE OXIDE THICKNESS|SPIN COAT PHOTORESIST|SOFT BAKE|ALIGN MASK LEVEL 1|EXPOSE LITHO LEVEL 1|DEVELOP PHOTORESIST|VIA OPENING INSPECTION|VIA ETCH|STRIP RESIST|CLEAN AFTER VIA ETCH|MEASURE VIA CD|DEPOSIT BARRIER METAL|DEPOSIT METAL SEED|FILL VIA METAL|CMP VIA FILL|MEASURE VIA RESISTANCE|DEPOSIT TOP METAL|ANNEAL METAL|SPIN COAT PHOTORESIST|SOFT BAKE|ALIGN MASK LEVEL 2|EXPOSE LITHO LEVEL 2|DEVELOP PHOTORESIST|METAL PATTERN INSPECTION|HARD BAKE|METAL ETCH DRY|STRIP PHOTORESIST|CLEAN AFTER METAL ETCH|MEASURE LINE WIDTH|DEPOSIT PASSIVATION|CURE PASSIVATION|MEASURE PASSIVATION QUALITY|OPEN PAD WINDOW|PAD WINDOW LITHO|DEVELOP PAD WINDOW|PASSIVATION ETCH PAD OPENING|STRIP RESIST|CLEAN PAD OPENING|MEASURE PAD OPENING|BACKSIDE CLEAN|BACKSIDE GRIND|MEASURE WAFER THICKNESS|BACKSIDE ETCH CLEAN|BACKSIDE RINSE|BACKSIDE DRY|BACKSIDE METALLIZATION PREP|DEPOSIT BACKSIDE METAL|BACKSIDE ANNEAL|MEASURE BACKSIDE CONTACT|FINAL CLEAN|FINAL GEOMETRY CHECK|FINAL CD INSPECTION|FINAL PARTICLE INSPECTION|PARAMETRIC TEST|LEAKAGE TEST|SWITCHING TEST|THRESHOLD VOLTAGE TEST|SWITCHING TEST|WAFER SORT TEST|YIELD ANALYSIS|FINAL LOT RELEASE|SHIP LOT
valid_0054,RECEIVE WAFER LOT|LOT IDENTIFICATION|PRE CLEAN INSPECTION|MEASURE INITIAL THICKNESS|MEASURE SURFACE PARTICLES|PRE CLEAN WAFER|BACKSIDE CLEAN|FRONTSIDE CLEAN|RCA CLEAN 1|RCA CLEAN 2|HF DIP|DRY WAFER|EPITAXIAL WAFER CHECK|MEASURE EPITAXY THICKNESS|MEASURE RESISTIVITY|EPITAXY PREP|OXIDE STRIP|MEASURE OXIDE THICKNESS|SPIN COAT PHOTORESIST|SOFT BAKE|ALIGN MASK LEVEL 1|EXPOSE LITHO LEVEL 1|POST EXPOSE BAKE|DEVELOP PHOTORESIST|VIA OPENING INSPECTION|VIA ETCH THROUGH DIELECTRIC|STRIP RESIST|CLEAN AFTER VIA ETCH|MEASURE VIA CD|DEPOSIT BARRIER METAL|DEPOSIT METAL SEED|FILL VIA METAL|CMP METAL|MEASURE CONTACT RESISTANCE|DEPOSIT TOP METAL|ANNEAL METAL|SPIN COAT PHOTORESIST|SOFT BAKE|ALIGN MASK LEVEL 2|EXPOSE LITHO LEVEL 2|DEVELOP PHOTORESIST|METAL PATTERN INSPECTION|METAL ETCH DRY|STRIP RESIST|CLEAN AFTER METAL ETCH|MEASURE LINE WIDTH|DEPOSIT PASSIVATION|CURE PASSIVATION|MEASURE PASSIVATION QUALITY|OPEN PAD WINDOW|PAD WINDOW LITHO|DEVELOP PAD WINDOW|PASSIVATION ETCH PAD OPENING|STRIP RESIST|CLEAN PAD OPENING|MEASURE PAD OPENING|BACKSIDE CLEAN|BACKSIDE GRIND|MEASURE WAFER THICKNESS|BACKSIDE ETCH CLEAN|BACKSIDE RINSE|BACKSIDE DRY|BACKSIDE METALLIZATION PREP|DEPOSIT BACKSIDE METAL|BACKSIDE ANNEAL|MEASURE BACKSIDE CONTACT|FINAL CLEAN|FINAL GEOMETRY CHECK|FINAL PARTICLE INSPECTION|ELECTRICAL PARAMETRIC TEST|LEAKAGE TEST|THRESHOLD VOLTAGE TEST|SWITCHING TEST|WAFER SORT TEST|YIELD ANALYSIS|FINAL LOT RELEASE|SHIP LOT
valid_0055,BACKSIDE CLEAN|BACKSIDE GRIND|MEASURE WAFER THICKNESS|BACKSIDE ETCH CLEAN|BACKSIDE RINSE|BACKSIDE DRY|BACKSIDE METALLIZATION PREP|DEPOSIT BACKSIDE METAL|BACKSIDE ANNEAL|MEASURE BACKSIDE CONTACT|FINAL CLEAN|FINAL GEOMETRY CHECK|FINAL PARTICLE INSPECTION|ELECTRICAL PARAMETRIC TEST|LEAKAGE TEST|THRESHOLD VOLTAGE TEST|SWITCHING TEST|WAFER SORT TEST|YIELD ANALYSIS|FINAL LOT RELEASE|SHIP LOT
valid_0056,BACKSIDE CLEAN|BACKSIDE GRIND|MEASURE WAFER THICKNESS|BACKSIDE ETCH CLEAN|BACKSIDE RINSE|BACKSIDE DRY|BACKSIDE METALLIZATION PREP|DEPOSIT BACKSIDE METAL|BACKSIDE ANNEAL|MEASURE BACKSIDE CONTACT|FINAL CLEAN|FINAL GEOMETRY CHECK|FINAL PARTICLE INSPECTION|ELECTRICAL PARAMETRIC TEST|LEAKAGE TEST|THRESHOLD VOLTAGE TEST|SWITCHING TEST|WAFER SORT TEST|YIELD ANALYSIS|FINAL LOT RELEASE|SHIP LOT
valid_0057,RECEIVE WAFER LOT|LOT IDENTIFICATION|PRE CLEAN INSPECTION|MEASURE INITIAL THICKNESS|MEASURE SURFACE PARTICLES|PRE CLEAN WAFER|BACKSIDE CLEAN|FRONTSIDE CLEAN|WET CLEAN RCA1|RCA CLEAN 2|HF DIP|DRY WAFER|EPITAXY PREP|EPITAXIAL DEPOSITION|MEASURE EPITAXY THICKNESS|MEASURE RESISTIVITY|EPITAXY ANNEAL|MEASURE JUNCTION PROFILE|THERMAL OXIDATION|MEASURE OXIDE THICKNESS|SPIN COAT PHOTORESIST|SOFT BAKE|ALIGN MASK LEVEL 1|EXPOSE LITHO LEVEL 1|DEVELOP PHOTORESIST|VIA OPENING INSPECTION|VIA ETCH|STRIP RESIST|CLEAN AFTER VIA ETCH|MEASURE VIA CD|DEPOSIT BARRIER METAL|DEPOSIT METAL SEED|FILL VIA METAL|CMP METAL|DEPOSIT TOP METAL|ANNEAL METAL|MEASURE METAL THICKNESS|SPIN COAT PHOTORESIST|SOFT BAKE|ALIGN MASK LEVEL 2|EXPOSE LITHO LEVEL 2|DEVELOP PHOTORESIST|METAL PATTERN INSPECTION|METAL ETCH DRY|STRIP RESIST|CLEAN AFTER METAL ETCH|MEASURE LINE WIDTH|DEPOSIT PASSIVATION LAYER|CURE PASSIVATION|MEASURE PASSIVATION QUALITY|OPEN PAD WINDOW|PAD WINDOW LITHO|DEVELOP PAD WINDOW|PASSIVATION ETCH PAD OPENING|STRIP RESIST|CLEAN PAD OPENING|MEASURE PAD OPENING|BACKSIDE CLEAN|BACKSIDE GRIND|MEASURE WAFER THICKNESS|BACKSIDE ETCH CLEAN|BACKSIDE RINSE|BACKSIDE DRY|BACKSIDE METALLIZATION PREP|DEPOSIT BACKSIDE METAL|BACKSIDE ANNEAL|MEASURE BACKSIDE CONTACT|FINAL CLEAN|FINAL GEOMETRY CHECK|FINAL PARTICLE INSPECTION|ELECTRICAL PARAMETRIC TEST|LEAKAGE TEST|THRESHOLD VOLTAGE TEST|SWITCHING TEST|WAFER SORT TEST|YIELD ANALYSIS|FINAL LOT RELEASE|SHIP LOT
valid_0058,RECEIVE WAFER LOT|LOT IDENTIFICATION|PRE CLEAN INSPECTION|MEASURE INITIAL THICKNESS|MEASURE SURFACE PARTICLES|PRE CLEAN WAFER|BACKSIDE CLEAN|FRONTSIDE CLEAN|WET CLEAN RCA1|RCA CLEAN 2|HF DIP|DRY WAFER|EPITAXIAL WAFER CHECK|MEASURE EPITAXY THICKNESS|MEASURE RESISTIVITY|EPITAXY PREP|OXIDE STRIP|MEASURE OXIDE THICKNESS|SPIN COAT PHOTORESIST|SOFT BAKE|ALIGN MASK LEVEL 1|EXPOSE LITHO LEVEL 1|POST EXPOSE BAKE|DEVELOP PHOTORESIST|VIA OPENING INSPECTION|HARD BAKE|VIA ETCH THROUGH DIELECTRIC|STRIP RESIST|CLEAN AFTER VIA ETCH|MEASURE VIA CD|DEPOSIT BARRIER METAL|DEPOSIT METAL SEED|FILL VIA METAL|CMP METAL|MEASURE CONTACT RESISTANCE|DEPOSIT TOP METAL|ANNEAL METAL|SPIN COAT PHOTORESIST|SOFT BAKE|ALIGN MASK LEVEL 2|EXPOSE LITHO LEVEL 2|DEVELOP PHOTORESIST|METAL PATTERN INSPECTION|METAL ETCH DRY|STRIP PHOTORESIST|CLEAN AFTER METAL ETCH|MEASURE LINE WIDTH|DEPOSIT PASSIVATION|CURE PASSIVATION|MEASURE PASSIVATION QUALITY|OPEN PAD WINDOW|PAD WINDOW LITHO|DEVELOP PAD WINDOW|PASSIVATION ETCH PAD OPENING|STRIP RESIST|CLEAN PAD OPENING|MEASURE PAD OPENING|BACKSIDE CLEAN|BACKSIDE GRIND|MEASURE WAFER THICKNESS|BACKSIDE ETCH CLEAN|BACKSIDE RINSE|BACKSIDE DRY|BACKSIDE METALLIZATION PREP|DEPOSIT BACKSIDE METAL|BACKSIDE ANNEAL|MEASURE BACKSIDE CONTACT|FINAL CLEAN|FINAL GEOMETRY CHECK|FINAL PARTICLE INSPECTION|ELECTRICAL PARAMETRIC TEST|LEAKAGE TEST|THRESHOLD VOLTAGE TEST|SWITCHING TEST|WAFER SORT TEST|YIELD ANALYSIS|FINAL LOT RELEASE|SHIP LOT
valid_0059,RECEIVE WAFER LOT|LOT IDENTIFICATION|PRE CLEAN INSPECTION|MEASURE INITIAL THICKNESS|MEASURE SURFACE PARTICLES|PRE CLEAN WAFER|BACKSIDE CLEAN|FRONTSIDE CLEAN|WET CLEAN RCA1|RCA CLEAN 2|HF DIP|DRY WAFER|EPITAXY PREP|EPITAXIAL DEPOSITION|MEASURE EPITAXY THICKNESS|MEASURE RESISTIVITY|EPITAXY ANNEAL|MEASURE JUNCTION PROFILE|DEPOSIT PAD OXIDE|ANNEAL OXIDE|MEASURE FILM THICKNESS|SPIN COAT PHOTORESIST|SOFT BAKE|ALIGN MASK LEVEL 3|EXPOSE LITHO LEVEL 6|DEVELOP PHOTORESIST|VIA OPENING INSPECTION|HARD BAKE|VIA ETCH THROUGH DIELECTRIC|STRIP RESIST|CLEAN AFTER VIA ETCH|MEASURE VIA CD|DEPOSIT BARRIER METAL|DEPOSIT METAL SEED|FILL VIA METAL|CMP METAL|MEASURE CONTACT RESISTANCE|DEPOSIT TOP METAL|ANNEAL METAL|SPIN COAT PHOTORESIST|SOFT BAKE|ALIGN MASK LEVEL 3|EXPOSE LITHO LEVEL 6|DEVELOP PHOTORESIST|METAL PATTERN INSPECTION|METAL ETCH DRY|STRIP PHOTORESIST|CLEAN AFTER METAL ETCH|MEASURE LINE WIDTH|DEPOSIT PASSIVATION|CURE PASSIVATION|MEASURE PASSIVATION QUALITY|OPEN PAD WINDOW|OPEN PAD WINDOW LITHO|DEVELOP PAD WINDOW|PASSIVATION ETCH PAD OPENING|STRIP RESIST|CLEAN PAD OPENING|MEASURE PAD OPENING|BACKSIDE CLEAN|BACKSIDE GRIND|MEASURE WAFER THICKNESS|BACKSIDE ETCH CLEAN|BACKSIDE RINSE|BACKSIDE DRY|BACKSIDE METALLIZATION PREP|DEPOSIT BACKSIDE METAL|BACKSIDE ANNEAL|MEASURE BACKSIDE CONTACT|FINAL CLEAN|FINAL GEOMETRY CHECK|FINAL PARTICLE INSPECTION|ELECTRICAL PARAMETRIC TEST|LEAKAGE TEST|THRESHOLD VOLTAGE TEST|SWITCHING TEST|WAFER SORT TEST|YIELD ANALYSIS|FINAL LOT RELEASE|SHIP LOT
valid_0060,BACKSIDE CLEAN|BACKSIDE GRIND|MEASURE WAFER THICKNESS|BACKSIDE ETCH CLEAN|BACKSIDE RINSE|BACKSIDE DRY|BACKSIDE METALLIZATION PREP|DEPOSIT BACKSIDE METAL|BACKSIDE ANNEAL|MEASURE BACKSIDE CONTACT|FINAL CLEAN|FINAL GEOMETRY CHECK|FINAL PARTICLE INSPECTION|ELECTRICAL PARAMETRIC TEST|LEAKAGE TEST|THRESHOLD VOLTAGE TEST|SWITCHING TEST|WAFER SORT TEST|YIELD ANALYSIS|FINAL LOT RELEASE|SHIP LOT
valid_0061,RECEIVE WAFER LOT|LOT IDENTIFICATION|PRE CLEAN INSPECTION|MEASURE INITIAL THICKNESS|PRE CLEAN WAFER|BACKSIDE CLEAN|FRONTSIDE CLEAN|WET CLEAN RCA1|WET CLEAN RCA2|HF DIP|DRY WAFER|EPITAXY PREP|EPITAXIAL DEPOSITION|MEASURE EPITAXY THICKNESS|MEASURE RESISTIVITY|EPITAXY ANNEAL|MEASURE JUNCTION PROFILE|DEPOSIT PAD OXIDE|ANNEAL OXIDE|MEASURE FILM THICKNESS|SPIN COAT PHOTORESIST|SOFT BAKE|ALIGN MASK LEVEL 1|EXPOSE LITHO LEVEL 1|DEVELOP PHOTORESIST|VIA OPENING INSPECTION|HARD BAKE|VIA ETCH|STRIP PHOTORESIST|CLEAN AFTER VIA ETCH|MEASURE VIA CD|DEPOSIT BARRIER METAL|DEPOSIT METAL SEED|FILL VIA METAL|CMP VIA FILL|MEASURE CONTACT RESISTANCE|DEPOSIT TOP METAL|ANNEAL METAL|SPIN COAT PHOTORESIST|SOFT BAKE|ALIGN MASK LEVEL 2|EXPOSE LITHO LEVEL 2|DEVELOP PHOTORESIST|METAL PATTERN INSPECTION|METAL ETCH DRY|STRIP PHOTORESIST|CLEAN AFTER METAL ETCH|MEASURE LINE WIDTH|DEPOSIT PASSIVATION|CURE PASSIVATION|MEASURE PASSIVATION QUALITY|OPEN PAD WINDOW|OPEN PAD WINDOW LITHO|DEVELOP PAD WINDOW|PASSIVATION ETCH PAD OPENING|STRIP RESIST|CLEAN PAD OPENING|MEASURE PAD OPENING|BACKSIDE CLEAN|BACKSIDE GRIND|MEASURE WAFER THICKNESS|BACKSIDE ETCH CLEAN|BACKSIDE RINSE|BACKSIDE DRY|BACKSIDE METALLIZATION PREP|DEPOSIT BACKSIDE METAL|BACKSIDE ANNEAL|MEASURE BACKSIDE CONTACT|FINAL CLEAN|FINAL GEOMETRY CHECK|FINAL PARTICLE INSPECTION|ELECTRICAL PARAMETRIC TEST|LEAKAGE TEST|THRESHOLD VOLTAGE TEST|SWITCHING TEST|WAFER SORT TEST|YIELD ANALYSIS|FINAL LOT RELEASE|SHIP LOT
valid_0062,RECEIVE WAFER LOT|LOT IDENTIFICATION|INITIAL WAFER INSPECTION|MEASURE SURFACE PARTICLES|PRE CLEAN WAFER|BACKSIDE CLEAN|FRONTSIDE CLEAN|RCA CLEAN 1|RCA CLEAN 2|HF DIP|DRY WAFER|EPITAXY PREP|EPITAXIAL DEPOSITION|MEASURE EPITAXY THICKNESS|MEASURE RESISTIVITY|EPITAXY ANNEAL|MEASURE JUNCTION PROFILE|DEPOSIT PAD OXIDE|ANISOTROPIC ETCH SPACER|MEASURE OPENING CD|IMPLANT SOURCE DRAIN|LIGHT ANNEAL|MEASURE SHEET RESISTANCE|DEPOSIT SPACER DIELECTRIC|ANISOTROPIC ETCH SPACER|MEASURE SPACER WIDTH|IMPLANT LDD|PRE ANNEAL CHECK|RAPID THERMAL ANNEAL|MEASURE JUNCTION PROFILE|DEPOSIT INTERLAYER DIELECTRIC|DENSIFY DIELECTRIC|MEASURE FILM THICKNESS|CMP DIELECTRIC|MEASURE PLANARITY|SPIN COAT PHOTORESIST|SOFT BAKE|ALIGN MASK LEVEL 5|EXPOSE LITHO LEVEL 5|DEVELOP PHOTORESIST|VIA OPENING INSPECTION|HARD BAKE|VIA ETCH THROUGH DIELECTRIC|STRIP RESIST|CLEAN AFTER VIA ETCH|MEASURE VIA CD|DEPOSIT BARRIER METAL|DEPOSIT METAL SEED|FILL VIA METAL|CMP METAL|MEASURE CONTACT RESISTANCE|DEPOSIT TOP METAL|ANNEAL METAL|MEASURE METAL THICKNESS|SPIN COAT PHOTORESIST|SOFT BAKE|ALIGN MASK LEVEL 6|EXPOSE LITHO LEVEL 6|DEVELOP PHOTORESIST|METAL PATTERN INSPECTION|METAL ETCH DRY|STRIP PHOTORESIST|CLEAN AFTER METAL ETCH|MEASURE LINE WIDTH|DEPOSIT PASSIVATION|CURE PASSIVATION|MEASURE PASSIVATION QUALITY|OPEN PAD WINDOW|PAD WINDOW LITHO|DEVELOP PAD WINDOW|PASSIVATION ETCH PAD OPENING|STRIP RESIST|CLEAN PAD OPENING|MEASURE PAD OPENING|BACKSIDE CLEAN|BACKSIDE GRIND|MEASURE WAFER THICKNESS|BACKSIDE ETCH CLEAN|BACKSIDE RINSE|BACKSIDE DRY|BACKSIDE METALLIZATION PREP|DEPOSIT BACKSIDE METAL|BACKSIDE ANNEAL|MEASURE BACKSIDE CONTACT|FINAL CLEAN|FINAL GEOMETRY CHECK|FINAL PARTICLE INSPECTION|ELECTRICAL PARAMETRIC TEST|LEAKAGE TEST|THRESHOLD VOLTAGE TEST|SWITCHING TEST|WAFER SORT TEST|YIELD ANALYSIS|FINAL LOT RELEASE|SHIP LOT
valid_0063,RECEIVE WAFER LOT|LOT IDENTIFICATION|INITIAL WAFER INSPECTION|MEASURE SURFACE PARTICLES|PRE CLEAN WAFER|BACKSIDE CLEAN|FRONTSIDE CLEAN|RCA CLEAN 1|RCA CLEAN 2|HF DIP|DRY WAFER|EPITAXIAL WAFER CHECK|MEASURE EPITAXY THICKNESS|MEASURE RESISTIVITY|EPITAXY PREP|OXIDE STRIP|MEASURE OXIDE THICKNESS|SPIN COAT PHOTORESIST|SOFT BAKE|ALIGN MASK LEVEL 1|EXPOSE LITHO LEVEL 1|DEVELOP PHOTORESIST|HARD BAKE|METAL PATTERN INSPECTION|METAL ETCH DRY|STRIP RESIST|CLEAN AFTER METAL ETCH|DEPOSIT PASSIVATION|CURE PASSIVATION|MEASURE PASSIVATION QUALITY|OPEN PAD WINDOW|PAD WINDOW LITHO|DEVELOP PAD WINDOW|PASSIVATION ETCH PAD OPENING|STRIP RESIST|CLEAN PAD OPENING|MEASURE PAD OPENING|BACKSIDE CLEAN|BACKSIDE GRIND|MEASURE WAFER THICKNESS|BACKSIDE ETCH CLEAN|BACKSIDE RINSE|BACKSIDE DRY|BACKSIDE METALLIZATION PREP|DEPOSIT BACKSIDE METAL|BACKSIDE ANNEAL|MEASURE BACKSIDE CONTACT|FINAL CLEAN|FINAL GEOMETRY CHECK|FINAL PARTICLE INSPECTION|ELECTRICAL PARAMETRIC TEST|LEAKAGE TEST|THRESHOLD VOLTAGE TEST|SWITCHING TEST|WAFER SORT TEST|YIELD ANALYSIS|FINAL LOT RELEASE|SHIP LOT
valid_0064,RECEIVE WAFER LOT|LOT IDENTIFICATION|PRE CLEAN INSPECTION|MEASURE INITIAL THICKNESS|MEASURE SURFACE PARTICLES|PRE CLEAN WAFER|BACKSIDE CLEAN|FRONTSIDE CLEAN|RCA CLEAN 1|WET CLEAN RCA2|HF DIP|EPITAXIAL WAFER CHECK|MEASURE EPITAXY THICKNESS|MEASURE RESISTIVITY|EPITAXY PREP|OXIDE STRIP|MEASURE OXIDE THICKNESS|SPIN COAT PHOTORESIST|SOFT BAKE|ALIGN MASK LEVEL 1|EXPOSE LITHO LEVEL 1|DEVELOP PHOTORESIST|VIA OPENING INSPECTION|VIA ETCH THROUGH DIELECTRIC|STRIP RESIST|CLEAN AFTER VIA ETCH|MEASURE VIA CD|DEPOSIT BARRIER METAL|DEPOSIT METAL SEED|FILL VIA METAL|CMP METAL|MEASURE CONTACT RESISTANCE|DEPOSIT TOP METAL|ANNEAL METAL|MEASURE METAL THICKNESS|SPIN COAT PHOTORESIST|SOFT BAKE|ALIGN MASK LEVEL 2|EXPOSE LITHO LEVEL 2|DEVELOP PHOTORESIST|METAL PATTERN INSPECTION|METAL ETCH DRY|STRIP RESIST|CLEAN AFTER METAL ETCH|MEASURE LINE WIDTH|DEPOSIT PASSIVATION|CURE PASSIVATION|MEASURE PASSIVATION QUALITY|OPEN PAD WINDOW|PAD WINDOW LITHO|DEVELOP PAD WINDOW|PASSIVATION ETCH PAD OPENING|STRIP RESIST|CLEAN PAD OPENING|MEASURE PAD OPENING|BACKSIDE CLEAN|BACKSIDE GRIND|MEASURE WAFER THICKNESS|BACKSIDE ETCH CLEAN|BACKSIDE RINSE|BACKSIDE DRY|BACKSIDE METALLIZATION PREP|DEPOSIT BACKSIDE METAL|BACKSIDE ANNEAL|MEASURE BACKSIDE CONTACT|FINAL CLEAN|FINAL GEOMETRY CHECK|FINAL PARTICLE INSPECTION|ELECTRICAL PARAMETRIC TEST|LEAKAGE TEST|THRESHOLD VOLTAGE TEST|SWITCHING TEST|WAFER SORT TEST|YIELD ANALYSIS|FINAL LOT RELEASE|SHIP LOT
valid_0065,RECEIVE WAFER LOT|LOT IDENTIFICATION|PRE CLEAN INSPECTION|MEASURE INITIAL THICKNESS|MEASURE SURFACE PARTICLES|PRE CLEAN WAFER|BACKSIDE CLEAN|FRONTSIDE CLEAN|RCA CLEAN 1|WET CLEAN RCA2|HF DIP|EPITAXY PREP|EPITAXIAL DEPOSITION|MEASURE EPITAXY THICKNESS|MEASURE RESISTIVITY|EPITAXY ANNEAL|MEASURE JUNCTION PROFILE|THERMAL OXIDATION|MEASURE OXIDE THICKNESS|SPIN COAT PHOTORESIST|SOFT BAKE|ALIGN MASK LEVEL 1|EXPOSE LITHO LEVEL 1|DEVELOP PHOTORESIST|VIA OPENING INSPECTION|VIA ETCH|STRIP RESIST|CLEAN AFTER VIA ETCH|MEASURE VIA CD|DEPOSIT BARRIER METAL|DEPOSIT METAL SEED|FILL VIA METAL|CMP METAL|MEASURE CONTACT RESISTANCE|DEPOSIT TOP METAL|ANNEAL METAL|SPIN COAT PHOTORESIST|SOFT BAKE|ALIGN MASK LEVEL 2|EXPOSE LITHO LEVEL 2|DEVELOP PHOTORESIST|METAL PATTERN INSPECTION|METAL ETCH DRY|STRIP PHOTORESIST|CLEAN AFTER METAL ETCH|MEASURE LINE WIDTH|DEPOSIT PASSIVATION|CURE PASSIVATION|MEASURE PASSIVATION QUALITY|OPEN PAD WINDOW|PAD WINDOW LITHO|DEVELOP PAD WINDOW|PASSIVATION ETCH PAD OPENING|STRIP RESIST|CLEAN PAD OPENING|MEASURE PAD OPENING|BACKSIDE CLEAN|BACKSIDE GRIND|MEASURE WAFER THICKNESS|BACKSIDE ETCH CLEAN|BACKSIDE RINSE|BACKSIDE DRY|BACKSIDE METALLIZATION PREP|DEPOSIT BACKSIDE METAL|BACKSIDE ANNEAL|MEASURE BACKSIDE CONTACT|FINAL CLEAN|FINAL GEOMETRY CHECK|FINAL PARTICLE INSPECTION|ELECTRICAL PARAMETRIC TEST|LEAKAGE TEST|THRESHOLD VOLTAGE TEST|SWITCHING TEST|WAFER SORT TEST|YIELD ANALYSIS|FINAL LOT RELEASE|SHIP LOT
valid_0066,RECEIVE WAFER LOT|LOT IDENTIFICATION|INITIAL WAFER INSPECTION|MEASURE INITIAL THICKNESS|MEASURE SURFACE PARTICLES|PRE CLEAN WAFER|BACKSIDE CLEAN|FRONTSIDE CLEAN|RCA CLEAN 1|WET CLEAN RCA2|HF DIP|DRY WAFER|EPITAXIAL WAFER CHECK|MEASURE EPITAXY THICKNESS|MEASURE RESISTIVITY|EPITAXY PREP|OXIDE STRIP|MEASURE OXIDE THICKNESS|SPIN COAT PHOTORESIST|SOFT BAKE|ALIGN MASK LEVEL 1|EXPOSE LITHO LEVEL 1|DEVELOP PHOTORESIST|VIA OPENING INSPECTION|HARD BAKE|VIA ETCH THROUGH DIELECTRIC|STRIP RESIST|CLEAN AFTER VIA ETCH|MEASURE VIA CD|DEPOSIT BARRIER METAL|DEPOSIT METAL SEED|FILL VIA METAL|CMP METAL|MEASURE CONTACT RESISTANCE|DEPOSIT TOP METAL|ANNEAL METAL|SPIN COAT PHOTORESIST|SOFT BAKE|ALIGN MASK LEVEL 2|EXPOSE LITHO LEVEL 2|DEVELOP PHOTORESIST|METAL PATTERN INSPECTION|METAL ETCH DRY|STRIP RESIST|CLEAN AFTER METAL ETCH|MEASURE LINE WIDTH|DEPOSIT PASSIVATION|CURE PASSIVATION|MEASURE PASSIVATION QUALITY|OPEN PAD WINDOW|PAD WINDOW LITHO|DEVELOP PAD WINDOW|PASSIVATION ETCH PAD OPENING|STRIP RESIST|CLEAN PAD OPENING|MEASURE PAD OPENING|BACKSIDE CLEAN|BACKSIDE GRIND|MEASURE WAFER THICKNESS|BACKSIDE ETCH CLEAN|BACKSIDE RINSE|BACKSIDE DRY|BACKSIDE METALLIZATION PREP|DEPOSIT BACKSIDE METAL|BACKSIDE ANNEAL|MEASURE BACKSIDE CONTACT|FINAL CLEAN|FINAL GEOMETRY CHECK|FINAL PARTICLE INSPECTION|ELECTRICAL PARAMETRIC TEST|LEAKAGE TEST|THRESHOLD VOLTAGE TEST|SWITCHING TEST|WAFER SORT TEST|YIELD ANALYSIS|FINAL LOT RELEASE|SHIP LOT
valid_0067,RECEIVE WAFER LOT|LOT IDENTIFICATION|INITIAL WAFER INSPECTION|MEASURE INITIAL THICKNESS|MEASURE SURFACE PARTICLES|PRE CLEAN WAFER|BACKSIDE CLEAN|FRONTSIDE CLEAN|RCA CLEAN 1|WET CLEAN RCA2|HF DIP|DRY WAFER|EPITAXY PREP|EPITAXIAL DEPOSITION|MEASURE EPITAXY THICKNESS|MEASURE RESISTIVITY|EPITAXY ANNEAL|SPIN COAT PHOTORESIST|SOFT BAKE|ALIGN MASK LEVEL 1|EXPOSE LITHO LEVEL 1|DEVELOP PHOTORESIST|FIELD PATTERN INSPECTION|METAL ETCH DRY|STRIP RESIST|CLEAN AFTER FIELD ETCH|MEASURE WINDOW CD|DEPOSIT PAD OXIDE|ANNEAL OXIDE|MEASURE OXIDE THICKNESS|SPIN COAT PHOTORESIST|SOFT BAKE|ALIGN MASK LEVEL 2|EXPOSE LITHO LEVEL 2|DEVELOP PHOTORESIST|VIA OPENING INSPECTION|HARD BAKE|VIA ETCH|STRIP RESIST|CLEAN AFTER VIA ETCH|MEASURE VIA CD|DEPOSIT BARRIER METAL|DEPOSIT METAL SEED|FILL VIA METAL|CMP VIA FILL|MEASURE CONTACT RESISTANCE|DEPOSIT TOP METAL|ANNEAL METAL|SPIN COAT PHOTORESIST|SOFT BAKE|ALIGN MASK LEVEL 3|EXPOSE LITHO LEVEL 3|DEVELOP PHOTORESIST|METAL PATTERN INSPECTION|METAL ETCH DRY|STRIP RESIST|CLEAN AFTER METAL ETCH|MEASURE LINE WIDTH|DEPOSIT PASSIVATION|CURE PASSIVATION|MEASURE PASSIVATION QUALITY|OPEN PAD WINDOW|OPEN PAD WINDOW LITHO|DEVELOP PAD WINDOW|PASSIVATION ETCH PAD OPENING|STRIP RESIST|CLEAN PAD OPENING|MEASURE PAD OPENING|BACKSIDE CLEAN|BACKSIDE GRIND|MEASURE WAFER THICKNESS|BACKSIDE ETCH CLEAN|BACKSIDE RINSE|BACKSIDE DRY|BACKSIDE METALLIZATION PREP|DEPOSIT BACKSIDE METAL|BACKSIDE ANNEAL|MEASURE BACKSIDE CONTACT|FINAL CLEAN|FINAL GEOMETRY CHECK|FINAL PARTICLE INSPECTION|ELECTRICAL PARAMETRIC TEST|LEAKAGE TEST|THRESHOLD VOLTAGE TEST|SWITCHING TEST|WAFER SORT TEST|YIELD ANALYSIS|FINAL LOT RELEASE|SHIP LOT
valid_0068,RECEIVE WAFER LOT|LOT IDENTIFICATION|PRE CLEAN INSPECTION|MEASURE INITIAL THICKNESS|MEASURE SURFACE PARTICLES|PRE CLEAN WAFER|BACKSIDE CLEAN|FRONTSIDE CLEAN|RCA CLEAN 1|RCA CLEAN 2|HF DIP|EPITAXY PREP|EPITAXIAL DEPOSITION|MEASURE EPITAXY THICKNESS|MEASURE RESISTIVITY|EPITAXY ANNEAL|MEASURE JUNCTION PROFILE|DEPOSIT PAD OXIDE|ANNEAL OXIDE|MEASURE FILM THICKNESS|SPIN COAT PHOTORESIST|SOFT BAKE|ALIGN MASK LEVEL 5|EXPOSE LITHO LEVEL 5|DEVELOP PHOTORESIST|VIA OPENING INSPECTION|VIA ETCH THROUGH DIELECTRIC|STRIP RESIST|CLEAN AFTER VIA ETCH|MEASURE VIA CD|DEPOSIT BARRIER METAL|DEPOSIT TUNGSTEN SEED|FILL VIA TUNGSTEN|CMP METAL|MEASURE CONTACT RESISTANCE|DEPOSIT TOP METAL|ANNEAL METAL|SPIN COAT PHOTORESIST|SOFT BAKE|ALIGN MASK LEVEL 6|EXPOSE LITHO LEVEL 6|DEVELOP PHOTORESIST|METAL PATTERN INSPECTION|METAL ETCH DRY|STRIP RESIST|CLEAN AFTER METAL ETCH|MEASURE LINE WIDTH|DEPOSIT PASSIVATION|CURE PASSIVATION|MEASURE PASSIVATION QUALITY|OPEN PAD WINDOW|PAD WINDOW LITHO|DEVELOP PAD WINDOW|PASSIVATION ETCH PAD OPENING|STRIP RESIST|CLEAN PAD OPENING|MEASURE PAD OPENING|BACKSIDE CLEAN|BACKSIDE GRIND|MEASURE WAFER THICKNESS|BACKSIDE ETCH CLEAN|BACKSIDE RINSE|BACKSIDE DRY|BACKSIDE METALLIZATION PREP|DEPOSIT BACKSIDE METAL|BACKSIDE ANNEAL|MEASURE BACKSIDE CONTACT|FINAL CLEAN|FINAL GEOMETRY CHECK|FINAL PARTICLE INSPECTION|ELECTRICAL PARAMETRIC TEST|LEAKAGE TEST|THRESHOLD VOLTAGE TEST|SWITCHING TEST|WAFER SORT TEST|YIELD ANALYSIS|FINAL LOT RELEASE|SHIP LOT
valid_0069,RECEIVE WAFER LOT|LOT IDENTIFICATION|PRE CLEAN INSPECTION|MEASURE INITIAL THICKNESS|MEASURE SURFACE PARTICLES|PRE CLEAN WAFER|BACKSIDE CLEAN|FRONTSIDE CLEAN|RCA CLEAN 1|RCA CLEAN 2|HF DIP|EPITAXY PREP|EPITAXIAL DEPOSITION|MEASURE EPITAXY THICKNESS|MEASURE RESISTIVITY|EPITAXY ANNEAL|MEASURE JUNCTION PROFILE|DEPOSIT PAD OXIDE|ANNEAL OXIDE|MEASURE FILM THICKNESS|SPIN COAT PHOTORESIST|SOFT BAKE|ALIGN MASK LEVEL 1|EXPOSE LITHO LEVEL 1|DEVELOP PHOTORESIST|VIA OPENING INSPECTION|VIA ETCH|STRIP RESIST|CLEAN AFTER VIA ETCH|MEASURE VIA CD|DEPOSIT BARRIER METAL|DEPOSIT METAL SEED|FILL VIA METAL|CMP VIA FILL|MEASURE CONTACT RESISTANCE|DEPOSIT TOP METAL|ANNEAL METAL|SPIN COAT PHOTORESIST|SOFT BAKE|ALIGN MASK LEVEL 2|EXPOSE LITHO LEVEL 2|DEVELOP PHOTORESIST|METAL PATTERN INSPECTION|METAL ETCH DRY|STRIP RESIST|CLEAN AFTER METAL ETCH|MEASURE LINE WIDTH|DEPOSIT PASSIVATION|CURE PASSIVATION|MEASURE PASSIVATION QUALITY|OPEN PAD WINDOW|PAD WINDOW LITHO|DEVELOP PAD WINDOW|PASSIVATION ETCH PAD OPENING|STRIP RESIST|CLEAN PAD OPENING|MEASURE PAD OPENING|BACKSIDE CLEAN|BACKSIDE GRIND|MEASURE WAFER THICKNESS|BACKSIDE ETCH CLEAN|BACKSIDE RINSE|BACKSIDE DRY|BACKSIDE METALLIZATION PREP|DEPOSIT BACKSIDE METAL|BACKSIDE ANNEAL|MEASURE BACKSIDE CONTACT|FINAL CLEAN|FINAL GEOMETRY CHECK|FINAL PARTICLE INSPECTION|ELECTRICAL PARAMETRIC TEST|LEAKAGE TEST|THRESHOLD VOLTAGE TEST|SWITCHING TEST|WAFER SORT TEST|YIELD ANALYSIS|FINAL LOT RELEASE|SHIP LOT
valid_0070,RECEIVE WAFER LOT|LOT IDENTIFICATION|INITIAL WAFER INSPECTION|MEASURE INITIAL THICKNESS|PRE CLEAN WAFER|BACKSIDE CLEAN|FRONTSIDE CLEAN|RCA CLEAN 1|WET CLEAN RCA2|HF DIP|DRY WAFER|EPITAXIAL WAFER CHECK|MEASURE EPITAXY THICKNESS|MEASURE RESISTIVITY|EPITAXY PREP|OXIDE STRIP|MEASURE OXIDE THICKNESS|SPIN COAT PHOTORESIST|SOFT BAKE|ALIGN MASK LEVEL 1|EXPOSE LITHO LEVEL 1|DEVELOP PHOTORESIST|VIA OPENING INSPECTION|VIA ETCH THROUGH DIELECTRIC|STRIP RESIST|CLEAN AFTER VIA ETCH|MEASURE VIA CD|DEPOSIT BARRIER METAL|DEPOSIT METAL SEED|FILL VIA METAL|CMP METAL|MEASURE CONTACT RESISTANCE|DEPOSIT TOP METAL|ANNEAL METAL|MEASURE METAL THICKNESS|SPIN COAT PHOTORESIST|SOFT BAKE|ALIGN MASK LEVEL 2|EXPOSE LITHO LEVEL 2|DEVELOP PHOTORESIST|METAL PATTERN INSPECTION|METAL ETCH DRY|STRIP RESIST|CLEAN AFTER METAL ETCH|MEASURE LINE WIDTH|DEPOSIT PASSIVATION|CURE PASSIVATION|MEASURE PASSIVATION QUALITY|OPEN PAD WINDOW|PAD WINDOW LITHO|DEVELOP PAD WINDOW|PASSIVATION ETCH PAD OPENING|STRIP RESIST|CLEAN PAD OPENING|MEASURE PAD OPENING|BACKSIDE CLEAN|BACKSIDE GRIND|MEASURE WAFER THICKNESS|BACKSIDE ETCH CLEAN|BACKSIDE RINSE|BACKSIDE DRY|BACKSIDE METALLIZATION PREP|DEPOSIT BACKSIDE METAL|BACKSIDE ANNEAL|MEASURE BACKSIDE CONTACT|FINAL CLEAN|FINAL GEOMETRY CHECK|FINAL PARTICLE INSPECTION|ELECTRICAL PARAMETRIC TEST|LEAKAGE TEST|THRESHOLD VOLTAGE TEST|SWITCHING TEST|WAFER SORT TEST|YIELD ANALYSIS|FINAL LOT RELEASE|SHIP LOT
valid_0071,RECEIVE WAFER LOT|LOT IDENTIFICATION|INITIAL WAFER INSPECTION|MEASURE INITIAL THICKNESS|PRE CLEAN WAFER|BACKSIDE CLEAN|FRONTSIDE CLEAN|RCA CLEAN 1|WET CLEAN RCA2|HF DIP|DRY WAFER|EPITAXY PREP|EPITAXIAL DEPOSITION|MEASURE EPITAXY THICKNESS|MEASURE RESISTIVITY|EPITAXY ANNEAL|MEASURE JUNCTION PROFILE|DEPOSIT PAD OXIDE|ANNEAL OXIDE|MEASURE OXIDE THICKNESS|SPIN COAT PHOTORESIST|SOFT BAKE|ALIGN MASK LEVEL 1|EXPOSE LITHO LEVEL 1|DEVELOP PHOTORESIST|VIA OPENING INSPECTION|VIA ETCH|STRIP RESIST|CLEAN AFTER VIA ETCH|MEASURE VIA CD|DEPOSIT BARRIER METAL|DEPOSIT METAL SEED|FILL VIA METAL|CMP VIA FILL|MEASURE CONTACT RESISTANCE|DEPOSIT TOP METAL|ANNEAL METAL|SPIN COAT PHOTORESIST|SOFT BAKE|ALIGN MASK LEVEL 2|EXPOSE LITHO LEVEL 2|DEVELOP PHOTORESIST|METAL PATTERN INSPECTION|METAL ETCH DRY|STRIP PHOTORESIST|CLEAN AFTER METAL ETCH|MEASURE LINE WIDTH|DEPOSIT PASSIVATION|CURE PASSIVATION|MEASURE PASSIVATION QUALITY|OPEN PAD WINDOW|PAD WINDOW LITHO|DEVELOP PAD WINDOW|PASSIVATION ETCH PAD OPENING|STRIP RESIST|CLEAN PAD OPENING|MEASURE PAD OPENING|BACKSIDE CLEAN|BACKSIDE GRIND|MEASURE WAFER THICKNESS|BACKSIDE ETCH CLEAN|BACKSIDE RINSE|BACKSIDE DRY|BACKSIDE METALLIZATION PREP|DEPOSIT BACKSIDE METAL|BACKSIDE ANNEAL|MEASURE BACKSIDE CONTACT|FINAL CLEAN|FINAL GEOMETRY CHECK|FINAL PARTICLE INSPECTION|ELECTRICAL PARAMETRIC TEST|LEAKAGE TEST|THRESHOLD VOLTAGE TEST|SWITCHING TEST|WAFER SORT TEST|YIELD ANALYSIS|FINAL LOT RELEASE|SHIP LOT
valid_0072,RECEIVE WAFER LOT|LOT IDENTIFICATION|INITIAL WAFER INSPECTION|MEASURE INITIAL THICKNESS|MEASURE SURFACE PARTICLES|PRE CLEAN WAFER|BACKSIDE CLEAN|FRONTSIDE CLEAN|RCA CLEAN 1|RCA CLEAN 2|HF DIP|EPITAXY PREP|EPITAXIAL DEPOSITION|MEASURE EPITAXY THICKNESS|MEASURE RESISTIVITY|EPITAXY ANNEAL|SPIN COAT PHOTORESIST|SOFT BAKE|ALIGN MASK LEVEL 1|EXPOSE LITHO LEVEL 1|DEVELOP PHOTORESIST|VIA OPENING INSPECTION|VIA ETCH THROUGH DIELECTRIC|STRIP RESIST|CLEAN AFTER VIA ETCH|MEASURE VIA CD|DEPOSIT BARRIER METAL|DEPOSIT METAL SEED|FILL VIA METAL|CMP METAL|MEASURE CONTACT RESISTANCE|DEPOSIT TOP METAL|ANNEAL METAL|SPIN COAT PHOTORESIST|SOFT BAKE|ALIGN MASK LEVEL 2|EXPOSE LITHO LEVEL 2|DEVELOP PHOTORESIST|METAL PATTERN INSPECTION|METAL ETCH DRY|STRIP RESIST|CLEAN AFTER METAL ETCH|MEASURE LINE WIDTH|DEPOSIT PASSIVATION|CURE PASSIVATION|MEASURE PASSIVATION QUALITY|OPEN PAD WINDOW|PAD WINDOW LITHO|DEVELOP PAD WINDOW|PASSIVATION ETCH PAD OPENING|STRIP RESIST|CLEAN PAD OPENING|MEASURE PAD OPENING|BACKSIDE CLEAN|BACKSIDE GRIND|MEASURE WAFER THICKNESS|BACKSIDE ETCH CLEAN|BACKSIDE RINSE|BACKSIDE DRY|BACKSIDE METALLIZATION PREP|DEPOSIT BACKSIDE METAL|BACKSIDE ANNEAL|MEASURE BACKSIDE CONTACT|FINAL CLEAN|FINAL GEOMETRY CHECK|FINAL PARTICLE INSPECTION|ELECTRICAL PARAMETRIC TEST|LEAKAGE TEST|THRESHOLD VOLTAGE TEST|SWITCHING TEST|WAFER SORT TEST|YIELD ANALYSIS|FINAL LOT RELEASE|SHIP LOT
valid_0073,RECEIVE WAFER LOT|LOT IDENTIFICATION|INITIAL WAFER INSPECTION|MEASURE INITIAL THICKNESS|MEASURE SURFACE PARTICLES|PRE CLEAN WAFER|BACKSIDE CLEAN|FRONTSIDE CLEAN|RCA CLEAN 1|RCA CLEAN 2|HF DIP|EPITAXY PREP|EPITAXIAL DEPOSITION|MEASURE EPITAXY THICKNESS|MEASURE RESISTIVITY|EPITAXY ANNEAL|SPIN COAT PHOTORESIST|SOFT BAKE|ALIGN MASK LEVEL 1|EXPOSE LITHO LEVEL 1|DEVELOP PHOTORESIST|FIELD PATTERN INSPECTION|METAL ETCH DRY|STRIP RESIST|CLEAN AFTER FIELD ETCH|MEASURE WINDOW CD|DEPOSIT POLYSILICON|POLYSILICON ANNEAL|MEASURE POLY THICKNESS|SPIN COAT PHOTORESIST|SOFT BAKE|ALIGN MASK LEVEL 2|EXPOSE LITHO LEVEL 2|DEVELOP PHOTORESIST|POLY PATTERN INSPECTION|HARD BAKE|POLYSILICON ETCH DRY|STRIP RESIST|CLEAN AFTER POLY ETCH|MEASURE LINE WIDTH|DEPOSIT PASSIVATION|CURE PASSIVATION|MEASURE PASSIVATION QUALITY|OPEN PAD WINDOW|PAD WINDOW LITHO|DEVELOP PAD WINDOW|PASSIVATION ETCH PAD OPENING|STRIP RESIST|CLEAN PAD OPENING|MEASURE PAD OPENING|BACKSIDE CLEAN|BACKSIDE GRIND|MEASURE WAFER THICKNESS|BACKSIDE ETCH CLEAN|BACKSIDE RINSE|BACKSIDE DRY|BACKSIDE METALLIZATION PREP|DEPOSIT BACKSIDE METAL|BACKSIDE ANNEAL|MEASURE BACKSIDE CONTACT|FINAL CLEAN|FINAL GEOMETRY CHECK|FINAL CD INSPECTION|FINAL PARTICLE INSPECTION|ELECTRICAL PARAMETRIC TEST|LEAKAGE TEST|THRESHOLD VOLTAGE TEST|SWITCHING TEST|WAFER SORT TEST|YIELD ANALYSIS|FINAL LOT RELEASE|SHIP LOT
valid_0074,RECEIVE WAFER LOT|LOT IDENTIFICATION|PRE CLEAN INSPECTION|MEASURE INITIAL THICKNESS|MEASURE SURFACE PARTICLES|PRE CLEAN WAFER|BACKSIDE CLEAN|FRONTSIDE CLEAN|WET CLEAN RCA1|RCA CLEAN 2|HF DIP|DRY WAFER|EPITAXY PREP|EPITAXIAL DEPOSITION|MEASURE EPITAXY THICKNESS|MEASURE RESISTIVITY|EPITAXY ANNEAL|MEASURE JUNCTION PROFILE|DEPOSIT PAD OXIDE|ANISOTROPIC ETCH SPACER|MEASURE GATE OXIDE THICKNESS|SPIN COAT PHOTORESIST|SOFT BAKE|ALIGN MASK LEVEL 5|EXPOSE LITHO LEVEL 5|POST EXPOSE BAKE|DEVELOP PHOTORESIST|VIA OPENING INSPECTION|HARD BAKE|VIA ETCH THROUGH DIELECTRIC|STRIP RESIST|CLEAN AFTER VIA ETCH|MEASURE VIA CD|DEPOSIT BARRIER METAL|DEPOSIT METAL SEED|FILL VIA METAL|CMP METAL|MEASURE CONTACT RESISTANCE|DEPOSIT TOP METAL|ANNEAL METAL|MEASURE METAL THICKNESS|SPIN COAT PHOTORESIST|SOFT BAKE|ALIGN MASK LEVEL 6|EXPOSE LITHO LEVEL 6|DEVELOP PHOTORESIST|METAL PATTERN INSPECTION|METAL ETCH DRY|STRIP PHOTORESIST|CLEAN AFTER METAL ETCH|MEASURE LINE WIDTH|DEPOSIT PASSIVATION|CURE PASSIVATION|MEASURE PASSIVATION QUALITY|OPEN PAD WINDOW|PAD WINDOW LITHO|DEVELOP PHOTORESIST|PASSIVATION ETCH PAD OPENING|STRIP RESIST|CLEAN PAD OPENING|MEASURE PAD OPENING|BACKSIDE CLEAN|BACKSIDE GRIND|MEASURE WAFER THICKNESS|BACKSIDE ETCH CLEAN|BACKSIDE RINSE|BACKSIDE DRY|BACKSIDE METALLIZATION PREP|DEPOSIT BACKSIDE METAL|BACKSIDE ANNEAL|MEASURE BACKSIDE CONTACT|FINAL CLEAN|FINAL GEOMETRY CHECK|FINAL CD INSPECTION|FINAL PARTICLE INSPECTION|PARAMETRIC TEST|LEAKAGE TEST|SWITCHING TEST|THRESHOLD VOLTAGE TEST|SWITCHING TEST|WAFER SORT TEST|YIELD ANALYSIS|FINAL LOT RELEASE|SHIP LOT
valid_0075,BACKSIDE CLEAN|BACKSIDE GRIND|MEASURE WAFER THICKNESS|BACKSIDE ETCH CLEAN|BACKSIDE RINSE|BACKSIDE DRY|BACKSIDE METALLIZATION PREP|DEPOSIT BACKSIDE METAL|BACKSIDE ANNEAL|MEASURE BACKSIDE CONTACT|FINAL CLEAN|FINAL GEOMETRY CHECK|FINAL CD INSPECTION|FINAL PARTICLE INSPECTION|PARAMETRIC TEST|LEAKAGE TEST|SWITCHING TEST|WAFER SORT TEST|YIELD ANALYSIS|FINAL LOT RELEASE|SHIP LOT
valid_0076,DEPOSIT BARRIER METAL|DEPOSIT TUNGSTEN SEED|FILL VIA TUNGSTEN|CMP VIA FILL|MEASURE CONTACT RESISTANCE|DEPOSIT TOP METAL|ANNEAL METAL|MEASURE METAL THICKNESS|SPIN COAT PHOTORESIST|SOFT BAKE|ALIGN MASK LEVEL 5|EXPOSE LITHO LEVEL 5|DEVELOP PHOTORESIST|METAL PATTERN INSPECTION|HARD BAKE|METAL ETCH DRY|STRIP RESIST|CLEAN AFTER METAL ETCH|MEASURE LINE WIDTH|DEPOSIT PASSIVATION|CURE PASSIVATION|MEASURE PASSIVATION QUALITY|OPEN PAD WINDOW|PAD WINDOW LITHO|DEVELOP PAD WINDOW|PASSIVATION ETCH PAD OPENING|STRIP RESIST|CLEAN PAD OPENING|MEASURE PAD OPENING|BACKSIDE CLEAN|BACKSIDE GRIND|MEASURE WAFER THICKNESS|BACKSIDE ETCH CLEAN|BACKSIDE RINSE|BACKSIDE DRY|BACKSIDE METALLIZATION PREP|DEPOSIT BACKSIDE METAL|BACKSIDE ANNEAL|MEASURE BACKSIDE CONTACT|FINAL CLEAN|FINAL GEOMETRY CHECK|FINAL PARTICLE INSPECTION|ELECTRICAL PARAMETRIC TEST|LEAKAGE TEST|THRESHOLD VOLTAGE TEST|SWITCHING TEST|WAFER SORT TEST|YIELD ANALYSIS|FINAL LOT RELEASE|SHIP LOT
valid_0077,BACKSIDE CLEAN|BACKSIDE GRIND|MEASURE WAFER THICKNESS|BACKSIDE ETCH CLEAN|BACKSIDE RINSE|BACKSIDE DRY|BACKSIDE METALLIZATION PREP|DEPOSIT BACKSIDE METAL|BACKSIDE ANNEAL|MEASURE BACKSIDE CONTACT|FINAL CLEAN|FINAL GEOMETRY CHECK|FINAL PARTICLE INSPECTION|ELECTRICAL PARAMETRIC TEST|LEAKAGE TEST|THRESHOLD VOLTAGE TEST|SWITCHING TEST|WAFER SORT TEST|YIELD ANALYSIS|FINAL LOT RELEASE|SHIP LOT
valid_0078,RECEIVE WAFER LOT|LOT IDENTIFICATION|PRE CLEAN INSPECTION|MEASURE INITIAL THICKNESS|MEASURE SURFACE PARTICLES|PRE CLEAN WAFER|BACKSIDE CLEAN|FRONTSIDE CLEAN|WET CLEAN RCA1|WET CLEAN RCA2|HF DIP|EPITAXY PREP|EPITAXIAL DEPOSITION|MEASURE EPITAXY THICKNESS|MEASURE RESISTIVITY|EPITAXY ANNEAL|MEASURE JUNCTION PROFILE|DEPOSIT PAD OXIDE|ANISOTROPIC ETCH SPACER|MEASURE GATE OXIDE THICKNESS|SPIN COAT PHOTORESIST|SOFT BAKE|ALIGN MASK LEVEL 5|EXPOSE LITHO LEVEL 5|DEVELOP PHOTORESIST|VIA OPENING INSPECTION|VIA ETCH THROUGH DIELECTRIC|STRIP RESIST|CLEAN AFTER VIA ETCH|MEASURE VIA CD|DEPOSIT BARRIER METAL|DEPOSIT METAL SEED|FILL VIA METAL|CMP METAL|MEASURE CONTACT RESISTANCE|DEPOSIT TOP METAL|ANNEAL METAL|SPIN COAT PHOTORESIST|SOFT BAKE|ALIGN MASK LEVEL 6|EXPOSE LITHO LEVEL 6|DEVELOP PHOTORESIST|METAL PATTERN INSPECTION|METAL ETCH DRY|STRIP RESIST|CLEAN AFTER METAL ETCH|MEASURE LINE WIDTH|DEPOSIT PASSIVATION|CURE PASSIVATION|MEASURE PASSIVATION QUALITY|OPEN PAD WINDOW|PAD WINDOW LITHO|DEVELOP PAD WINDOW|PASSIVATION ETCH PAD OPENING|STRIP RESIST|CLEAN PAD OPENING|MEASURE PAD OPENING|BACKSIDE CLEAN|BACKSIDE GRIND|MEASURE WAFER THICKNESS|BACKSIDE ETCH CLEAN|BACKSIDE RINSE|BACKSIDE DRY|BACKSIDE METALLIZATION PREP|DEPOSIT BACKSIDE METAL|BACKSIDE ANNEAL|MEASURE BACKSIDE CONTACT|FINAL CLEAN|FINAL GEOMETRY CHECK|FINAL PARTICLE INSPECTION|ELECTRICAL PARAMETRIC TEST|LEAKAGE TEST|THRESHOLD VOLTAGE TEST|SWITCHING TEST|WAFER SORT TEST|YIELD ANALYSIS|FINAL LOT RELEASE|SHIP LOT
valid_0079,BACKSIDE CLEAN|BACKSIDE GRIND|MEASURE THICKNESS|BACKSIDE ETCH CLEAN|BACKSIDE RINSE|BACKSIDE DRY|BACKSIDE METALLIZATION PREP|DEPOSIT BACKSIDE METAL|BACKSIDE ANNEAL|MEASURE BACKSIDE CONTACT|FINAL CLEAN|FINAL GEOMETRY CHECK|FINAL PARTICLE INSPECTION|ELECTRICAL PARAMETRIC TEST|LEAKAGE TEST|THRESHOLD VOLTAGE TEST|SWITCHING TEST|WAFER SORT TEST|YIELD ANALYSIS|FINAL LOT RELEASE|SHIP LOT
valid_0080,RECEIVE WAFER LOT|LOT IDENTIFICATION|INITIAL WAFER INSPECTION|MEASURE INITIAL THICKNESS|MEASURE SURFACE PARTICLES|PRE CLEAN WAFER|BACKSIDE CLEAN|FRONTSIDE CLEAN|WET CLEAN RCA1|RCA CLEAN 2|HF DIP|DRY WAFER|EPITAXIAL WAFER CHECK|MEASURE EPITAXY THICKNESS|MEASURE RESISTIVITY|EPITAXY PREP|OXIDE STRIP|MEASURE OXIDE THICKNESS|SPIN COAT PHOTORESIST|SOFT BAKE|ALIGN MASK LEVEL 1|EXPOSE LITHO LEVEL 1|DEVELOP PHOTORESIST|VIA OPENING INSPECTION|VIA ETCH THROUGH DIELECTRIC|STRIP RESIST|CLEAN AFTER VIA ETCH|MEASURE VIA CD|DEPOSIT BARRIER METAL|DEPOSIT METAL SEED|FILL VIA METAL|CMP METAL|MEASURE CONTACT RESISTANCE|DEPOSIT TOP METAL|ANNEAL METAL|SPIN COAT PHOTORESIST|SOFT BAKE|ALIGN MASK LEVEL 2|EXPOSE LITHO LEVEL 2|DEVELOP PHOTORESIST|METAL PATTERN INSPECTION|METAL ETCH DRY|STRIP PHOTORESIST|CLEAN AFTER METAL ETCH|MEASURE LINE WIDTH|DEPOSIT PASSIVATION|CURE PASSIVATION|MEASURE PASSIVATION QUALITY|OPEN PAD WINDOW|PAD WINDOW LITHO|DEVELOP PAD WINDOW|PASSIVATION ETCH PAD OPENING|STRIP RESIST|CLEAN PAD OPENING|MEASURE PAD OPENING|BACKSIDE CLEAN|BACKSIDE GRIND|MEASURE WAFER THICKNESS|BACKSIDE ETCH CLEAN|BACKSIDE RINSE|BACKSIDE DRY|BACKSIDE METALLIZATION PREP|DEPOSIT BACKSIDE METAL|BACKSIDE ANNEAL|MEASURE BACKSIDE CONTACT|FINAL CLEAN|FINAL GEOMETRY CHECK|FINAL PARTICLE INSPECTION|ELECTRICAL PARAMETRIC TEST|LEAKAGE TEST|THRESHOLD VOLTAGE TEST|SWITCHING TEST|WAFER SORT TEST|YIELD ANALYSIS|FINAL LOT RELEASE|SHIP LOT
valid_0081,BACKSIDE CLEAN|BACKSIDE GRIND|MEASURE THICKNESS|BACKSIDE ETCH CLEAN|BACKSIDE RINSE|BACKSIDE DRY|BACKSIDE METALLIZATION PREP|DEPOSIT BACKSIDE METAL|BACKSIDE ANNEAL|MEASURE BACKSIDE CONTACT|FINAL CLEAN|FINAL GEOMETRY CHECK|FINAL PARTICLE INSPECTION|ELECTRICAL PARAMETRIC TEST|LEAKAGE TEST|THRESHOLD VOLTAGE TEST|SWITCHING TEST|WAFER SORT TEST|YIELD ANALYSIS|FINAL LOT RELEASE|SHIP LOT
valid_0082,BACKSIDE CLEAN|BACKSIDE GRIND|MEASURE WAFER THICKNESS|BACKSIDE ETCH CLEAN|BACKSIDE RINSE|BACKSIDE DRY|BACKSIDE METALLIZATION PREP|DEPOSIT BACKSIDE METAL|BACKSIDE ANNEAL|MEASURE BACKSIDE CONTACT|FINAL CLEAN|FINAL GEOMETRY CHECK|FINAL CD INSPECTION|PARAMETRIC TEST|LEAKAGE TEST|SWITCHING TEST|WAFER SORT TEST|YIELD ANALYSIS|FINAL LOT RELEASE|SHIP LOT
valid_0083,RECEIVE WAFER LOT|LOT IDENTIFICATION|INITIAL WAFER INSPECTION|MEASURE INITIAL THICKNESS|MEASURE SURFACE PARTICLES|PRE CLEAN WAFER|BACKSIDE CLEAN|FRONTSIDE CLEAN|WET CLEAN RCA1|WET CLEAN RCA2|HF DIP|DRY WAFER|EPITAXIAL WAFER CHECK|MEASURE EPITAXY THICKNESS|MEASURE RESISTIVITY|EPITAXY PREP|OXIDE STRIP|MEASURE OXIDE THICKNESS|SPIN COAT PHOTORESIST|SOFT BAKE|ALIGN MASK LEVEL 1|EXPOSE LITHO LEVEL 1|DEVELOP PHOTORESIST|FIELD PATTERN INSPECTION|OXIDE ETCH DRY|STRIP RESIST|CLEAN AFTER OXIDE ETCH|MEASURE OPENING CD|DEPOSIT PAD OXIDE|ANNEAL OXIDE|MEASURE FILM THICKNESS|SPIN COAT PHOTORESIST|SOFT BAKE|ALIGN MASK LEVEL 2|EXPOSE LITHO LEVEL 2|DEVELOP PHOTORESIST|VIA INSPECTION|VIA ETCH|STRIP RESIST|CLEAN AFTER VIA ETCH|DEPOSIT BARRIER METAL|DEPOSIT METAL SEED|FILL VIA METAL|CMP VIA FILL|MEASURE CONTACT RESISTANCE|DEPOSIT TOP METAL|ANNEAL METAL|SPIN COAT PHOTORESIST|SOFT BAKE|ALIGN MASK LEVEL 3|EXPOSE LITHO LEVEL 3|DEVELOP PHOTORESIST|METAL PATTERN INSPECTION|HARD BAKE|METAL ETCH DRY|STRIP PHOTORESIST|CLEAN AFTER METAL ETCH|MEASURE LINE WIDTH|DEPOSIT PASSIVATION|CURE PASSIVATION|MEASURE PASSIVATION QUALITY|OPEN PAD WINDOW|OPEN PAD WINDOW LITHO|DEVELOP PAD WINDOW|PASSIVATION ETCH PAD OPENING|STRIP RESIST|CLEAN PAD OPENING|MEASURE PAD OPENING|BACKSIDE CLEAN|BACKSIDE GRIND|MEASURE WAFER THICKNESS|BACKSIDE ETCH CLEAN|BACKSIDE RINSE|BACKSIDE DRY|BACKSIDE METALLIZATION PREP|DEPOSIT BACKSIDE METAL|BACKSIDE ANNEAL|MEASURE BACKSIDE CONTACT|FINAL CLEAN|FINAL GEOMETRY CHECK|FINAL CD INSPECTION|FINAL PARTICLE INSPECTION|PARAMETRIC TEST|LEAKAGE TEST|SWITCHING TEST|THRESHOLD VOLTAGE TEST|SWITCHING TEST|WAFER SORT TEST|YIELD ANALYSIS|FINAL LOT RELEASE|SHIP LOT
valid_0084,BACKSIDE CLEAN|BACKSIDE GRIND|MEASURE WAFER THICKNESS|BACKSIDE ETCH CLEAN|BACKSIDE RINSE|BACKSIDE DRY|BACKSIDE METALLIZATION PREP|DEPOSIT BACKSIDE METAL|BACKSIDE ANNEAL|MEASURE BACKSIDE CONTACT|FINAL CLEAN|FINAL GEOMETRY CHECK|FINAL PARTICLE INSPECTION|ELECTRICAL PARAMETRIC TEST|LEAKAGE TEST|THRESHOLD VOLTAGE TEST|SWITCHING TEST|WAFER SORT TEST|YIELD ANALYSIS|FINAL LOT RELEASE|SHIP LOT
valid_0085,RECEIVE WAFER LOT|LOT IDENTIFICATION|PRE CLEAN INSPECTION|MEASURE INITIAL THICKNESS|MEASURE SURFACE PARTICLES|PRE CLEAN WAFER|BACKSIDE CLEAN|FRONTSIDE CLEAN|WET CLEAN RCA1|WET CLEAN RCA2|HF DIP|EPITAXIAL WAFER CHECK|MEASURE EPITAXY THICKNESS|MEASURE RESISTIVITY|EPITAXY PREP|OXIDE STRIP|MEASURE OXIDE THICKNESS|SPIN COAT PHOTORESIST|SOFT BAKE|ALIGN MASK LEVEL 1|EXPOSE LITHO LEVEL 1|DEVELOP PHOTORESIST|VIA INSPECTION|VIA ETCH|STRIP RESIST|CLEAN AFTER VIA ETCH|MEASURE VIA CD|DEPOSIT BARRIER METAL|DEPOSIT METAL SEED|FILL VIA METAL|CMP VIA FILL|MEASURE CONTACT RESISTANCE|DEPOSIT TOP METAL|ANNEAL METAL|SPIN COAT PHOTORESIST|SOFT BAKE|ALIGN MASK LEVEL 2|EXPOSE LITHO LEVEL 2|DEVELOP PHOTORESIST|METAL PATTERN INSPECTION|METAL ETCH DRY|STRIP RESIST|CLEAN AFTER METAL ETCH|MEASURE LINE WIDTH|DEPOSIT PASSIVATION LAYER|CURE PASSIVATION|MEASURE PASSIVATION QUALITY|OPEN PAD WINDOW|PAD WINDOW LITHO|DEVELOP PAD WINDOW|PASSIVATION ETCH PAD OPENING|STRIP RESIST|CLEAN PAD OPENING|MEASURE PAD OPENING|BACKSIDE CLEAN|BACKSIDE GRIND|MEASURE WAFER THICKNESS|BACKSIDE ETCH CLEAN|BACKSIDE RINSE|BACKSIDE DRY|BACKSIDE METALLIZATION PREP|DEPOSIT BACKSIDE METAL|BACKSIDE ANNEAL|MEASURE BACKSIDE CONTACT|FINAL CLEAN|FINAL GEOMETRY CHECK|FINAL PARTICLE INSPECTION|ELECTRICAL PARAMETRIC TEST|LEAKAGE TEST|THRESHOLD VOLTAGE TEST|SWITCHING TEST|WAFER SORT TEST|YIELD ANALYSIS|FINAL LOT RELEASE|SHIP LOT
valid_0086,RECEIVE WAFER LOT|LOT IDENTIFICATION|PRE CLEAN INSPECTION|MEASURE INITIAL THICKNESS|MEASURE SURFACE PARTICLES|PRE CLEAN WAFER|BACKSIDE CLEAN|FRONTSIDE CLEAN|RCA CLEAN 1|RCA CLEAN 2|HF DIP|DRY WAFER|EPITAXIAL WAFER CHECK|MEASURE EPITAXY THICKNESS|MEASURE RESISTIVITY|EPITAXY PREP|OXIDE STRIP|MEASURE OXIDE THICKNESS|SPIN COAT PHOTORESIST|SOFT BAKE|ALIGN MASK LEVEL 1|EXPOSE LITHO LEVEL 1|POST EXPOSE BAKE|DEVELOP PHOTORESIST|VIA OPENING INSPECTION|VIA ETCH THROUGH DIELECTRIC|STRIP RESIST|CLEAN AFTER VIA ETCH|MEASURE VIA CD|DEPOSIT BARRIER METAL|DEPOSIT METAL SEED|FILL VIA METAL|CMP VIA FILL|MEASURE CONTACT RESISTANCE|DEPOSIT TOP METAL|ANNEAL METAL|SPIN COAT PHOTORESIST|SOFT BAKE|ALIGN MASK LEVEL 2|EXPOSE LITHO LEVEL 2|DEVELOP PHOTORESIST|METAL PATTERN INSPECTION|METAL ETCH DRY|STRIP RESIST|CLEAN AFTER METAL ETCH|MEASURE LINE WIDTH|DEPOSIT PASSIVATION|CURE PASSIVATION|MEASURE PASSIVATION QUALITY|OPEN PAD WINDOW|PAD WINDOW LITHO|DEVELOP PAD WINDOW|PASSIVATION ETCH PAD OPENING|STRIP RESIST|CLEAN PAD OPENING|MEASURE PAD OPENING|BACKSIDE CLEAN|BACKSIDE GRIND|MEASURE WAFER THICKNESS|BACKSIDE ETCH CLEAN|BACKSIDE RINSE|BACKSIDE DRY|BACKSIDE METALLIZATION PREP|DEPOSIT BACKSIDE METAL|BACKSIDE ANNEAL|MEASURE BACKSIDE CONTACT|FINAL CLEAN|FINAL GEOMETRY CHECK|FINAL PARTICLE INSPECTION|ELECTRICAL PARAMETRIC TEST|LEAKAGE TEST|THRESHOLD VOLTAGE TEST|SWITCHING TEST|WAFER SORT TEST|YIELD ANALYSIS|FINAL LOT RELEASE|SHIP LOT
valid_0087,RECEIVE WAFER LOT|LOT IDENTIFICATION|PRE CLEAN INSPECTION|MEASURE INITIAL THICKNESS|MEASURE SURFACE PARTICLES|PRE CLEAN WAFER|BACKSIDE CLEAN|FRONTSIDE CLEAN|RCA CLEAN 1|RCA CLEAN 2|HF DIP|DRY WAFER|EPITAXIAL WAFER CHECK|MEASURE EPITAXY THICKNESS|MEASURE RESISTIVITY|EPITAXY PREP|OXIDE STRIP|MEASURE OXIDE THICKNESS|SPIN COAT PHOTORESIST|SOFT BAKE|ALIGN MASK LEVEL 1|EXPOSE LITHO LEVEL 1|POST EXPOSE BAKE|DEVELOP PHOTORESIST|FIELD PATTERN INSPECTION|HARD BAKE|OXIDE ETCH DRY|STRIP RESIST|CLEAN AFTER OXIDE ETCH|MEASURE WINDOW CD|DEPOSIT PAD OXIDE|ANNEAL OXIDE|MEASURE OXIDE THICKNESS|SPIN COAT PHOTORESIST|SOFT BAKE|ALIGN MASK LEVEL 2|EXPOSE LITHO LEVEL 2|DEVELOP PHOTORESIST|VIA OPENING INSPECTION|HARD BAKE|VIA ETCH|STRIP RESIST|CLEAN AFTER VIA ETCH|DEPOSIT BARRIER METAL|DEPOSIT METAL SEED|FILL VIA METAL|CMP VIA FILL|MEASURE CONTACT RESISTANCE|DEPOSIT TOP METAL|ANNEAL METAL|SPIN COAT PHOTORESIST|SOFT BAKE|ALIGN MASK LEVEL 3|EXPOSE LITHO LEVEL 3|DEVELOP PHOTORESIST|METAL PATTERN INSPECTION|HARD BAKE|METAL ETCH DRY|STRIP RESIST|CLEAN AFTER METAL ETCH|MEASURE LINE WIDTH|DEPOSIT PASSIVATION|CURE PASSIVATION|MEASURE PASSIVATION QUALITY|OPEN PAD WINDOW|OPEN PAD WINDOW LITHO|DEVELOP PAD WINDOW|PASSIVATION ETCH PAD OPENING|STRIP RESIST|CLEAN PAD OPENING|MEASURE PAD OPENING|BACKSIDE CLEAN|BACKSIDE GRIND|MEASURE WAFER THICKNESS|BACKSIDE ETCH CLEAN|BACKSIDE RINSE|BACKSIDE DRY|BACKSIDE METALLIZATION PREP|DEPOSIT BACKSIDE METAL|BACKSIDE ANNEAL|MEASURE BACKSIDE CONTACT|FINAL CLEAN|FINAL GEOMETRY CHECK|FINAL PARTICLE INSPECTION|ELECTRICAL PARAMETRIC TEST|LEAKAGE TEST|THRESHOLD VOLTAGE TEST|SWITCHING TEST|WAFER SORT TEST|YIELD ANALYSIS|FINAL LOT RELEASE|SHIP LOT
valid_0088,RECEIVE WAFER LOT|LOT IDENTIFICATION|PRE CLEAN INSPECTION|MEASURE INITIAL THICKNESS|MEASURE SURFACE PARTICLES|PRE CLEAN WAFER|BACKSIDE CLEAN|FRONTSIDE CLEAN|RCA CLEAN 1|RCA CLEAN 2|HF DIP|EPITAXIAL WAFER CHECK|MEASURE EPITAXY THICKNESS|MEASURE RESISTIVITY|EPITAXY PREP|OXIDE STRIP|MEASURE OXIDE THICKNESS|SPIN COAT PHOTORESIST|SOFT BAKE|ALIGN MASK LEVEL 1|EXPOSE LITHO LEVEL 1|DEVELOP PHOTORESIST|VIA OPENING INSPECTION|VIA ETCH THROUGH DIELECTRIC|STRIP RESIST|CLEAN AFTER VIA ETCH|MEASURE VIA CD|DEPOSIT BARRIER METAL|DEPOSIT METAL SEED|FILL VIA METAL|CMP METAL|MEASURE CONTACT RESISTANCE|DEPOSIT TOP METAL|ANNEAL METAL|MEASURE METAL THICKNESS|SPIN COAT PHOTORESIST|SOFT BAKE|ALIGN MASK LEVEL 2|EXPOSE LITHO LEVEL 2|DEVELOP PHOTORESIST|METAL PATTERN INSPECTION|METAL ETCH DRY|STRIP RESIST|CLEAN AFTER METAL ETCH|MEASURE LINE WIDTH|DEPOSIT PASSIVATION|CURE PASSIVATION|MEASURE PASSIVATION QUALITY|OPEN PAD WINDOW|PAD WINDOW LITHO|DEVELOP PAD WINDOW|PASSIVATION ETCH PAD OPENING|STRIP RESIST|CLEAN PAD OPENING|MEASURE PAD OPENING|BACKSIDE CLEAN|BACKSIDE GRIND|MEASURE WAFER THICKNESS|BACKSIDE ETCH CLEAN|BACKSIDE RINSE|BACKSIDE DRY|BACKSIDE METALLIZATION PREP|DEPOSIT BACKSIDE METAL|BACKSIDE ANNEAL|MEASURE BACKSIDE CONTACT|FINAL CLEAN|FINAL GEOMETRY CHECK|FINAL PARTICLE INSPECTION|ELECTRICAL PARAMETRIC TEST|LEAKAGE TEST|THRESHOLD VOLTAGE TEST|SWITCHING TEST|WAFER SORT TEST|YIELD ANALYSIS|FINAL LOT RELEASE|SHIP LOT
valid_0089,BACKSIDE CLEAN|BACKSIDE GRIND|MEASURE WAFER THICKNESS|BACKSIDE ETCH CLEAN|BACKSIDE RINSE|BACKSIDE DRY|BACKSIDE METALLIZATION PREP|DEPOSIT BACKSIDE METAL|BACKSIDE ANNEAL|MEASURE BACKSIDE CONTACT|FINAL CLEAN|FINAL GEOMETRY CHECK|FINAL PARTICLE INSPECTION|ELECTRICAL PARAMETRIC TEST|LEAKAGE TEST|THRESHOLD VOLTAGE TEST|SWITCHING TEST|WAFER SORT TEST|YIELD ANALYSIS|FINAL LOT RELEASE|SHIP LOT
valid_0090,RECEIVE WAFER LOT|LOT IDENTIFICATION|INITIAL WAFER INSPECTION|MEASURE INITIAL THICKNESS|MEASURE SURFACE PARTICLES|PRE CLEAN WAFER|BACKSIDE CLEAN|FRONTSIDE CLEAN|WET CLEAN RCA1|WET CLEAN RCA2|HF DIP|DRY WAFER|EPITAXIAL WAFER CHECK|MEASURE EPITAXY THICKNESS|MEASURE RESISTIVITY|EPITAXY PREP|OXIDE STRIP|MEASURE OXIDE THICKNESS|SPIN COAT PHOTORESIST|SOFT BAKE|ALIGN MASK LEVEL 1|EXPOSE LITHO LEVEL 1|DEVELOP PHOTORESIST|VIA OPENING INSPECTION|HARD BAKE|VIA ETCH THROUGH DIELECTRIC|STRIP RESIST|CLEAN AFTER VIA ETCH|MEASURE VIA CD|DEPOSIT BARRIER METAL|DEPOSIT METAL SEED|FILL VIA METAL|CMP METAL|MEASURE CONTACT RESISTANCE|DEPOSIT TOP METAL|ANNEAL METAL|SPIN COAT PHOTORESIST|SOFT BAKE|ALIGN MASK LEVEL 2|EXPOSE LITHO LEVEL 2|DEVELOP PHOTORESIST|METAL PATTERN INSPECTION|METAL ETCH DRY|STRIP RESIST|CLEAN AFTER METAL ETCH|MEASURE LINE WIDTH|DEPOSIT PASSIVATION|CURE PASSIVATION|MEASURE PASSIVATION QUALITY|OPEN PAD WINDOW|PAD WINDOW LITHO|DEVELOP PAD WINDOW|PASSIVATION ETCH PAD OPENING|STRIP RESIST|CLEAN PAD OPENING|MEASURE PAD OPENING|BACKSIDE CLEAN|BACKSIDE GRIND|MEASURE WAFER THICKNESS|BACKSIDE ETCH CLEAN|BACKSIDE RINSE|BACKSIDE DRY|BACKSIDE METALLIZATION PREP|DEPOSIT BACKSIDE METAL|BACKSIDE ANNEAL|MEASURE BACKSIDE CONTACT|FINAL CLEAN|FINAL GEOMETRY CHECK|FINAL PARTICLE INSPECTION|ELECTRICAL PARAMETRIC TEST|LEAKAGE TEST|THRESHOLD VOLTAGE TEST|SWITCHING TEST|WAFER SORT TEST|YIELD ANALYSIS|FINAL LOT RELEASE|SHIP LOT
valid_0091,RECEIVE WAFER LOT|LOT IDENTIFICATION|INITIAL WAFER INSPECTION|MEASURE INITIAL THICKNESS|MEASURE SURFACE PARTICLES|PRE CLEAN WAFER|BACKSIDE CLEAN|FRONTSIDE CLEAN|WET CLEAN RCA1|WET CLEAN RCA2|HF DIP|DRY WAFER|EPITAXY PREP|EPITAXIAL DEPOSITION|MEASURE EPITAXY THICKNESS|MEASURE RESISTIVITY|EPITAXY ANNEAL|MEASURE JUNCTION PROFILE|DEPOSIT PAD OXIDE|ANNEAL OXIDE|MEASURE OXIDE THICKNESS|SPIN COAT PHOTORESIST|SOFT BAKE|ALIGN MASK LEVEL 3|EXPOSE LITHO LEVEL 6|DEVELOP PHOTORESIST|VIA OPENING INSPECTION|HARD BAKE|VIA ETCH|STRIP RESIST|CLEAN AFTER VIA ETCH|MEASURE VIA CD|DEPOSIT BARRIER METAL|DEPOSIT METAL SEED|FILL VIA METAL|CMP METAL|DEPOSIT TOP METAL|ANNEAL METAL|SPIN COAT PHOTORESIST|SOFT BAKE|ALIGN MASK LEVEL 3|EXPOSE LITHO LEVEL 6|DEVELOP PHOTORESIST|METAL PATTERN INSPECTION|METAL ETCH DRY|STRIP PHOTORESIST|CLEAN AFTER METAL ETCH|MEASURE LINE WIDTH|DEPOSIT PASSIVATION|CURE PASSIVATION|MEASURE PASSIVATION QUALITY|OPEN PAD WINDOW|OPEN PAD WINDOW LITHO|DEVELOP PAD WINDOW|PASSIVATION ETCH PAD OPENING|STRIP RESIST|CLEAN PAD OPENING|MEASURE PAD OPENING|BACKSIDE CLEAN|BACKSIDE GRIND|MEASURE WAFER THICKNESS|BACKSIDE ETCH CLEAN|BACKSIDE RINSE|BACKSIDE DRY|BACKSIDE METALLIZATION PREP|DEPOSIT BACKSIDE METAL|BACKSIDE ANNEAL|MEASURE BACKSIDE CONTACT|FINAL CLEAN|FINAL GEOMETRY CHECK|FINAL PARTICLE INSPECTION|ELECTRICAL PARAMETRIC TEST|LEAKAGE TEST|THRESHOLD VOLTAGE TEST|SWITCHING TEST|WAFER SORT TEST|YIELD ANALYSIS|FINAL LOT RELEASE|SHIP LOT
valid_0092,BACKSIDE CLEAN|BACKSIDE GRIND|MEASURE THICKNESS|BACKSIDE ETCH CLEAN|BACKSIDE RINSE|BACKSIDE DRY|BACKSIDE METALLIZATION PREP|DEPOSIT BACKSIDE METAL|BACKSIDE ANNEAL|MEASURE BACKSIDE CONTACT|FINAL CLEAN|FINAL GEOMETRY CHECK|FINAL CD INSPECTION|FINAL PARTICLE INSPECTION|PARAMETRIC TEST|LEAKAGE TEST|SWITCHING TEST|WAFER SORT TEST|YIELD ANALYSIS|FINAL LOT RELEASE|SHIP LOT
valid_0093,RECEIVE WAFER LOT|LOT IDENTIFICATION|INITIAL WAFER INSPECTION|MEASURE SURFACE PARTICLES|PRE CLEAN WAFER|BACKSIDE CLEAN|FRONTSIDE CLEAN|RCA CLEAN 1|RCA CLEAN 2|HF DIP|EPITAXIAL WAFER CHECK|MEASURE EPITAXY THICKNESS|MEASURE RESISTIVITY|EPITAXY PREP|OXIDE STRIP|MEASURE OXIDE THICKNESS|SPIN COAT PHOTORESIST|SOFT BAKE|ALIGN MASK LEVEL 1|EXPOSE LITHO LEVEL 1|DEVELOP PHOTORESIST|VIA OPENING INSPECTION|VIA ETCH|STRIP RESIST|CLEAN AFTER VIA ETCH|MEASURE VIA CD|DEPOSIT BARRIER METAL|DEPOSIT METAL SEED|FILL VIA METAL|CMP VIA FILL|MEASURE VIA RESISTANCE|DEPOSIT TOP METAL|ANNEAL METAL|SPIN COAT PHOTORESIST|SOFT BAKE|ALIGN MASK LEVEL 2|EXPOSE LITHO LEVEL 2|DEVELOP PHOTORESIST|METAL PATTERN INSPECTION|METAL ETCH DRY|STRIP PHOTORESIST|CLEAN AFTER METAL ETCH|MEASURE LINE WIDTH|DEPOSIT PASSIVATION|CURE PASSIVATION|MEASURE PASSIVATION QUALITY|OPEN PAD WINDOW|PAD WINDOW LITHO|DEVELOP PAD WINDOW|PASSIVATION ETCH PAD OPENING|STRIP RESIST|CLEAN PAD OPENING|MEASURE PAD OPENING|BACKSIDE CLEAN|BACKSIDE GRIND|MEASURE WAFER THICKNESS|BACKSIDE ETCH CLEAN|BACKSIDE RINSE|BACKSIDE DRY|BACKSIDE METALLIZATION PREP|DEPOSIT BACKSIDE METAL|BACKSIDE ANNEAL|MEASURE BACKSIDE CONTACT|FINAL CLEAN|FINAL GEOMETRY CHECK|FINAL CD INSPECTION|FINAL PARTICLE INSPECTION|PARAMETRIC TEST|LEAKAGE TEST|SWITCHING TEST|WAFER SORT TEST|YIELD ANALYSIS|FINAL LOT RELEASE|SHIP LOT
valid_0094,RECEIVE WAFER LOT|LOT IDENTIFICATION|PRE CLEAN INSPECTION|MEASURE INITIAL THICKNESS|MEASURE SURFACE PARTICLES|PRE CLEAN WAFER|BACKSIDE CLEAN|FRONTSIDE CLEAN|WET CLEAN RCA1|WET CLEAN RCA2|HF DIP|DRY WAFER|EPITAXY PREP|EPITAXIAL DEPOSITION|MEASURE EPITAXY THICKNESS|MEASURE RESISTIVITY|EPITAXY ANNEAL|MEASURE JUNCTION PROFILE|DEPOSIT PAD OXIDE|ANISOTROPIC ETCH SPACER|MEASURE GATE OXIDE THICKNESS|SPIN COAT PHOTORESIST|SOFT BAKE|ALIGN MASK LEVEL 5|EXPOSE LITHO LEVEL 5|DEVELOP PHOTORESIST|VIA OPENING INSPECTION|HARD BAKE|VIA ETCH THROUGH DIELECTRIC|STRIP RESIST|CLEAN AFTER VIA ETCH|MEASURE VIA CD|DEPOSIT BARRIER METAL|DEPOSIT METAL SEED|FILL VIA METAL|CMP METAL|MEASURE CONTACT RESISTANCE|DEPOSIT TOP METAL|ANNEAL METAL|SPIN COAT PHOTORESIST|SOFT BAKE|ALIGN MASK LEVEL 6|EXPOSE LITHO LEVEL 6|DEVELOP PHOTORESIST|METAL PATTERN INSPECTION|METAL ETCH DRY|STRIP RESIST|CLEAN AFTER METAL ETCH|MEASURE LINE WIDTH|DEPOSIT PASSIVATION|CURE PASSIVATION|MEASURE PASSIVATION QUALITY|OPEN PAD WINDOW|PAD WINDOW LITHO|DEVELOP PHOTORESIST|PASSIVATION ETCH PAD OPENING|STRIP RESIST|CLEAN PAD OPENING|MEASURE PAD OPENING|BACKSIDE CLEAN|BACKSIDE GRIND|MEASURE WAFER THICKNESS|BACKSIDE ETCH CLEAN|BACKSIDE RINSE|BACKSIDE DRY|BACKSIDE METALLIZATION PREP|DEPOSIT BACKSIDE METAL|BACKSIDE ANNEAL|MEASURE BACKSIDE CONTACT|FINAL CLEAN|FINAL GEOMETRY CHECK|FINAL CD INSPECTION|FINAL PARTICLE INSPECTION|PARAMETRIC TEST|LEAKAGE TEST|SWITCHING TEST|THRESHOLD VOLTAGE TEST|SWITCHING TEST|WAFER SORT TEST|YIELD ANALYSIS|FINAL LOT RELEASE|SHIP LOT
valid_0095,RECEIVE WAFER LOT|LOT IDENTIFICATION|PRE CLEAN INSPECTION|MEASURE INITIAL THICKNESS|MEASURE SURFACE PARTICLES|PRE CLEAN WAFER|BACKSIDE CLEAN|FRONTSIDE CLEAN|WET CLEAN RCA1|WET CLEAN RCA2|HF DIP|DRY WAFER|EPITAXY PREP|EPITAXIAL DEPOSITION|MEASURE EPITAXY THICKNESS|MEASURE RESISTIVITY|EPITAXY ANNEAL|MEASURE JUNCTION PROFILE|DEPOSIT PAD OXIDE|ANNEAL OXIDE|MEASURE FILM THICKNESS|SPIN COAT PHOTORESIST|SOFT BAKE|ALIGN MASK LEVEL 3|EXPOSE LITHO LEVEL 6|DEVELOP PHOTORESIST|VIA OPENING INSPECTION|VIA ETCH|STRIP PHOTORESIST|CLEAN AFTER VIA ETCH|MEASURE VIA CD|DEPOSIT BARRIER METAL|DEPOSIT METAL SEED|FILL VIA METAL|CMP METAL|MEASURE CONTACT RESISTANCE|DEPOSIT TOP METAL|ANNEAL METAL|MEASURE METAL THICKNESS|SPIN COAT PHOTORESIST|SOFT BAKE|ALIGN MASK LEVEL 3|EXPOSE LITHO LEVEL 6|DEVELOP PHOTORESIST|METAL PATTERN INSPECTION|HARD BAKE|METAL ETCH DRY|STRIP RESIST|CLEAN AFTER METAL ETCH|MEASURE LINE WIDTH|DEPOSIT PASSIVATION|CURE PASSIVATION|MEASURE PASSIVATION QUALITY|OPEN PAD WINDOW|PAD WINDOW LITHO|DEVELOP PHOTORESIST|PASSIVATION ETCH PAD OPENING|STRIP RESIST|CLEAN PAD OPENING|MEASURE PAD OPENING|BACKSIDE CLEAN|BACKSIDE GRIND|MEASURE WAFER THICKNESS|BACKSIDE ETCH CLEAN|BACKSIDE RINSE|BACKSIDE DRY|BACKSIDE METALLIZATION PREP|DEPOSIT BACKSIDE METAL|BACKSIDE ANNEAL|MEASURE BACKSIDE CONTACT|FINAL CLEAN|FINAL GEOMETRY CHECK|FINAL CD INSPECTION|FINAL PARTICLE INSPECTION|PARAMETRIC TEST|LEAKAGE TEST|SWITCHING TEST|THRESHOLD VOLTAGE TEST|SWITCHING TEST|WAFER SORT TEST|YIELD ANALYSIS|FINAL LOT RELEASE|SHIP LOT
valid_0096,RECEIVE WAFER LOT|LOT IDENTIFICATION|PRE CLEAN INSPECTION|MEASURE INITIAL THICKNESS|MEASURE SURFACE PARTICLES|PRE CLEAN WAFER|BACKSIDE CLEAN|FRONTSIDE CLEAN|RCA CLEAN 1|WET CLEAN RCA2|HF DIP|DRY WAFER|EPITAXY PREP|EPITAXIAL DEPOSITION|MEASURE EPITAXY THICKNESS|MEASURE RESISTIVITY|EPITAXY ANNEAL|MEASURE JUNCTION PROFILE|DEPOSIT PAD OXIDE|ANISOTROPIC ETCH SPACER|MEASURE GATE OXIDE THICKNESS|SPIN COAT PHOTORESIST|SOFT BAKE|ALIGN MASK LEVEL 5|EXPOSE LITHO LEVEL 5|DEVELOP PHOTORESIST|VIA OPENING INSPECTION|HARD BAKE|VIA ETCH THROUGH DIELECTRIC|STRIP RESIST|CLEAN AFTER VIA ETCH|MEASURE VIA CD|DEPOSIT BARRIER METAL|DEPOSIT METAL SEED|FILL VIA METAL|CMP METAL|MEASURE CONTACT RESISTANCE|DEPOSIT TOP METAL|ANNEAL METAL|SPIN COAT PHOTORESIST|SOFT BAKE|ALIGN MASK LEVEL 6|EXPOSE LITHO LEVEL 6|DEVELOP PHOTORESIST|METAL PATTERN INSPECTION|METAL ETCH DRY|STRIP PHOTORESIST|CLEAN AFTER METAL ETCH|MEASURE LINE WIDTH|DEPOSIT PASSIVATION|CURE PASSIVATION|MEASURE PASSIVATION QUALITY|OPEN PAD WINDOW|PAD WINDOW LITHO|DEVELOP PHOTORESIST|PASSIVATION ETCH PAD OPENING|STRIP RESIST|CLEAN PAD OPENING|MEASURE PAD OPENING|BACKSIDE CLEAN|BACKSIDE GRIND|MEASURE WAFER THICKNESS|BACKSIDE ETCH CLEAN|BACKSIDE RINSE|BACKSIDE DRY|BACKSIDE METALLIZATION PREP|DEPOSIT BACKSIDE METAL|BACKSIDE ANNEAL|MEASURE BACKSIDE CONTACT|FINAL CLEAN|FINAL GEOMETRY CHECK|FINAL PARTICLE INSPECTION|ELECTRICAL PARAMETRIC TEST|LEAKAGE TEST|THRESHOLD VOLTAGE TEST|SWITCHING TEST|WAFER SORT TEST|YIELD ANALYSIS|FINAL LOT RELEASE|SHIP LOT
valid_0097,RECEIVE WAFER LOT|LOT IDENTIFICATION|PRE CLEAN INSPECTION|MEASURE INITIAL THICKNESS|MEASURE SURFACE PARTICLES|PRE CLEAN WAFER|BACKSIDE CLEAN|FRONTSIDE CLEAN|RCA CLEAN 1|WET CLEAN RCA2|HF DIP|DRY WAFER|EPITAXY PREP|EPITAXIAL DEPOSITION|MEASURE EPITAXY THICKNESS|MEASURE RESISTIVITY|EPITAXY ANNEAL|MEASURE JUNCTION PROFILE|DEPOSIT PAD OXIDE|ANISOTROPIC ETCH SPACER|MEASURE OPENING CD|SPIN COAT PHOTORESIST|SOFT BAKE|ALIGN MASK LEVEL 3|EXPOSE LITHO LEVEL 6|DEVELOP PHOTORESIST|VIA OPENING INSPECTION|HARD BAKE|VIA ETCH THROUGH DIELECTRIC|STRIP RESIST|CLEAN AFTER VIA ETCH|MEASURE VIA CD|DEPOSIT BARRIER METAL|DEPOSIT METAL SEED|FILL VIA METAL|CMP VIA FILL|DEPOSIT TOP METAL|ANNEAL METAL|SPIN COAT PHOTORESIST|SOFT BAKE|ALIGN MASK LEVEL 3|EXPOSE LITHO LEVEL 6|DEVELOP PHOTORESIST|METAL PATTERN INSPECTION|METAL ETCH DRY|STRIP RESIST|CLEAN AFTER METAL ETCH|MEASURE LINE WIDTH|DEPOSIT PASSIVATION|CURE PASSIVATION|MEASURE PASSIVATION QUALITY|OPEN PAD WINDOW|PAD WINDOW LITHO|DEVELOP PAD WINDOW|PASSIVATION ETCH PAD OPENING|STRIP RESIST|CLEAN PAD OPENING|MEASURE PAD OPENING|BACKSIDE CLEAN|BACKSIDE GRIND|MEASURE WAFER THICKNESS|BACKSIDE ETCH CLEAN|BACKSIDE RINSE|BACKSIDE DRY|BACKSIDE METALLIZATION PREP|DEPOSIT BACKSIDE METAL|BACKSIDE ANNEAL|MEASURE BACKSIDE CONTACT|FINAL CLEAN|FINAL GEOMETRY CHECK|FINAL PARTICLE INSPECTION|ELECTRICAL PARAMETRIC TEST|LEAKAGE TEST|THRESHOLD VOLTAGE TEST|SWITCHING TEST|WAFER SORT TEST|YIELD ANALYSIS|FINAL LOT RELEASE|SHIP LOT
valid_0098,RECEIVE WAFER LOT|LOT IDENTIFICATION|PRE CLEAN INSPECTION|MEASURE INITIAL THICKNESS|MEASURE SURFACE PARTICLES|PRE CLEAN WAFER|BACKSIDE CLEAN|FRONTSIDE CLEAN|WET CLEAN RCA1|WET CLEAN RCA2|HF DIP|DRY WAFER|EPITAXY PREP|EPITAXIAL DEPOSITION|MEASURE EPITAXY THICKNESS|MEASURE RESISTIVITY|EPITAXY ANNEAL|MEASURE JUNCTION PROFILE|DEPOSIT PAD OXIDE|ANNEAL OXIDE|MEASURE FILM THICKNESS|SPIN COAT PHOTORESIST|SOFT BAKE|ALIGN MASK LEVEL 5|EXPOSE LITHO LEVEL 5|DEVELOP PHOTORESIST|VIA OPENING INSPECTION|VIA ETCH THROUGH DIELECTRIC|STRIP RESIST|CLEAN AFTER VIA ETCH|MEASURE VIA CD|DEPOSIT BARRIER METAL|DEPOSIT TUNGSTEN SEED|FILL VIA TUNGSTEN|CMP METAL|MEASURE CONTACT RESISTANCE|DEPOSIT TOP METAL|ANNEAL METAL|MEASURE METAL THICKNESS|SPIN COAT PHOTORESIST|SOFT BAKE|ALIGN MASK LEVEL 6|EXPOSE LITHO LEVEL 6|DEVELOP PHOTORESIST|METAL PATTERN INSPECTION|METAL ETCH DRY|STRIP PHOTORESIST|CLEAN AFTER METAL ETCH|MEASURE LINE WIDTH|DEPOSIT PASSIVATION|CURE PASSIVATION|MEASURE PASSIVATION QUALITY|OPEN PAD WINDOW|PAD WINDOW LITHO|DEVELOP PAD WINDOW|PASSIVATION ETCH PAD OPENING|STRIP RESIST|CLEAN PAD OPENING|MEASURE PAD OPENING|BACKSIDE CLEAN|BACKSIDE GRIND|MEASURE WAFER THICKNESS|BACKSIDE ETCH CLEAN|BACKSIDE RINSE|BACKSIDE DRY|BACKSIDE METALLIZATION PREP|DEPOSIT BACKSIDE METAL|BACKSIDE ANNEAL|MEASURE BACKSIDE CONTACT|FINAL CLEAN|FINAL GEOMETRY CHECK|FINAL PARTICLE INSPECTION|ELECTRICAL PARAMETRIC TEST|LEAKAGE TEST|THRESHOLD VOLTAGE TEST|SWITCHING TEST|WAFER SORT TEST|YIELD ANALYSIS|FINAL LOT RELEASE|SHIP LOT
valid_0099,RECEIVE WAFER LOT|LOT IDENTIFICATION|PRE CLEAN INSPECTION|MEASURE INITIAL THICKNESS|MEASURE SURFACE PARTICLES|PRE CLEAN WAFER|BACKSIDE CLEAN|FRONTSIDE CLEAN|WET CLEAN RCA1|WET CLEAN RCA2|HF DIP|DRY WAFER|EPITAXY PREP|EPITAXIAL DEPOSITION|MEASURE EPITAXY THICKNESS|MEASURE RESISTIVITY|EPITAXY ANNEAL|MEASURE JUNCTION PROFILE|DEPOSIT PAD OXIDE|ANNEAL OXIDE|MEASURE OXIDE THICKNESS|SPIN COAT PHOTORESIST|SOFT BAKE|ALIGN MASK LEVEL 1|EXPOSE LITHO LEVEL 1|DEVELOP PHOTORESIST|VIA OPENING INSPECTION|VIA ETCH|STRIP RESIST|CLEAN AFTER VIA ETCH|MEASURE VIA CD|DEPOSIT BARRIER METAL|DEPOSIT METAL SEED|FILL VIA METAL|CMP VIA FILL|MEASURE CONTACT RESISTANCE|DEPOSIT TOP METAL|ANNEAL METAL|MEASURE METAL THICKNESS|SPIN COAT PHOTORESIST|SOFT BAKE|ALIGN MASK LEVEL 2|EXPOSE LITHO LEVEL 2|DEVELOP PHOTORESIST|METAL PATTERN INSPECTION|HARD BAKE|METAL ETCH DRY|STRIP RESIST|CLEAN AFTER METAL ETCH|MEASURE LINE WIDTH|DEPOSIT PASSIVATION|CURE PASSIVATION|MEASURE PASSIVATION QUALITY|OPEN PAD WINDOW|PAD WINDOW LITHO|DEVELOP PAD WINDOW|PASSIVATION ETCH PAD OPENING|STRIP RESIST|CLEAN PAD OPENING|MEASURE PAD OPENING|BACKSIDE CLEAN|BACKSIDE GRIND|MEASURE WAFER THICKNESS|BACKSIDE ETCH CLEAN|BACKSIDE RINSE|BACKSIDE DRY|BACKSIDE METALLIZATION PREP|DEPOSIT BACKSIDE METAL|BACKSIDE ANNEAL|MEASURE BACKSIDE CONTACT|FINAL CLEAN|FINAL GEOMETRY CHECK|FINAL PARTICLE INSPECTION|ELECTRICAL PARAMETRIC TEST|LEAKAGE TEST|THRESHOLD VOLTAGE TEST|SWITCHING TEST|WAFER SORT TEST|YIELD ANALYSIS|FINAL LOT RELEASE|SHIP LOT
valid_0100,RECEIVE WAFER LOT|LOT IDENTIFICATION|PRE CLEAN INSPECTION|MEASURE INITIAL THICKNESS|MEASURE SURFACE PARTICLES|PRE CLEAN WAFER|BACKSIDE CLEAN|FRONTSIDE CLEAN|RCA CLEAN 1|RCA CLEAN 2|HF DIP|DRY WAFER|EPITAXIAL WAFER CHECK|MEASURE EPITAXY THICKNESS|MEASURE RESISTIVITY|EPITAXY PREP|OXIDE STRIP|MEASURE OXIDE THICKNESS|SPIN COAT PHOTORESIST|SOFT BAKE|ALIGN MASK LEVEL 1|EXPOSE LITHO LEVEL 1|DEVELOP PHOTORESIST|VIA OPENING INSPECTION|VIA ETCH THROUGH DIELECTRIC|STRIP RESIST|CLEAN AFTER VIA ETCH|MEASURE VIA CD|DEPOSIT BARRIER METAL|DEPOSIT METAL SEED|FILL VIA METAL|CMP METAL|MEASURE CONTACT RESISTANCE|DEPOSIT TOP METAL|ANNEAL METAL|SPIN COAT PHOTORESIST|SOFT BAKE|ALIGN MASK LEVEL 2|EXPOSE LITHO LEVEL 2|DEVELOP PHOTORESIST|METAL PATTERN INSPECTION|METAL ETCH DRY|STRIP RESIST|CLEAN AFTER METAL ETCH|MEASURE LINE WIDTH|DEPOSIT PASSIVATION|CURE PASSIVATION|MEASURE PASSIVATION QUALITY|OPEN PAD WINDOW|PAD WINDOW LITHO|DEVELOP PAD WINDOW|PASSIVATION ETCH PAD OPENING|STRIP RESIST|CLEAN PAD OPENING|MEASURE PAD OPENING|BACKSIDE CLEAN|BACKSIDE GRIND|MEASURE WAFER THICKNESS|BACKSIDE ETCH CLEAN|BACKSIDE RINSE|BACKSIDE DRY|BACKSIDE METALLIZATION PREP|DEPOSIT BACKSIDE METAL|BACKSIDE ANNEAL|MEASURE BACKSIDE CONTACT|FINAL CLEAN|FINAL GEOMETRY CHECK|FINAL PARTICLE INSPECTION|ELECTRICAL PARAMETRIC TEST|LEAKAGE TEST|THRESHOLD VOLTAGE TEST|SWITCHING TEST|WAFER SORT TEST|YIELD ANALYSIS|FINAL LOT RELEASE|SHIP LOT
valid_0101,BACKSIDE CLEAN|BACKSIDE GRIND|MEASURE WAFER THICKNESS|BACKSIDE ETCH CLEAN|BACKSIDE RINSE|BACKSIDE DRY|BACKSIDE METALLIZATION PREP|DEPOSIT BACKSIDE METAL|BACKSIDE ANNEAL|MEASURE BACKSIDE CONTACT|FINAL CLEAN|FINAL GEOMETRY CHECK|FINAL PARTICLE INSPECTION|ELECTRICAL PARAMETRIC TEST|LEAKAGE TEST|THRESHOLD VOLTAGE TEST|SWITCHING TEST|WAFER SORT TEST|YIELD ANALYSIS|FINAL LOT RELEASE|SHIP LOT
valid_0102,RECEIVE WAFER LOT|LOT IDENTIFICATION|INITIAL WAFER INSPECTION|MEASURE INITIAL THICKNESS|MEASURE SURFACE PARTICLES|PRE CLEAN WAFER|BACKSIDE CLEAN|FRONTSIDE CLEAN|RCA CLEAN 1|WET CLEAN RCA2|HF DIP|EPITAXIAL WAFER CHECK|MEASURE EPITAXY THICKNESS|MEASURE RESISTIVITY|EPITAXY PREP|OXIDE STRIP|MEASURE OXIDE THICKNESS|SPIN COAT PHOTORESIST|SOFT BAKE|ALIGN MASK LEVEL 1|EXPOSE LITHO LEVEL 1|POST EXPOSE BAKE|DEVELOP PHOTORESIST|VIA OPENING INSPECTION|HARD BAKE|VIA ETCH THROUGH DIELECTRIC|STRIP RESIST|CLEAN AFTER VIA ETCH|MEASURE VIA CD|DEPOSIT BARRIER METAL|DEPOSIT METAL SEED|FILL VIA METAL|CMP METAL|MEASURE CONTACT RESISTANCE|DEPOSIT TOP METAL|ANNEAL METAL|MEASURE METAL THICKNESS|SPIN COAT PHOTORESIST|SOFT BAKE|ALIGN MASK LEVEL 2|EXPOSE LITHO LEVEL 2|DEVELOP PHOTORESIST|METAL PATTERN INSPECTION|METAL ETCH DRY|STRIP RESIST|CLEAN AFTER METAL ETCH|MEASURE LINE WIDTH|DEPOSIT PASSIVATION|CURE PASSIVATION|MEASURE PASSIVATION QUALITY|OPEN PAD WINDOW|PAD WINDOW LITHO|DEVELOP PAD WINDOW|PASSIVATION ETCH PAD OPENING|STRIP RESIST|CLEAN PAD OPENING|MEASURE PAD OPENING|BACKSIDE CLEAN|BACKSIDE GRIND|MEASURE WAFER THICKNESS|BACKSIDE ETCH CLEAN|BACKSIDE RINSE|BACKSIDE DRY|BACKSIDE METALLIZATION PREP|DEPOSIT BACKSIDE METAL|BACKSIDE ANNEAL|MEASURE BACKSIDE CONTACT|FINAL CLEAN|FINAL GEOMETRY CHECK|FINAL PARTICLE INSPECTION|ELECTRICAL PARAMETRIC TEST|LEAKAGE TEST|THRESHOLD VOLTAGE TEST|SWITCHING TEST|WAFER SORT TEST|YIELD ANALYSIS|FINAL LOT RELEASE|SHIP LOT
valid_0103,BACKSIDE CLEAN|BACKSIDE GRIND|MEASURE WAFER THICKNESS|BACKSIDE ETCH CLEAN|BACKSIDE RINSE|BACKSIDE DRY|BACKSIDE METALLIZATION PREP|DEPOSIT BACKSIDE METAL|BACKSIDE ANNEAL|MEASURE BACKSIDE CONTACT|FINAL CLEAN|FINAL GEOMETRY CHECK|FINAL PARTICLE INSPECTION|ELECTRICAL PARAMETRIC TEST|LEAKAGE TEST|THRESHOLD VOLTAGE TEST|SWITCHING TEST|WAFER SORT TEST|YIELD ANALYSIS|FINAL LOT RELEASE|SHIP LOT
valid_0104,RECEIVE WAFER LOT|LOT IDENTIFICATION|PRE CLEAN INSPECTION|MEASURE INITIAL THICKNESS|PRE CLEAN WAFER|BACKSIDE CLEAN|FRONTSIDE CLEAN|WET CLEAN RCA1|WET CLEAN RCA2|HF DIP|EPITAXIAL WAFER CHECK|MEASURE EPITAXY THICKNESS|MEASURE RESISTIVITY|EPITAXY PREP|OXIDE STRIP|MEASURE OXIDE THICKNESS|SPIN COAT PHOTORESIST|SOFT BAKE|ALIGN MASK LEVEL 1|EXPOSE LITHO LEVEL 1|DEVELOP PHOTORESIST|VIA OPENING INSPECTION|VIA ETCH THROUGH DIELECTRIC|STRIP RESIST|CLEAN AFTER VIA ETCH|MEASURE VIA CD|DEPOSIT BARRIER METAL|DEPOSIT METAL SEED|FILL VIA METAL|CMP METAL|MEASURE CONTACT RESISTANCE|DEPOSIT TOP METAL|ANNEAL METAL|SPIN COAT PHOTORESIST|SOFT BAKE|ALIGN MASK LEVEL 2|EXPOSE LITHO LEVEL 2|DEVELOP PHOTORESIST|METAL PATTERN INSPECTION|METAL ETCH DRY|STRIP PHOTORESIST|CLEAN AFTER METAL ETCH|MEASURE LINE WIDTH|DEPOSIT PASSIVATION|CURE PASSIVATION|MEASURE PASSIVATION QUALITY|OPEN PAD WINDOW|PAD WINDOW LITHO|DEVELOP PAD WINDOW|PASSIVATION ETCH PAD OPENING|STRIP RESIST|CLEAN PAD OPENING|MEASURE PAD OPENING|BACKSIDE CLEAN|BACKSIDE GRIND|MEASURE WAFER THICKNESS|BACKSIDE ETCH CLEAN|BACKSIDE RINSE|BACKSIDE DRY|BACKSIDE METALLIZATION PREP|DEPOSIT BACKSIDE METAL|BACKSIDE ANNEAL|MEASURE BACKSIDE CONTACT|FINAL CLEAN|FINAL GEOMETRY CHECK|FINAL PARTICLE INSPECTION|ELECTRICAL PARAMETRIC TEST|LEAKAGE TEST|THRESHOLD VOLTAGE TEST|SWITCHING TEST|WAFER SORT TEST|YIELD ANALYSIS|FINAL LOT RELEASE|SHIP LOT
valid_0105,BACKSIDE CLEAN|DEPOSIT BACKSIDE PROTECTION|BACKSIDE ANNEAL|FINAL CLEAN|FINAL GEOMETRY CHECK|FINAL PARTICLE INSPECTION|ELECTRICAL PARAMETRIC TEST|LEAKAGE TEST|THRESHOLD VOLTAGE TEST|SWITCHING TEST|WAFER SORT TEST|YIELD ANALYSIS|FINAL LOT RELEASE|SHIP LOT
valid_0106,RECEIVE WAFER LOT|LOT IDENTIFICATION|PRE CLEAN INSPECTION|MEASURE INITIAL THICKNESS|MEASURE SURFACE PARTICLES|PRE CLEAN WAFER|BACKSIDE CLEAN|FRONTSIDE CLEAN|WET CLEAN RCA1|RCA CLEAN 2|HF DIP|DRY WAFER|EPITAXY PREP|EPITAXIAL DEPOSITION|MEASURE EPITAXY THICKNESS|MEASURE RESISTIVITY|EPITAXY ANNEAL|MEASURE JUNCTION PROFILE|DEPOSIT PAD OXIDE|ANISOTROPIC ETCH SPACER|MEASURE GATE OXIDE THICKNESS|IMPLANT SOURCE DRAIN|LIGHT ANNEAL|MEASURE SHEET RESISTANCE|DEPOSIT SPACER DIELECTRIC|ANISOTROPIC ETCH SPACER|MEASURE SPACER WIDTH|IMPLANT LDD|PRE ANNEAL CHECK|RAPID THERMAL ANNEAL|MEASURE JUNCTION PROFILE|DEPOSIT INTERLAYER DIELECTRIC|DENSIFY DIELECTRIC|MEASURE DIELECTRIC THICKNESS|CMP DIELECTRIC|MEASURE SURFACE PLANARITY|SPIN COAT PHOTORESIST|SOFT BAKE|ALIGN MASK LEVEL 5|EXPOSE LITHO LEVEL 5|DEVELOP PHOTORESIST|VIA OPENING INSPECTION|HARD BAKE|VIA ETCH THROUGH DIELECTRIC|STRIP RESIST|CLEAN AFTER VIA ETCH|MEASURE VIA CD|DEPOSIT BARRIER METAL|DEPOSIT METAL SEED|FILL VIA METAL|CMP METAL|MEASURE CONTACT RESISTANCE|DEPOSIT TOP METAL|ANNEAL METAL|SPIN COAT PHOTORESIST|SOFT BAKE|ALIGN MASK LEVEL 6|EXPOSE LITHO LEVEL 6|DEVELOP PHOTORESIST|METAL PATTERN INSPECTION|METAL ETCH DRY|STRIP PHOTORESIST|CLEAN AFTER METAL ETCH|MEASURE LINE WIDTH|DEPOSIT PASSIVATION|CURE PASSIVATION|MEASURE PASSIVATION QUALITY|OPEN PAD WINDOW|PAD WINDOW LITHO|DEVELOP PAD WINDOW|PASSIVATION ETCH PAD OPENING|STRIP RESIST|CLEAN PAD OPENING|MEASURE PAD OPENING|BACKSIDE CLEAN|BACKSIDE GRIND|MEASURE WAFER THICKNESS|BACKSIDE ETCH CLEAN|BACKSIDE RINSE|BACKSIDE DRY|BACKSIDE METALLIZATION PREP|DEPOSIT BACKSIDE METAL|BACKSIDE ANNEAL|MEASURE BACKSIDE CONTACT|FINAL CLEAN|FINAL GEOMETRY CHECK|FINAL PARTICLE INSPECTION|ELECTRICAL PARAMETRIC TEST|LEAKAGE TEST|THRESHOLD VOLTAGE TEST|SWITCHING TEST|WAFER SORT TEST|YIELD ANALYSIS|FINAL LOT RELEASE|SHIP LOT
valid_0107,RECEIVE WAFER LOT|LOT IDENTIFICATION|PRE CLEAN INSPECTION|MEASURE INITIAL THICKNESS|MEASURE SURFACE PARTICLES|PRE CLEAN WAFER|BACKSIDE CLEAN|FRONTSIDE CLEAN|WET CLEAN RCA1|RCA CLEAN 2|HF DIP|DRY WAFER|EPITAXY PREP|EPITAXIAL DEPOSITION|MEASURE EPITAXY THICKNESS|MEASURE RESISTIVITY|EPITAXY ANNEAL|MEASURE JUNCTION PROFILE|DEPOSIT PAD OXIDE|ANNEAL OXIDE|MEASURE FILM THICKNESS|SPIN COAT PHOTORESIST|SOFT BAKE|ALIGN MASK LEVEL 1|EXPOSE LITHO LEVEL 1|DEVELOP PHOTORESIST|VIA OPENING INSPECTION|HARD BAKE|VIA ETCH THROUGH DIELECTRIC|STRIP RESIST|CLEAN AFTER VIA ETCH|MEASURE VIA CD|DEPOSIT BARRIER METAL|DEPOSIT METAL SEED|FILL VIA METAL|CMP METAL|MEASURE CONTACT RESISTANCE|DEPOSIT TOP METAL|ANNEAL METAL|SPIN COAT PHOTORESIST|SOFT BAKE|ALIGN MASK LEVEL 2|EXPOSE LITHO LEVEL 2|DEVELOP PHOTORESIST|METAL PATTERN INSPECTION|METAL ETCH DRY|STRIP PHOTORESIST|CLEAN AFTER METAL ETCH|MEASURE LINE WIDTH|DEPOSIT PASSIVATION|CURE PASSIVATION|MEASURE PASSIVATION QUALITY|OPEN PAD WINDOW|OPEN PAD WINDOW LITHO|DEVELOP PAD WINDOW|PASSIVATION ETCH PAD OPENING|STRIP RESIST|CLEAN PAD OPENING|MEASURE PAD OPENING|BACKSIDE CLEAN|BACKSIDE GRIND|MEASURE WAFER THICKNESS|BACKSIDE ETCH CLEAN|BACKSIDE RINSE|BACKSIDE DRY|BACKSIDE METALLIZATION PREP|DEPOSIT BACKSIDE METAL|BACKSIDE ANNEAL|MEASURE BACKSIDE CONTACT|FINAL CLEAN|FINAL GEOMETRY CHECK|FINAL PARTICLE INSPECTION|ELECTRICAL PARAMETRIC TEST|LEAKAGE TEST|THRESHOLD VOLTAGE TEST|SWITCHING TEST|WAFER SORT TEST|YIELD ANALYSIS|FINAL LOT RELEASE|SHIP LOT
valid_0108,RECEIVE WAFER LOT|LOT IDENTIFICATION|PRE CLEAN INSPECTION|MEASURE INITIAL THICKNESS|MEASURE SURFACE PARTICLES|PRE CLEAN WAFER|BACKSIDE CLEAN|FRONTSIDE CLEAN|RCA CLEAN 1|WET CLEAN RCA2|HF DIP|EPITAXY PREP|EPITAXIAL DEPOSITION|MEASURE EPITAXY THICKNESS|MEASURE RESISTIVITY|EPITAXY ANNEAL|MEASURE JUNCTION PROFILE|DEPOSIT PAD OXIDE|ANISOTROPIC ETCH SPACER|MEASURE GATE OXIDE THICKNESS|SPIN COAT PHOTORESIST|SOFT BAKE|ALIGN MASK LEVEL 5|EXPOSE LITHO LEVEL 5|DEVELOP PHOTORESIST|VIA OPENING INSPECTION|HARD BAKE|VIA ETCH THROUGH DIELECTRIC|STRIP RESIST|CLEAN AFTER VIA ETCH|MEASURE VIA CD|DEPOSIT BARRIER METAL|DEPOSIT METAL SEED|FILL VIA METAL|CMP METAL|MEASURE CONTACT RESISTANCE|DEPOSIT TOP METAL|ANNEAL METAL|SPIN COAT PHOTORESIST|SOFT BAKE|ALIGN MASK LEVEL 6|EXPOSE LITHO LEVEL 6|DEVELOP PHOTORESIST|METAL PATTERN INSPECTION|METAL ETCH DRY|STRIP PHOTORESIST|CLEAN AFTER METAL ETCH|MEASURE LINE WIDTH|DEPOSIT PASSIVATION|CURE PASSIVATION|MEASURE PASSIVATION QUALITY|OPEN PAD WINDOW|PAD WINDOW LITHO|DEVELOP PHOTORESIST|PASSIVATION ETCH PAD OPENING|STRIP RESIST|CLEAN PAD OPENING|MEASURE PAD OPENING|BACKSIDE CLEAN|BACKSIDE GRIND|MEASURE WAFER THICKNESS|BACKSIDE ETCH CLEAN|BACKSIDE RINSE|BACKSIDE DRY|BACKSIDE METALLIZATION PREP|DEPOSIT BACKSIDE METAL|BACKSIDE ANNEAL|MEASURE BACKSIDE CONTACT|FINAL CLEAN|FINAL GEOMETRY CHECK|FINAL CD INSPECTION|FINAL PARTICLE INSPECTION|PARAMETRIC TEST|LEAKAGE TEST|SWITCHING TEST|THRESHOLD VOLTAGE TEST|SWITCHING TEST|WAFER SORT TEST|YIELD ANALYSIS|FINAL LOT RELEASE|SHIP LOT
valid_0109,RECEIVE WAFER LOT|LOT IDENTIFICATION|PRE CLEAN INSPECTION|MEASURE INITIAL THICKNESS|MEASURE SURFACE PARTICLES|BACKSIDE CLEAN|FRONTSIDE CLEAN|RCA CLEAN 1|WET CLEAN RCA2|HF DIP|EPITAXY PREP|EPITAXIAL DEPOSITION|MEASURE EPITAXY THICKNESS|MEASURE RESISTIVITY|EPITAXY ANNEAL|SPIN COAT PHOTORESIST|SOFT BAKE|ALIGN MASK LEVEL 1|EXPOSE LITHO LEVEL 1|DEVELOP PHOTORESIST|FIELD PATTERN INSPECTION|METAL ETCH DRY|STRIP RESIST|CLEAN AFTER FIELD ETCH|MEASURE WINDOW CD|DEPOSIT PAD OXIDE|ANNEAL OXIDE|MEASURE OXIDE THICKNESS|SPIN COAT PHOTORESIST|SOFT BAKE|ALIGN MASK LEVEL 2|EXPOSE LITHO LEVEL 2|DEVELOP PHOTORESIST|VIA OPENING INSPECTION|HARD BAKE|VIA ETCH|STRIP RESIST|CLEAN AFTER VIA ETCH|MEASURE VIA CD|DEPOSIT BARRIER METAL|DEPOSIT METAL SEED|FILL VIA METAL|CMP VIA FILL|MEASURE CONTACT RESISTANCE|DEPOSIT TOP METAL|ANNEAL METAL|SPIN COAT PHOTORESIST|SOFT BAKE|ALIGN MASK LEVEL 3|EXPOSE LITHO LEVEL 3|DEVELOP PHOTORESIST|METAL PATTERN INSPECTION|METAL ETCH DRY|STRIP PHOTORESIST|CLEAN AFTER METAL ETCH|MEASURE LINE WIDTH|DEPOSIT PASSIVATION LAYER|CURE PASSIVATION|MEASURE PASSIVATION QUALITY|OPEN PAD WINDOW|OPEN PAD WINDOW LITHO|DEVELOP PAD WINDOW|PASSIVATION ETCH PAD OPENING|STRIP RESIST|CLEAN PAD OPENING|MEASURE PAD OPENING|BACKSIDE CLEAN|BACKSIDE GRIND|MEASURE WAFER THICKNESS|BACKSIDE ETCH CLEAN|BACKSIDE RINSE|BACKSIDE DRY|BACKSIDE METALLIZATION PREP|DEPOSIT BACKSIDE METAL|BACKSIDE ANNEAL|MEASURE BACKSIDE CONTACT|FINAL CLEAN|FINAL GEOMETRY CHECK|FINAL CD INSPECTION|FINAL PARTICLE INSPECTION|PARAMETRIC TEST|LEAKAGE TEST|SWITCHING TEST|THRESHOLD VOLTAGE TEST|SWITCHING TEST|WAFER SORT TEST|YIELD ANALYSIS|FINAL LOT RELEASE|SHIP LOT
valid_0110,RECEIVE WAFER LOT|LOT IDENTIFICATION|PRE CLEAN INSPECTION|MEASURE INITIAL THICKNESS|PRE CLEAN WAFER|BACKSIDE CLEAN|FRONTSIDE CLEAN|RCA CLEAN 1|RCA CLEAN 2|HF DIP|DRY WAFER|EPITAXIAL WAFER CHECK|MEASURE EPITAXY THICKNESS|MEASURE RESISTIVITY|EPITAXY PREP|OXIDE STRIP|MEASURE OXIDE THICKNESS|SPIN COAT PHOTORESIST|SOFT BAKE|ALIGN MASK LEVEL 1|EXPOSE LITHO LEVEL 1|DEVELOP PHOTORESIST|VIA OPENING INSPECTION|VIA ETCH THROUGH DIELECTRIC|STRIP RESIST|CLEAN AFTER VIA ETCH|MEASURE VIA CD|DEPOSIT BARRIER METAL|DEPOSIT METAL SEED|FILL VIA METAL|CMP METAL|MEASURE CONTACT RESISTANCE|DEPOSIT TOP METAL|ANNEAL METAL|MEASURE METAL THICKNESS|SPIN COAT PHOTORESIST|SOFT BAKE|ALIGN MASK LEVEL 2|EXPOSE LITHO LEVEL 2|DEVELOP PHOTORESIST|METAL PATTERN INSPECTION|METAL ETCH DRY|STRIP PHOTORESIST|CLEAN AFTER METAL ETCH|MEASURE LINE WIDTH|DEPOSIT PASSIVATION|CURE PASSIVATION|MEASURE PASSIVATION QUALITY|OPEN PAD WINDOW|PAD WINDOW LITHO|DEVELOP PAD WINDOW|PASSIVATION ETCH PAD OPENING|STRIP RESIST|CLEAN PAD OPENING|MEASURE PAD OPENING|BACKSIDE CLEAN|BACKSIDE GRIND|MEASURE WAFER THICKNESS|BACKSIDE ETCH CLEAN|BACKSIDE RINSE|BACKSIDE DRY|BACKSIDE METALLIZATION PREP|DEPOSIT BACKSIDE METAL|BACKSIDE ANNEAL|MEASURE BACKSIDE CONTACT|FINAL CLEAN|FINAL GEOMETRY CHECK|FINAL PARTICLE INSPECTION|ELECTRICAL PARAMETRIC TEST|LEAKAGE TEST|THRESHOLD VOLTAGE TEST|SWITCHING TEST|WAFER SORT TEST|YIELD ANALYSIS|FINAL LOT RELEASE|SHIP LOT
valid_0111,BACKSIDE CLEAN|DEPOSIT BACKSIDE PROTECTION|BACKSIDE ANNEAL|FINAL CLEAN|FINAL GEOMETRY CHECK|FINAL PARTICLE INSPECTION|ELECTRICAL PARAMETRIC TEST|LEAKAGE TEST|THRESHOLD VOLTAGE TEST|SWITCHING TEST|WAFER SORT TEST|YIELD ANALYSIS|FINAL LOT RELEASE|SHIP LOT
valid_0112,RECEIVE WAFER LOT|LOT IDENTIFICATION|INITIAL WAFER INSPECTION|MEASURE INITIAL THICKNESS|MEASURE SURFACE PARTICLES|PRE CLEAN WAFER|BACKSIDE CLEAN|FRONTSIDE CLEAN|WET CLEAN RCA1|RCA CLEAN 2|HF DIP|DRY WAFER|EPITAXIAL WAFER CHECK|MEASURE EPITAXY THICKNESS|MEASURE RESISTIVITY|EPITAXY PREP|OXIDE STRIP|MEASURE OXIDE THICKNESS|SPIN COAT PHOTORESIST|SOFT BAKE|ALIGN MASK LEVEL 1|EXPOSE LITHO LEVEL 1|DEVELOP PHOTORESIST|VIA OPENING INSPECTION|VIA ETCH THROUGH DIELECTRIC|STRIP RESIST|CLEAN AFTER VIA ETCH|MEASURE VIA CD|DEPOSIT BARRIER METAL|DEPOSIT METAL SEED|FILL VIA METAL|CMP METAL|MEASURE CONTACT RESISTANCE|DEPOSIT TOP METAL|ANNEAL METAL|SPIN COAT PHOTORESIST|SOFT BAKE|ALIGN MASK LEVEL 2|EXPOSE LITHO LEVEL 2|DEVELOP PHOTORESIST|METAL PATTERN INSPECTION|METAL ETCH DRY|STRIP RESIST|CLEAN AFTER METAL ETCH|MEASURE LINE WIDTH|DEPOSIT PASSIVATION|CURE PASSIVATION|MEASURE PASSIVATION QUALITY|OPEN PAD WINDOW|PAD WINDOW LITHO|DEVELOP PAD WINDOW|PASSIVATION ETCH PAD OPENING|STRIP RESIST|CLEAN PAD OPENING|MEASURE PAD OPENING|BACKSIDE CLEAN|BACKSIDE GRIND|MEASURE WAFER THICKNESS|BACKSIDE ETCH CLEAN|BACKSIDE RINSE|BACKSIDE DRY|BACKSIDE METALLIZATION PREP|DEPOSIT BACKSIDE METAL|BACKSIDE ANNEAL|MEASURE BACKSIDE CONTACT|FINAL CLEAN|FINAL GEOMETRY CHECK|FINAL PARTICLE INSPECTION|ELECTRICAL PARAMETRIC TEST|LEAKAGE TEST|THRESHOLD VOLTAGE TEST|SWITCHING TEST|WAFER SORT TEST|YIELD ANALYSIS|FINAL LOT RELEASE|SHIP LOT
valid_0113,RECEIVE WAFER LOT|LOT IDENTIFICATION|INITIAL WAFER INSPECTION|MEASURE INITIAL THICKNESS|MEASURE SURFACE PARTICLES|PRE CLEAN WAFER|BACKSIDE CLEAN|FRONTSIDE CLEAN|WET CLEAN RCA1|RCA CLEAN 2|HF DIP|DRY WAFER|EPITAXY PREP|EPITAXIAL DEPOSITION|MEASURE EPITAXY THICKNESS|MEASURE RESISTIVITY|EPITAXY ANNEAL|MEASURE JUNCTION PROFILE|DEPOSIT PAD OXIDE|ANISOTROPIC ETCH SPACER|MEASURE GATE OXIDE THICKNESS|SPIN COAT PHOTORESIST|SOFT BAKE|ALIGN MASK LEVEL 3|EXPOSE LITHO LEVEL 6|DEVELOP PHOTORESIST|VIA OPENING INSPECTION|HARD BAKE|VIA ETCH THROUGH DIELECTRIC|STRIP RESIST|CLEAN AFTER VIA ETCH|MEASURE VIA CD|DEPOSIT BARRIER METAL|DEPOSIT METAL SEED|FILL VIA METAL|CMP VIA FILL|DEPOSIT TOP METAL|ANNEAL METAL|MEASURE METAL THICKNESS|SPIN COAT PHOTORESIST|SOFT BAKE|ALIGN MASK LEVEL 3|EXPOSE LITHO LEVEL 6|DEVELOP PHOTORESIST|METAL PATTERN INSPECTION|METAL ETCH DRY|STRIP RESIST|CLEAN AFTER METAL ETCH|MEASURE LINE WIDTH|DEPOSIT PASSIVATION|CURE PASSIVATION|MEASURE PASSIVATION QUALITY|OPEN PAD WINDOW|OPEN PAD WINDOW LITHO|DEVELOP PAD WINDOW|PASSIVATION ETCH PAD OPENING|STRIP RESIST|CLEAN PAD OPENING|MEASURE PAD OPENING|BACKSIDE CLEAN|BACKSIDE GRIND|MEASURE WAFER THICKNESS|BACKSIDE ETCH CLEAN|BACKSIDE RINSE|BACKSIDE DRY|BACKSIDE METALLIZATION PREP|DEPOSIT BACKSIDE METAL|BACKSIDE ANNEAL|MEASURE BACKSIDE CONTACT|FINAL CLEAN|FINAL GEOMETRY CHECK|FINAL PARTICLE INSPECTION|ELECTRICAL PARAMETRIC TEST|LEAKAGE TEST|THRESHOLD VOLTAGE TEST|SWITCHING TEST|WAFER SORT TEST|YIELD ANALYSIS|FINAL LOT RELEASE|SHIP LOT
valid_0114,RECEIVE WAFER LOT|LOT IDENTIFICATION|PRE CLEAN INSPECTION|MEASURE INITIAL THICKNESS|MEASURE SURFACE PARTICLES|PRE CLEAN WAFER|BACKSIDE CLEAN|FRONTSIDE CLEAN|RCA CLEAN 1|WET CLEAN RCA2|HF DIP|EPITAXIAL WAFER CHECK|MEASURE EPITAXY THICKNESS|MEASURE RESISTIVITY|EPITAXY PREP|OXIDE STRIP|MEASURE OXIDE THICKNESS|SPIN COAT PHOTORESIST|SOFT BAKE|ALIGN MASK LEVEL 1|EXPOSE LITHO LEVEL 1|POST EXPOSE BAKE|DEVELOP PHOTORESIST|VIA OPENING INSPECTION|HARD BAKE|VIA ETCH THROUGH DIELECTRIC|STRIP RESIST|CLEAN AFTER VIA ETCH|MEASURE VIA CD|DEPOSIT BARRIER METAL|DEPOSIT METAL SEED|FILL VIA METAL|CMP METAL|MEASURE CONTACT RESISTANCE|DEPOSIT TOP METAL|ANNEAL METAL|SPIN COAT PHOTORESIST|SOFT BAKE|ALIGN MASK LEVEL 2|EXPOSE LITHO LEVEL 2|DEVELOP PHOTORESIST|METAL PATTERN INSPECTION|METAL ETCH DRY|STRIP PHOTORESIST|CLEAN AFTER METAL ETCH|MEASURE LINE WIDTH|DEPOSIT PASSIVATION|CURE PASSIVATION|MEASURE PASSIVATION QUALITY|OPEN PAD WINDOW|PAD WINDOW LITHO|DEVELOP PAD WINDOW|PASSIVATION ETCH PAD OPENING|STRIP RESIST|CLEAN PAD OPENING|MEASURE PAD OPENING|BACKSIDE CLEAN|BACKSIDE GRIND|MEASURE WAFER THICKNESS|BACKSIDE ETCH CLEAN|BACKSIDE RINSE|BACKSIDE DRY|BACKSIDE METALLIZATION PREP|DEPOSIT BACKSIDE METAL|BACKSIDE ANNEAL|MEASURE BACKSIDE CONTACT|FINAL CLEAN|FINAL GEOMETRY CHECK|FINAL CD INSPECTION|FINAL PARTICLE INSPECTION|PARAMETRIC TEST|LEAKAGE TEST|SWITCHING TEST|WAFER SORT TEST|YIELD ANALYSIS|FINAL LOT RELEASE|SHIP LOT
valid_0115,RECEIVE WAFER LOT|LOT IDENTIFICATION|PRE CLEAN INSPECTION|MEASURE INITIAL THICKNESS|MEASURE SURFACE PARTICLES|BACKSIDE CLEAN|FRONTSIDE CLEAN|RCA CLEAN 1|WET CLEAN RCA2|HF DIP|EPITAXY PREP|EPITAXIAL DEPOSITION|MEASURE EPITAXY THICKNESS|MEASURE RESISTIVITY|EPITAXY ANNEAL|SPIN COAT PHOTORESIST|SOFT BAKE|ALIGN MASK LEVEL 1|EXPOSE LITHO LEVEL 1|DEVELOP PHOTORESIST|FIELD PATTERN INSPECTION|METAL ETCH DRY|STRIP RESIST|CLEAN AFTER FIELD ETCH|MEASURE WINDOW CD|DEPOSIT PAD OXIDE|ANNEAL OXIDE|MEASURE OXIDE THICKNESS|SPIN COAT PHOTORESIST|SOFT BAKE|ALIGN MASK LEVEL 2|EXPOSE LITHO LEVEL 2|DEVELOP PHOTORESIST|VIA OPENING INSPECTION|VIA ETCH|STRIP PHOTORESIST|CLEAN AFTER VIA ETCH|MEASURE VIA CD|DEPOSIT BARRIER METAL|DEPOSIT METAL SEED|FILL VIA METAL|CMP METAL|MEASURE VIA RESISTANCE|DEPOSIT TOP METAL|ANNEAL METAL|MEASURE METAL THICKNESS|SPIN COAT PHOTORESIST|SOFT BAKE|ALIGN MASK LEVEL 3|EXPOSE LITHO LEVEL 3|DEVELOP PHOTORESIST|METAL PATTERN INSPECTION|HARD BAKE|METAL ETCH DRY|STRIP PHOTORESIST|CLEAN AFTER METAL ETCH|MEASURE LINE WIDTH|DEPOSIT PASSIVATION|CURE PASSIVATION|MEASURE PASSIVATION QUALITY|OPEN PAD WINDOW|OPEN PAD WINDOW LITHO|DEVELOP PAD WINDOW|PASSIVATION ETCH PAD OPENING|STRIP RESIST|CLEAN PAD OPENING|MEASURE PAD OPENING|BACKSIDE CLEAN|BACKSIDE GRIND|MEASURE WAFER THICKNESS|BACKSIDE ETCH CLEAN|BACKSIDE RINSE|BACKSIDE DRY|BACKSIDE METALLIZATION PREP|DEPOSIT BACKSIDE METAL|BACKSIDE ANNEAL|MEASURE BACKSIDE CONTACT|FINAL CLEAN|FINAL GEOMETRY CHECK|FINAL CD INSPECTION|FINAL PARTICLE INSPECTION|PARAMETRIC TEST|LEAKAGE TEST|SWITCHING TEST|THRESHOLD VOLTAGE TEST|SWITCHING TEST|WAFER SORT TEST|YIELD ANALYSIS|FINAL LOT RELEASE|SHIP LOT
valid_0116,DEPOSIT BARRIER METAL|DEPOSIT TUNGSTEN SEED|FILL VIA TUNGSTEN|CMP VIA FILL|MEASURE CONTACT RESISTANCE|DEPOSIT TOP METAL|ANNEAL METAL|MEASURE METAL THICKNESS|SPIN COAT PHOTORESIST|SOFT BAKE|ALIGN MASK LEVEL 5|EXPOSE LITHO LEVEL 5|DEVELOP PHOTORESIST|METAL PATTERN INSPECTION|METAL ETCH DRY|STRIP PHOTORESIST|CLEAN AFTER METAL ETCH|MEASURE LINE WIDTH|DEPOSIT PASSIVATION|CURE PASSIVATION|MEASURE PASSIVATION QUALITY|OPEN PAD WINDOW|PAD WINDOW LITHO|DEVELOP PAD WINDOW|PASSIVATION ETCH PAD OPENING|STRIP RESIST|CLEAN PAD OPENING|MEASURE PAD OPENING|BACKSIDE CLEAN|BACKSIDE GRIND|MEASURE WAFER THICKNESS|BACKSIDE ETCH CLEAN|BACKSIDE RINSE|BACKSIDE DRY|BACKSIDE METALLIZATION PREP|DEPOSIT BACKSIDE METAL|BACKSIDE ANNEAL|MEASURE BACKSIDE CONTACT|FINAL CLEAN|FINAL GEOMETRY CHECK|FINAL PARTICLE INSPECTION|ELECTRICAL PARAMETRIC TEST|LEAKAGE TEST|THRESHOLD VOLTAGE TEST|SWITCHING TEST|WAFER SORT TEST|YIELD ANALYSIS|FINAL LOT RELEASE|SHIP LOT
valid_0117,RECEIVE WAFER LOT|LOT IDENTIFICATION|PRE CLEAN INSPECTION|MEASURE INITIAL THICKNESS|MEASURE SURFACE PARTICLES|PRE CLEAN WAFER|BACKSIDE CLEAN|FRONTSIDE CLEAN|RCA CLEAN 1|RCA CLEAN 2|HF DIP|DRY WAFER|EPITAXY PREP|EPITAXIAL DEPOSITION|MEASURE EPITAXY THICKNESS|MEASURE RESISTIVITY|EPITAXY ANNEAL|MEASURE JUNCTION PROFILE|DEPOSIT PAD OXIDE|ANNEAL OXIDE|MEASURE FILM THICKNESS|SPIN COAT PHOTORESIST|SOFT BAKE|ALIGN MASK LEVEL 3|EXPOSE LITHO LEVEL 6|DEVELOP PHOTORESIST|VIA OPENING INSPECTION|VIA ETCH THROUGH DIELECTRIC|STRIP RESIST|CLEAN AFTER VIA ETCH|MEASURE VIA CD|DEPOSIT BARRIER METAL|DEPOSIT METAL SEED|FILL VIA METAL|CMP METAL|MEASURE CONTACT RESISTANCE|DEPOSIT TOP METAL|ANNEAL METAL|SPIN COAT PHOTORESIST|SOFT BAKE|ALIGN MASK LEVEL 3|EXPOSE LITHO LEVEL 6|DEVELOP PHOTORESIST|METAL PATTERN INSPECTION|HARD BAKE|METAL ETCH DRY|STRIP PHOTORESIST|CLEAN AFTER METAL ETCH|MEASURE LINE WIDTH|DEPOSIT PASSIVATION|CURE PASSIVATION|MEASURE PASSIVATION QUALITY|OPEN PAD WINDOW|PAD WINDOW LITHO|DEVELOP PHOTORESIST|PASSIVATION ETCH PAD OPENING|STRIP RESIST|CLEAN PAD OPENING|MEASURE PAD OPENING|BACKSIDE CLEAN|BACKSIDE GRIND|MEASURE WAFER THICKNESS|BACKSIDE ETCH CLEAN|BACKSIDE RINSE|BACKSIDE DRY|BACKSIDE METALLIZATION PREP|DEPOSIT BACKSIDE METAL|BACKSIDE ANNEAL|MEASURE BACKSIDE CONTACT|FINAL CLEAN|FINAL GEOMETRY CHECK|FINAL PARTICLE INSPECTION|ELECTRICAL PARAMETRIC TEST|LEAKAGE TEST|THRESHOLD VOLTAGE TEST|SWITCHING TEST|WAFER SORT TEST|YIELD ANALYSIS|FINAL LOT RELEASE|SHIP LOT
valid_0118,RECEIVE WAFER LOT|LOT IDENTIFICATION|PRE CLEAN INSPECTION|MEASURE INITIAL THICKNESS|MEASURE SURFACE PARTICLES|PRE CLEAN WAFER|BACKSIDE CLEAN|FRONTSIDE CLEAN|WET CLEAN RCA1|RCA CLEAN 2|HF DIP|DRY WAFER|EPITAXY PREP|EPITAXIAL DEPOSITION|MEASURE EPITAXY THICKNESS|MEASURE RESISTIVITY|EPITAXY ANNEAL|MEASURE JUNCTION PROFILE|DEPOSIT PAD OXIDE|ANNEAL OXIDE|MEASURE OXIDE THICKNESS|SPIN COAT PHOTORESIST|SOFT BAKE|ALIGN MASK LEVEL 5|EXPOSE LITHO LEVEL 5|DEVELOP PHOTORESIST|VIA OPENING INSPECTION|HARD BAKE|VIA ETCH THROUGH DIELECTRIC|STRIP RESIST|CLEAN AFTER VIA ETCH|MEASURE VIA CD|DEPOSIT BARRIER METAL|DEPOSIT TUNGSTEN SEED|FILL VIA TUNGSTEN|CMP METAL|MEASURE CONTACT RESISTANCE|DEPOSIT TOP METAL|ANNEAL METAL|MEASURE METAL THICKNESS|SPIN COAT PHOTORESIST|SOFT BAKE|ALIGN MASK LEVEL 6|EXPOSE LITHO LEVEL 6|DEVELOP PHOTORESIST|METAL PATTERN INSPECTION|METAL ETCH DRY|STRIP PHOTORESIST|CLEAN AFTER METAL ETCH|MEASURE LINE WIDTH|DEPOSIT PASSIVATION|CURE PASSIVATION|MEASURE PASSIVATION QUALITY|OPEN PAD WINDOW|PAD WINDOW LITHO|DEVELOP PHOTORESIST|PASSIVATION ETCH PAD OPENING|STRIP RESIST|CLEAN PAD OPENING|MEASURE PAD OPENING|BACKSIDE CLEAN|BACKSIDE GRIND|MEASURE WAFER THICKNESS|BACKSIDE ETCH CLEAN|BACKSIDE RINSE|BACKSIDE DRY|BACKSIDE METALLIZATION PREP|DEPOSIT BACKSIDE METAL|BACKSIDE ANNEAL|MEASURE BACKSIDE CONTACT|FINAL CLEAN|FINAL GEOMETRY CHECK|FINAL PARTICLE INSPECTION|ELECTRICAL PARAMETRIC TEST|LEAKAGE TEST|THRESHOLD VOLTAGE TEST|SWITCHING TEST|WAFER SORT TEST|YIELD ANALYSIS|FINAL LOT RELEASE|SHIP LOT
valid_0119,BACKSIDE CLEAN|BACKSIDE GRIND|MEASURE WAFER THICKNESS|BACKSIDE ETCH CLEAN|BACKSIDE RINSE|BACKSIDE DRY|BACKSIDE METALLIZATION PREP|DEPOSIT BACKSIDE METAL|BACKSIDE ANNEAL|MEASURE BACKSIDE CONTACT|FINAL CLEAN|FINAL GEOMETRY CHECK|FINAL PARTICLE INSPECTION|PARAMETRIC TEST|LEAKAGE TEST|SWITCHING TEST|WAFER SORT TEST|YIELD ANALYSIS|FINAL LOT RELEASE|SHIP LOT
valid_0120,RECEIVE WAFER LOT|LOT IDENTIFICATION|PRE CLEAN INSPECTION|MEASURE INITIAL THICKNESS|MEASURE SURFACE PARTICLES|PRE CLEAN WAFER|BACKSIDE CLEAN|FRONTSIDE CLEAN|RCA CLEAN 1|RCA CLEAN 2|HF DIP|EPITAXIAL WAFER CHECK|MEASURE EPITAXY THICKNESS|MEASURE RESISTIVITY|EPITAXY PREP|OXIDE STRIP|MEASURE OXIDE THICKNESS|SPIN COAT PHOTORESIST|SOFT BAKE|ALIGN MASK LEVEL 1|EXPOSE LITHO LEVEL 1|DEVELOP PHOTORESIST|VIA OPENING INSPECTION|VIA ETCH THROUGH DIELECTRIC|STRIP RESIST|CLEAN AFTER VIA ETCH|MEASURE VIA CD|DEPOSIT BARRIER METAL|DEPOSIT METAL SEED|FILL VIA METAL|CMP METAL|MEASURE CONTACT RESISTANCE|DEPOSIT TOP METAL|ANNEAL METAL|MEASURE METAL THICKNESS|SPIN COAT PHOTORESIST|SOFT BAKE|ALIGN MASK LEVEL 2|EXPOSE LITHO LEVEL 2|DEVELOP PHOTORESIST|METAL PATTERN INSPECTION|METAL ETCH DRY|STRIP PHOTORESIST|CLEAN AFTER METAL ETCH|MEASURE LINE WIDTH|DEPOSIT PASSIVATION|CURE PASSIVATION|MEASURE PASSIVATION QUALITY|OPEN PAD WINDOW|PAD WINDOW LITHO|DEVELOP PAD WINDOW|PASSIVATION ETCH PAD OPENING|STRIP RESIST|CLEAN PAD OPENING|MEASURE PAD OPENING|BACKSIDE CLEAN|BACKSIDE GRIND|MEASURE WAFER THICKNESS|BACKSIDE ETCH CLEAN|BACKSIDE RINSE|BACKSIDE DRY|BACKSIDE METALLIZATION PREP|DEPOSIT BACKSIDE METAL|BACKSIDE ANNEAL|MEASURE BACKSIDE CONTACT|FINAL CLEAN|FINAL GEOMETRY CHECK|FINAL PARTICLE INSPECTION|ELECTRICAL PARAMETRIC TEST|LEAKAGE TEST|THRESHOLD VOLTAGE TEST|SWITCHING TEST|WAFER SORT TEST|YIELD ANALYSIS|FINAL LOT RELEASE|SHIP LOT
valid_0121,BACKSIDE CLEAN|BACKSIDE GRIND|MEASURE WAFER THICKNESS|BACKSIDE ETCH CLEAN|BACKSIDE RINSE|BACKSIDE DRY|BACKSIDE METALLIZATION PREP|DEPOSIT BACKSIDE METAL|BACKSIDE ANNEAL|MEASURE BACKSIDE CONTACT|FINAL CLEAN|FINAL GEOMETRY CHECK|FINAL PARTICLE INSPECTION|ELECTRICAL PARAMETRIC TEST|LEAKAGE TEST|THRESHOLD VOLTAGE TEST|SWITCHING TEST|WAFER SORT TEST|YIELD ANALYSIS|FINAL LOT RELEASE|SHIP LOT
valid_0122,RECEIVE WAFER LOT|LOT IDENTIFICATION|PRE CLEAN INSPECTION|MEASURE INITIAL THICKNESS|MEASURE SURFACE PARTICLES|PRE CLEAN WAFER|BACKSIDE CLEAN|FRONTSIDE CLEAN|RCA CLEAN 1|RCA CLEAN 2|HF DIP|DRY WAFER|EPITAXIAL WAFER CHECK|MEASURE EPITAXY THICKNESS|MEASURE RESISTIVITY|EPITAXY PREP|OXIDE STRIP|MEASURE OXIDE THICKNESS|SPIN COAT PHOTORESIST|SOFT BAKE|ALIGN MASK LEVEL 1|EXPOSE LITHO LEVEL 1|DEVELOP PHOTORESIST|VIA OPENING INSPECTION|VIA ETCH THROUGH DIELECTRIC|STRIP RESIST|CLEAN AFTER VIA ETCH|MEASURE VIA CD|DEPOSIT BARRIER METAL|DEPOSIT METAL SEED|FILL VIA METAL|CMP METAL|MEASURE CONTACT RESISTANCE|DEPOSIT TOP METAL|ANNEAL METAL|SPIN COAT PHOTORESIST|SOFT BAKE|ALIGN MASK LEVEL 2|EXPOSE LITHO LEVEL 2|DEVELOP PHOTORESIST|METAL PATTERN INSPECTION|METAL ETCH DRY|STRIP PHOTORESIST|CLEAN AFTER METAL ETCH|MEASURE LINE WIDTH|DEPOSIT PASSIVATION|CURE PASSIVATION|MEASURE PASSIVATION QUALITY|OPEN PAD WINDOW|PAD WINDOW LITHO|DEVELOP PAD WINDOW|PASSIVATION ETCH PAD OPENING|STRIP RESIST|CLEAN PAD OPENING|MEASURE PAD OPENING|BACKSIDE CLEAN|BACKSIDE GRIND|MEASURE WAFER THICKNESS|BACKSIDE ETCH CLEAN|BACKSIDE RINSE|BACKSIDE DRY|BACKSIDE METALLIZATION PREP|DEPOSIT BACKSIDE METAL|BACKSIDE ANNEAL|MEASURE BACKSIDE CONTACT|FINAL CLEAN|FINAL GEOMETRY CHECK|FINAL PARTICLE INSPECTION|ELECTRICAL PARAMETRIC TEST|LEAKAGE TEST|THRESHOLD VOLTAGE TEST|SWITCHING TEST|WAFER SORT TEST|YIELD ANALYSIS|FINAL LOT RELEASE|SHIP LOT
valid_0123,BACKSIDE CLEAN|BACKSIDE GRIND|MEASURE THICKNESS|BACKSIDE ETCH CLEAN|BACKSIDE RINSE|BACKSIDE DRY|BACKSIDE METALLIZATION PREP|DEPOSIT BACKSIDE METAL|BACKSIDE ANNEAL|MEASURE BACKSIDE CONTACT|FINAL CLEAN|FINAL GEOMETRY CHECK|FINAL PARTICLE INSPECTION|ELECTRICAL PARAMETRIC TEST|LEAKAGE TEST|THRESHOLD VOLTAGE TEST|SWITCHING TEST|WAFER SORT TEST|YIELD ANALYSIS|FINAL LOT RELEASE|SHIP LOT
valid_0124,RECEIVE WAFER LOT|LOT IDENTIFICATION|INITIAL WAFER INSPECTION|MEASURE INITIAL THICKNESS|PRE CLEAN WAFER|BACKSIDE CLEAN|FRONTSIDE CLEAN|WET CLEAN RCA1|RCA CLEAN 2|HF DIP|DRY WAFER|EPITAXIAL WAFER CHECK|MEASURE EPITAXY THICKNESS|MEASURE RESISTIVITY|EPITAXY PREP|OXIDE STRIP|MEASURE OXIDE THICKNESS|SPIN COAT PHOTORESIST|SOFT BAKE|ALIGN MASK LEVEL 1|EXPOSE LITHO LEVEL 1|DEVELOP PHOTORESIST|VIA OPENING INSPECTION|HARD BAKE|VIA ETCH THROUGH DIELECTRIC|STRIP RESIST|CLEAN AFTER VIA ETCH|MEASURE VIA CD|DEPOSIT BARRIER METAL|DEPOSIT METAL SEED|FILL VIA METAL|CMP METAL|MEASURE CONTACT RESISTANCE|DEPOSIT TOP METAL|ANNEAL METAL|SPIN COAT PHOTORESIST|SOFT BAKE|ALIGN MASK LEVEL 2|EXPOSE LITHO LEVEL 2|DEVELOP PHOTORESIST|METAL PATTERN INSPECTION|METAL ETCH DRY|STRIP RESIST|CLEAN AFTER METAL ETCH|MEASURE LINE WIDTH|DEPOSIT PASSIVATION|CURE PASSIVATION|MEASURE PASSIVATION QUALITY|OPEN PAD WINDOW|PAD WINDOW LITHO|DEVELOP PAD WINDOW|PASSIVATION ETCH PAD OPENING|STRIP RESIST|CLEAN PAD OPENING|MEASURE PAD OPENING|BACKSIDE CLEAN|BACKSIDE GRIND|MEASURE WAFER THICKNESS|BACKSIDE ETCH CLEAN|BACKSIDE RINSE|BACKSIDE DRY|BACKSIDE METALLIZATION PREP|DEPOSIT BACKSIDE METAL|BACKSIDE ANNEAL|MEASURE BACKSIDE CONTACT|FINAL CLEAN|FINAL GEOMETRY CHECK|FINAL PARTICLE INSPECTION|ELECTRICAL PARAMETRIC TEST|LEAKAGE TEST|THRESHOLD VOLTAGE TEST|SWITCHING TEST|WAFER SORT TEST|YIELD ANALYSIS|FINAL LOT RELEASE|SHIP LOT
valid_0125,RECEIVE WAFER LOT|LOT IDENTIFICATION|INITIAL WAFER INSPECTION|MEASURE INITIAL THICKNESS|PRE CLEAN WAFER|BACKSIDE CLEAN|FRONTSIDE CLEAN|WET CLEAN RCA1|RCA CLEAN 2|HF DIP|DRY WAFER|EPITAXY PREP|EPITAXIAL DEPOSITION|MEASURE EPITAXY THICKNESS|MEASURE RESISTIVITY|EPITAXY ANNEAL|SPIN COAT PHOTORESIST|SOFT BAKE|ALIGN MASK LEVEL 1|EXPOSE LITHO LEVEL 1|DEVELOP PHOTORESIST|FIELD PATTERN INSPECTION|METAL ETCH DRY|STRIP RESIST|CLEAN AFTER FIELD ETCH|MEASURE WINDOW CD|DEPOSIT PAD OXIDE|ANNEAL OXIDE|MEASURE OXIDE THICKNESS|SPIN COAT PHOTORESIST|SOFT BAKE|ALIGN MASK LEVEL 2|EXPOSE LITHO LEVEL 2|DEVELOP PHOTORESIST|VIA OPENING INSPECTION|VIA ETCH|STRIP PHOTORESIST|CLEAN AFTER VIA ETCH|MEASURE VIA CD|DEPOSIT BARRIER METAL|DEPOSIT METAL SEED|FILL VIA METAL|CMP METAL|MEASURE CONTACT RESISTANCE|DEPOSIT TOP METAL|ANNEAL METAL|SPIN COAT PHOTORESIST|SOFT BAKE|ALIGN MASK LEVEL 3|EXPOSE LITHO LEVEL 3|DEVELOP PHOTORESIST|METAL PATTERN INSPECTION|HARD BAKE|METAL ETCH DRY|STRIP PHOTORESIST|CLEAN AFTER METAL ETCH|MEASURE LINE WIDTH|DEPOSIT PASSIVATION|CURE PASSIVATION|MEASURE PASSIVATION QUALITY|OPEN PAD WINDOW|PAD WINDOW LITHO|DEVELOP PAD WINDOW|PASSIVATION ETCH PAD OPENING|STRIP RESIST|CLEAN PAD OPENING|MEASURE PAD OPENING|BACKSIDE CLEAN|BACKSIDE GRIND|MEASURE WAFER THICKNESS|BACKSIDE ETCH CLEAN|BACKSIDE RINSE|BACKSIDE DRY|BACKSIDE METALLIZATION PREP|DEPOSIT BACKSIDE METAL|BACKSIDE ANNEAL|MEASURE BACKSIDE CONTACT|FINAL CLEAN|FINAL GEOMETRY CHECK|FINAL PARTICLE INSPECTION|ELECTRICAL PARAMETRIC TEST|LEAKAGE TEST|THRESHOLD VOLTAGE TEST|SWITCHING TEST|WAFER SORT TEST|YIELD ANALYSIS|FINAL LOT RELEASE|SHIP LOT
valid_0126,DEPOSIT BARRIER METAL|DEPOSIT TUNGSTEN SEED|FILL VIA METAL|CMP METAL|MEASURE CONTACT RESISTANCE|DEPOSIT TOP METAL|ANNEAL METAL|MEASURE METAL THICKNESS|SPIN COAT PHOTORESIST|SOFT BAKE|ALIGN MASK LEVEL 5|EXPOSE LITHO LEVEL 5|DEVELOP PHOTORESIST|METAL PATTERN INSPECTION|METAL ETCH DRY|STRIP RESIST|CLEAN AFTER METAL ETCH|MEASURE LINE WIDTH|DEPOSIT PASSIVATION|CURE PASSIVATION|MEASURE PASSIVATION QUALITY|OPEN PAD WINDOW|PAD WINDOW LITHO|DEVELOP PAD WINDOW|PASSIVATION ETCH PAD OPENING|STRIP RESIST|CLEAN PAD OPENING|MEASURE PAD OPENING|BACKSIDE CLEAN|BACKSIDE GRIND|MEASURE WAFER THICKNESS|BACKSIDE ETCH CLEAN|BACKSIDE RINSE|BACKSIDE DRY|BACKSIDE METALLIZATION PREP|DEPOSIT BACKSIDE METAL|BACKSIDE ANNEAL|MEASURE BACKSIDE CONTACT|FINAL CLEAN|FINAL GEOMETRY CHECK|FINAL PARTICLE INSPECTION|ELECTRICAL PARAMETRIC TEST|LEAKAGE TEST|THRESHOLD VOLTAGE TEST|SWITCHING TEST|WAFER SORT TEST|YIELD ANALYSIS|FINAL LOT RELEASE|SHIP LOT
valid_0127,BACKSIDE CLEAN|BACKSIDE GRIND|MEASURE WAFER THICKNESS|BACKSIDE ETCH CLEAN|BACKSIDE RINSE|BACKSIDE DRY|BACKSIDE METALLIZATION PREP|DEPOSIT BACKSIDE METAL|BACKSIDE ANNEAL|MEASURE BACKSIDE CONTACT|FINAL CLEAN|FINAL GEOMETRY CHECK|FINAL PARTICLE INSPECTION|ELECTRICAL PARAMETRIC TEST|LEAKAGE TEST|THRESHOLD VOLTAGE TEST|SWITCHING TEST|WAFER SORT TEST|YIELD ANALYSIS|FINAL LOT RELEASE|SHIP LOT
valid_0128,RECEIVE WAFER LOT|LOT IDENTIFICATION|PRE CLEAN INSPECTION|MEASURE INITIAL THICKNESS|MEASURE SURFACE PARTICLES|PRE CLEAN WAFER|BACKSIDE CLEAN|FRONTSIDE CLEAN|WET CLEAN RCA1|WET CLEAN RCA2|HF DIP|EPITAXY PREP|EPITAXIAL DEPOSITION|MEASURE EPITAXY THICKNESS|MEASURE RESISTIVITY|EPITAXY ANNEAL|MEASURE JUNCTION PROFILE|DEPOSIT PAD OXIDE|ANISOTROPIC ETCH SPACER|MEASURE GATE OXIDE THICKNESS|SPIN COAT PHOTORESIST|SOFT BAKE|ALIGN MASK LEVEL 5|EXPOSE LITHO LEVEL 5|POST EXPOSE BAKE|DEVELOP PHOTORESIST|VIA OPENING INSPECTION|VIA ETCH THROUGH DIELECTRIC|STRIP PHOTORESIST|CLEAN AFTER VIA ETCH|MEASURE VIA CD|DEPOSIT BARRIER METAL|DEPOSIT METAL SEED|FILL VIA METAL|CMP METAL|MEASURE CONTACT RESISTANCE|DEPOSIT TOP METAL|ANNEAL METAL|MEASURE METAL THICKNESS|SPIN COAT PHOTORESIST|SOFT BAKE|ALIGN MASK LEVEL 6|EXPOSE LITHO LEVEL 6|DEVELOP PHOTORESIST|METAL PATTERN INSPECTION|METAL ETCH DRY|STRIP PHOTORESIST|CLEAN AFTER METAL ETCH|MEASURE LINE WIDTH|DEPOSIT PASSIVATION|CURE PASSIVATION|MEASURE PASSIVATION QUALITY|OPEN PAD WINDOW|PAD WINDOW LITHO|DEVELOP PAD WINDOW|PASSIVATION ETCH PAD OPENING|STRIP RESIST|CLEAN PAD OPENING|MEASURE PAD OPENING|BACKSIDE CLEAN|BACKSIDE GRIND|MEASURE WAFER THICKNESS|BACKSIDE ETCH CLEAN|BACKSIDE RINSE|BACKSIDE DRY|BACKSIDE METALLIZATION PREP|DEPOSIT BACKSIDE METAL|BACKSIDE ANNEAL|MEASURE BACKSIDE CONTACT|FINAL CLEAN|FINAL GEOMETRY CHECK|FINAL PARTICLE INSPECTION|ELECTRICAL PARAMETRIC TEST|LEAKAGE TEST|THRESHOLD VOLTAGE TEST|SWITCHING TEST|WAFER SORT TEST|YIELD ANALYSIS|FINAL LOT RELEASE|SHIP LOT
valid_0129,BACKSIDE CLEAN|BACKSIDE GRIND|MEASURE WAFER THICKNESS|BACKSIDE ETCH CLEAN|BACKSIDE RINSE|BACKSIDE DRY|BACKSIDE METALLIZATION PREP|DEPOSIT BACKSIDE METAL|BACKSIDE ANNEAL|MEASURE BACKSIDE CONTACT|FINAL CLEAN|FINAL GEOMETRY CHECK|FINAL PARTICLE INSPECTION|ELECTRICAL PARAMETRIC TEST|LEAKAGE TEST|THRESHOLD VOLTAGE TEST|SWITCHING TEST|WAFER SORT TEST|YIELD ANALYSIS|FINAL LOT RELEASE|SHIP LOT
valid_0130,RECEIVE WAFER LOT|LOT IDENTIFICATION|PRE CLEAN INSPECTION|MEASURE INITIAL THICKNESS|MEASURE SURFACE PARTICLES|PRE CLEAN WAFER|BACKSIDE CLEAN|FRONTSIDE CLEAN|WET CLEAN RCA1|WET CLEAN RCA2|HF DIP|DRY WAFER|EPITAXIAL WAFER CHECK|MEASURE EPITAXY THICKNESS|MEASURE RESISTIVITY|EPITAXY PREP|OXIDE STRIP|MEASURE OXIDE THICKNESS|SPIN COAT PHOTORESIST|SOFT BAKE|ALIGN MASK LEVEL 1|EXPOSE LITHO LEVEL 1|DEVELOP PHOTORESIST|VIA OPENING INSPECTION|VIA ETCH THROUGH DIELECTRIC|STRIP RESIST|CLEAN AFTER VIA ETCH|MEASURE VIA CD|DEPOSIT BARRIER METAL|DEPOSIT METAL SEED|FILL VIA METAL|CMP METAL|MEASURE CONTACT RESISTANCE|DEPOSIT TOP METAL|ANNEAL METAL|MEASURE METAL THICKNESS|SPIN COAT PHOTORESIST|SOFT BAKE|ALIGN MASK LEVEL 2|EXPOSE LITHO LEVEL 2|DEVELOP PHOTORESIST|METAL PATTERN INSPECTION|METAL ETCH DRY|STRIP RESIST|CLEAN AFTER METAL ETCH|MEASURE LINE WIDTH|DEPOSIT PASSIVATION|CURE PASSIVATION|MEASURE PASSIVATION QUALITY|OPEN PAD WINDOW|PAD WINDOW LITHO|DEVELOP PAD WINDOW|PASSIVATION ETCH PAD OPENING|STRIP RESIST|CLEAN PAD OPENING|MEASURE PAD OPENING|BACKSIDE CLEAN|BACKSIDE GRIND|MEASURE WAFER THICKNESS|BACKSIDE ETCH CLEAN|BACKSIDE RINSE|BACKSIDE DRY|BACKSIDE METALLIZATION PREP|DEPOSIT BACKSIDE METAL|BACKSIDE ANNEAL|MEASURE BACKSIDE CONTACT|FINAL CLEAN|FINAL GEOMETRY CHECK|FINAL PARTICLE INSPECTION|ELECTRICAL PARAMETRIC TEST|LEAKAGE TEST|THRESHOLD VOLTAGE TEST|SWITCHING TEST|WAFER SORT TEST|YIELD ANALYSIS|FINAL LOT RELEASE|SHIP LOT
valid_0131,RECEIVE WAFER LOT|LOT IDENTIFICATION|PRE CLEAN INSPECTION|MEASURE INITIAL THICKNESS|MEASURE SURFACE PARTICLES|PRE CLEAN WAFER|BACKSIDE CLEAN|FRONTSIDE CLEAN|WET CLEAN RCA1|WET CLEAN RCA2|HF DIP|DRY WAFER|EPITAXY PREP|EPITAXIAL DEPOSITION|MEASURE EPITAXY THICKNESS|MEASURE RESISTIVITY|EPITAXY ANNEAL|MEASURE JUNCTION PROFILE|DEPOSIT PAD OXIDE|ANNEAL OXIDE|MEASURE OXIDE THICKNESS|SPIN COAT PHOTORESIST|SOFT BAKE|ALIGN MASK LEVEL 1|EXPOSE LITHO LEVEL 1|DEVELOP PHOTORESIST|VIA OPENING INSPECTION|VIA ETCH|STRIP RESIST|CLEAN AFTER VIA ETCH|MEASURE VIA CD|DEPOSIT BARRIER METAL|DEPOSIT METAL SEED|FILL VIA METAL|CMP METAL|MEASURE CONTACT RESISTANCE|DEPOSIT TOP METAL|ANNEAL METAL|SPIN COAT PHOTORESIST|SOFT BAKE|ALIGN MASK LEVEL 2|EXPOSE LITHO LEVEL 2|DEVELOP PHOTORESIST|METAL PATTERN INSPECTION|METAL ETCH DRY|STRIP RESIST|CLEAN AFTER METAL ETCH|MEASURE LINE WIDTH|DEPOSIT PASSIVATION|CURE PASSIVATION|MEASURE PASSIVATION QUALITY|OPEN PAD WINDOW|OPEN PAD WINDOW LITHO|DEVELOP PAD WINDOW|PASSIVATION ETCH PAD OPENING|STRIP RESIST|CLEAN PAD OPENING|MEASURE PAD OPENING|BACKSIDE CLEAN|BACKSIDE GRIND|MEASURE WAFER THICKNESS|BACKSIDE ETCH CLEAN|BACKSIDE RINSE|BACKSIDE DRY|BACKSIDE METALLIZATION PREP|DEPOSIT BACKSIDE METAL|BACKSIDE ANNEAL|MEASURE BACKSIDE CONTACT|FINAL CLEAN|FINAL GEOMETRY CHECK|FINAL PARTICLE INSPECTION|ELECTRICAL PARAMETRIC TEST|LEAKAGE TEST|THRESHOLD VOLTAGE TEST|SWITCHING TEST|WAFER SORT TEST|YIELD ANALYSIS|FINAL LOT RELEASE|SHIP LOT
valid_0132,RECEIVE WAFER LOT|LOT IDENTIFICATION|INITIAL WAFER INSPECTION|MEASURE INITIAL THICKNESS|MEASURE SURFACE PARTICLES|PRE CLEAN WAFER|BACKSIDE CLEAN|FRONTSIDE CLEAN|RCA CLEAN 1|RCA CLEAN 2|HF DIP|DRY WAFER|EPITAXIAL WAFER CHECK|MEASURE EPITAXY THICKNESS|MEASURE RESISTIVITY|EPITAXY PREP|OXIDE STRIP|MEASURE OXIDE THICKNESS|SPIN COAT PHOTORESIST|SOFT BAKE|ALIGN MASK LEVEL 1|EXPOSE LITHO LEVEL 1|DEVELOP PHOTORESIST|VIA OPENING INSPECTION|VIA ETCH THROUGH DIELECTRIC|STRIP RESIST|CLEAN AFTER VIA ETCH|MEASURE VIA CD|DEPOSIT BARRIER METAL|DEPOSIT METAL SEED|FILL VIA METAL|CMP METAL|MEASURE CONTACT RESISTANCE|DEPOSIT TOP METAL|ANNEAL METAL|MEASURE METAL THICKNESS|SPIN COAT PHOTORESIST|SOFT BAKE|ALIGN MASK LEVEL 2|EXPOSE LITHO LEVEL 2|DEVELOP PHOTORESIST|METAL PATTERN INSPECTION|METAL ETCH DRY|STRIP RESIST|CLEAN AFTER METAL ETCH|MEASURE LINE WIDTH|DEPOSIT PASSIVATION|CURE PASSIVATION|MEASURE PASSIVATION QUALITY|OPEN PAD WINDOW|PAD WINDOW LITHO|DEVELOP PAD WINDOW|PASSIVATION ETCH PAD OPENING|STRIP RESIST|CLEAN PAD OPENING|MEASURE PAD OPENING|BACKSIDE CLEAN|BACKSIDE GRIND|MEASURE WAFER THICKNESS|BACKSIDE ETCH CLEAN|BACKSIDE RINSE|BACKSIDE DRY|BACKSIDE METALLIZATION PREP|DEPOSIT BACKSIDE METAL|BACKSIDE ANNEAL|MEASURE BACKSIDE CONTACT|FINAL CLEAN|FINAL GEOMETRY CHECK|FINAL CD INSPECTION|FINAL PARTICLE INSPECTION|PARAMETRIC TEST|LEAKAGE TEST|SWITCHING TEST|WAFER SORT TEST|YIELD ANALYSIS|FINAL LOT RELEASE|SHIP LOT
valid_0133,RECEIVE WAFER LOT|LOT IDENTIFICATION|INITIAL WAFER INSPECTION|MEASURE INITIAL THICKNESS|MEASURE SURFACE PARTICLES|PRE CLEAN WAFER|BACKSIDE CLEAN|FRONTSIDE CLEAN|RCA CLEAN 1|RCA CLEAN 2|HF DIP|DRY WAFER|EPITAXY PREP|EPITAXIAL DEPOSITION|MEASURE EPITAXY THICKNESS|MEASURE RESISTIVITY|EPITAXY ANNEAL|MEASURE JUNCTION PROFILE|DEPOSIT PAD OXIDE|ANNEAL OXIDE|MEASURE FILM THICKNESS|SPIN COAT PHOTORESIST|SOFT BAKE|ALIGN MASK LEVEL 1|EXPOSE LITHO LEVEL 1|DEVELOP PHOTORESIST|VIA OPENING INSPECTION|HARD BAKE|VIA ETCH|STRIP RESIST|CLEAN AFTER VIA ETCH|MEASURE VIA CD|DEPOSIT BARRIER METAL|DEPOSIT METAL SEED|FILL VIA METAL|CMP METAL|MEASURE CONTACT RESISTANCE|DEPOSIT TOP METAL|ANNEAL METAL|MEASURE METAL THICKNESS|SPIN COAT PHOTORESIST|SOFT BAKE|ALIGN MASK LEVEL 2|EXPOSE LITHO LEVEL 2|DEVELOP PHOTORESIST|METAL PATTERN INSPECTION|HARD BAKE|METAL ETCH DRY|STRIP RESIST|CLEAN AFTER METAL ETCH|MEASURE LINE WIDTH|DEPOSIT PASSIVATION|CURE PASSIVATION|MEASURE PASSIVATION QUALITY|OPEN PAD WINDOW|OPEN PAD WINDOW LITHO|DEVELOP PAD WINDOW|PASSIVATION ETCH PAD OPENING|STRIP RESIST|CLEAN PAD OPENING|MEASURE PAD OPENING|BACKSIDE CLEAN|BACKSIDE GRIND|MEASURE WAFER THICKNESS|BACKSIDE ETCH CLEAN|BACKSIDE RINSE|BACKSIDE DRY|BACKSIDE METALLIZATION PREP|DEPOSIT BACKSIDE METAL|BACKSIDE ANNEAL|MEASURE BACKSIDE CONTACT|FINAL CLEAN|FINAL GEOMETRY CHECK|FINAL CD INSPECTION|FINAL PARTICLE INSPECTION|PARAMETRIC TEST|LEAKAGE TEST|SWITCHING TEST|THRESHOLD VOLTAGE TEST|SWITCHING TEST|WAFER SORT TEST|YIELD ANALYSIS|FINAL LOT RELEASE|SHIP LOT
valid_0134,BACKSIDE CLEAN|BACKSIDE GRIND|MEASURE WAFER THICKNESS|BACKSIDE ETCH CLEAN|BACKSIDE RINSE|BACKSIDE DRY|BACKSIDE METALLIZATION PREP|DEPOSIT BACKSIDE METAL|BACKSIDE ANNEAL|MEASURE BACKSIDE CONTACT|FINAL CLEAN|FINAL GEOMETRY CHECK|FINAL PARTICLE INSPECTION|ELECTRICAL PARAMETRIC TEST|LEAKAGE TEST|THRESHOLD VOLTAGE TEST|SWITCHING TEST|WAFER SORT TEST|YIELD ANALYSIS|FINAL LOT RELEASE|SHIP LOT
valid_0135,BACKSIDE CLEAN|BACKSIDE GRIND|MEASURE WAFER THICKNESS|BACKSIDE ETCH CLEAN|BACKSIDE RINSE|BACKSIDE DRY|BACKSIDE METALLIZATION PREP|DEPOSIT BACKSIDE METAL|BACKSIDE ANNEAL|MEASURE BACKSIDE CONTACT|FINAL CLEAN|FINAL GEOMETRY CHECK|FINAL PARTICLE INSPECTION|ELECTRICAL PARAMETRIC TEST|LEAKAGE TEST|THRESHOLD VOLTAGE TEST|SWITCHING TEST|WAFER SORT TEST|YIELD ANALYSIS|FINAL LOT RELEASE|SHIP LOT
valid_0136,BACKSIDE CLEAN|BACKSIDE GRIND|MEASURE WAFER THICKNESS|BACKSIDE ETCH CLEAN|BACKSIDE RINSE|BACKSIDE DRY|BACKSIDE METALLIZATION PREP|DEPOSIT BACKSIDE METAL|BACKSIDE ANNEAL|MEASURE BACKSIDE CONTACT|FINAL CLEAN|FINAL GEOMETRY CHECK|FINAL PARTICLE INSPECTION|ELECTRICAL PARAMETRIC TEST|LEAKAGE TEST|THRESHOLD VOLTAGE TEST|SWITCHING TEST|WAFER SORT TEST|YIELD ANALYSIS|FINAL LOT RELEASE|SHIP LOT
valid_0137,RECEIVE WAFER LOT|LOT IDENTIFICATION|PRE CLEAN INSPECTION|MEASURE INITIAL THICKNESS|MEASURE SURFACE PARTICLES|PRE CLEAN WAFER|BACKSIDE CLEAN|FRONTSIDE CLEAN|WET CLEAN RCA1|RCA CLEAN 2|HF DIP|EPITAXY PREP|EPITAXIAL DEPOSITION|MEASURE EPITAXY THICKNESS|MEASURE RESISTIVITY|EPITAXY ANNEAL|MEASURE JUNCTION PROFILE|DEPOSIT PAD OXIDE|ANNEAL OXIDE|MEASURE FILM THICKNESS|SPIN COAT PHOTORESIST|SOFT BAKE|ALIGN MASK LEVEL 1|EXPOSE LITHO LEVEL 1|DEVELOP PHOTORESIST|VIA OPENING INSPECTION|VIA ETCH THROUGH DIELECTRIC|STRIP RESIST|CLEAN AFTER VIA ETCH|MEASURE VIA CD|DEPOSIT BARRIER METAL|DEPOSIT METAL SEED|FILL VIA METAL|CMP METAL|MEASURE CONTACT RESISTANCE|DEPOSIT TOP METAL|ANNEAL METAL|SPIN COAT PHOTORESIST|SOFT BAKE|ALIGN MASK LEVEL 2|EXPOSE LITHO LEVEL 2|DEVELOP PHOTORESIST|METAL PATTERN INSPECTION|METAL ETCH DRY|STRIP PHOTORESIST|CLEAN AFTER METAL ETCH|MEASURE LINE WIDTH|DEPOSIT PASSIVATION|CURE PASSIVATION|MEASURE PASSIVATION QUALITY|OPEN PAD WINDOW|PAD WINDOW LITHO|DEVELOP PAD WINDOW|PASSIVATION ETCH PAD OPENING|STRIP RESIST|CLEAN PAD OPENING|MEASURE PAD OPENING|BACKSIDE CLEAN|BACKSIDE GRIND|MEASURE WAFER THICKNESS|BACKSIDE ETCH CLEAN|BACKSIDE RINSE|BACKSIDE DRY|BACKSIDE METALLIZATION PREP|DEPOSIT BACKSIDE METAL|BACKSIDE ANNEAL|MEASURE BACKSIDE CONTACT|FINAL CLEAN|FINAL GEOMETRY CHECK|FINAL PARTICLE INSPECTION|ELECTRICAL PARAMETRIC TEST|LEAKAGE TEST|THRESHOLD VOLTAGE TEST|SWITCHING TEST|WAFER SORT TEST|YIELD ANALYSIS|FINAL LOT RELEASE|SHIP LOT
valid_0138,RECEIVE WAFER LOT|LOT IDENTIFICATION|INITIAL WAFER INSPECTION|MEASURE INITIAL THICKNESS|MEASURE SURFACE PARTICLES|PRE CLEAN WAFER|BACKSIDE CLEAN|FRONTSIDE CLEAN|RCA CLEAN 1|WET CLEAN RCA2|HF DIP|EPITAXY PREP|EPITAXIAL DEPOSITION|MEASURE EPITAXY THICKNESS|MEASURE RESISTIVITY|EPITAXY ANNEAL|MEASURE JUNCTION PROFILE|DEPOSIT PAD OXIDE|ANNEAL OXIDE|MEASURE FILM THICKNESS|SPIN COAT PHOTORESIST|SOFT BAKE|ALIGN MASK LEVEL 5|EXPOSE LITHO LEVEL 5|DEVELOP PHOTORESIST|VIA OPENING INSPECTION|VIA ETCH THROUGH DIELECTRIC|STRIP RESIST|CLEAN AFTER VIA ETCH|MEASURE VIA CD|DEPOSIT BARRIER METAL|DEPOSIT TUNGSTEN SEED|FILL VIA TUNGSTEN|CMP METAL|MEASURE CONTACT RESISTANCE|DEPOSIT TOP METAL|ANNEAL METAL|SPIN COAT PHOTORESIST|SOFT BAKE|ALIGN MASK LEVEL 6|EXPOSE LITHO LEVEL 6|DEVELOP PHOTORESIST|METAL PATTERN INSPECTION|METAL ETCH DRY|STRIP PHOTORESIST|CLEAN AFTER METAL ETCH|MEASURE LINE WIDTH|DEPOSIT PASSIVATION|CURE PASSIVATION|MEASURE PASSIVATION QUALITY|OPEN PAD WINDOW|PAD WINDOW LITHO|DEVELOP PAD WINDOW|PASSIVATION ETCH PAD OPENING|STRIP RESIST|CLEAN PAD OPENING|MEASURE PAD OPENING|BACKSIDE CLEAN|BACKSIDE GRIND|MEASURE WAFER THICKNESS|BACKSIDE ETCH CLEAN|BACKSIDE RINSE|BACKSIDE DRY|BACKSIDE METALLIZATION PREP|DEPOSIT BACKSIDE METAL|BACKSIDE ANNEAL|MEASURE BACKSIDE CONTACT|FINAL CLEAN|FINAL GEOMETRY CHECK|FINAL PARTICLE INSPECTION|ELECTRICAL PARAMETRIC TEST|LEAKAGE TEST|THRESHOLD VOLTAGE TEST|SWITCHING TEST|WAFER SORT TEST|YIELD ANALYSIS|FINAL LOT RELEASE|SHIP LOT
valid_0139,RECEIVE WAFER LOT|LOT IDENTIFICATION|INITIAL WAFER INSPECTION|MEASURE INITIAL THICKNESS|MEASURE SURFACE PARTICLES|PRE CLEAN WAFER|BACKSIDE CLEAN|FRONTSIDE CLEAN|RCA CLEAN 1|WET CLEAN RCA2|HF DIP|EPITAXY PREP|EPITAXIAL DEPOSITION|MEASURE EPITAXY THICKNESS|MEASURE RESISTIVITY|EPITAXY ANNEAL|DEPOSIT PAD OXIDE|ANNEAL OXIDE|MEASURE FILM THICKNESS|SPIN COAT PHOTORESIST|SOFT BAKE|ALIGN MASK LEVEL 1|EXPOSE LITHO LEVEL 1|DEVELOP PHOTORESIST|VIA OPENING INSPECTION|VIA ETCH|STRIP RESIST|CLEAN AFTER VIA ETCH|MEASURE VIA CD|DEPOSIT BARRIER METAL|DEPOSIT METAL SEED|FILL VIA METAL|CMP VIA FILL|MEASURE CONTACT RESISTANCE|DEPOSIT TOP METAL|ANNEAL METAL|SPIN COAT PHOTORESIST|SOFT BAKE|ALIGN MASK LEVEL 2|EXPOSE LITHO LEVEL 2|DEVELOP PHOTORESIST|METAL PATTERN INSPECTION|METAL ETCH DRY|STRIP PHOTORESIST|CLEAN AFTER METAL ETCH|MEASURE LINE WIDTH|DEPOSIT PASSIVATION|CURE PASSIVATION|MEASURE PASSIVATION QUALITY|OPEN PAD WINDOW|PAD WINDOW LITHO|DEVELOP PAD WINDOW|PASSIVATION ETCH PAD OPENING|STRIP RESIST|CLEAN PAD OPENING|MEASURE PAD OPENING|BACKSIDE CLEAN|BACKSIDE GRIND|MEASURE WAFER THICKNESS|BACKSIDE ETCH CLEAN|BACKSIDE RINSE|BACKSIDE DRY|BACKSIDE METALLIZATION PREP|DEPOSIT BACKSIDE METAL|BACKSIDE ANNEAL|MEASURE BACKSIDE CONTACT|FINAL CLEAN|FINAL GEOMETRY CHECK|FINAL PARTICLE INSPECTION|ELECTRICAL PARAMETRIC TEST|LEAKAGE TEST|THRESHOLD VOLTAGE TEST|SWITCHING TEST|WAFER SORT TEST|YIELD ANALYSIS|FINAL LOT RELEASE|SHIP LOT
valid_0140,RECEIVE WAFER LOT|LOT IDENTIFICATION|PRE CLEAN INSPECTION|MEASURE INITIAL THICKNESS|MEASURE SURFACE PARTICLES|PRE CLEAN WAFER|BACKSIDE CLEAN|FRONTSIDE CLEAN|RCA CLEAN 1|RCA CLEAN 2|HF DIP|DRY WAFER|EPITAXIAL WAFER CHECK|MEASURE EPITAXY THICKNESS|MEASURE RESISTIVITY|EPITAXY PREP|OXIDE STRIP|MEASURE OXIDE THICKNESS|SPIN COAT PHOTORESIST|SOFT BAKE|ALIGN MASK LEVEL 1|EXPOSE LITHO LEVEL 1|DEVELOP PHOTORESIST|VIA OPENING INSPECTION|HARD BAKE|VIA ETCH THROUGH DIELECTRIC|STRIP RESIST|CLEAN AFTER VIA ETCH|MEASURE VIA CD|DEPOSIT BARRIER METAL|DEPOSIT METAL SEED|FILL VIA METAL|CMP METAL|MEASURE CONTACT RESISTANCE|DEPOSIT TOP METAL|ANNEAL METAL|SPIN COAT PHOTORESIST|SOFT BAKE|ALIGN MASK LEVEL 2|EXPOSE LITHO LEVEL 2|DEVELOP PHOTORESIST|METAL PATTERN INSPECTION|METAL ETCH DRY|STRIP RESIST|CLEAN AFTER METAL ETCH|MEASURE LINE WIDTH|DEPOSIT PASSIVATION|CURE PASSIVATION|MEASURE PASSIVATION QUALITY|OPEN PAD WINDOW|PAD WINDOW LITHO|DEVELOP PAD WINDOW|PASSIVATION ETCH PAD OPENING|STRIP RESIST|CLEAN PAD OPENING|MEASURE PAD OPENING|BACKSIDE CLEAN|BACKSIDE GRIND|MEASURE WAFER THICKNESS|BACKSIDE ETCH CLEAN|BACKSIDE RINSE|BACKSIDE DRY|BACKSIDE METALLIZATION PREP|DEPOSIT BACKSIDE METAL|BACKSIDE ANNEAL|MEASURE BACKSIDE CONTACT|FINAL CLEAN|FINAL GEOMETRY CHECK|FINAL PARTICLE INSPECTION|ELECTRICAL PARAMETRIC TEST|LEAKAGE TEST|THRESHOLD VOLTAGE TEST|SWITCHING TEST|WAFER SORT TEST|YIELD ANALYSIS|FINAL LOT RELEASE|SHIP LOT
valid_0141,RECEIVE WAFER LOT|LOT IDENTIFICATION|PRE CLEAN INSPECTION|MEASURE INITIAL THICKNESS|MEASURE SURFACE PARTICLES|PRE CLEAN WAFER|BACKSIDE CLEAN|FRONTSIDE CLEAN|RCA CLEAN 1|RCA CLEAN 2|HF DIP|DRY WAFER|EPITAXIAL WAFER CHECK|MEASURE EPITAXY THICKNESS|MEASURE RESISTIVITY|EPITAXY PREP|OXIDE STRIP|MEASURE OXIDE THICKNESS|SPIN COAT PHOTORESIST|SOFT BAKE|ALIGN MASK LEVEL 1|EXPOSE LITHO LEVEL 1|DEVELOP PHOTORESIST|FIELD PATTERN INSPECTION|OXIDE ETCH DRY|STRIP RESIST|CLEAN AFTER OXIDE ETCH|MEASURE OPENING CD|DEPOSIT PAD OXIDE|ANNEAL OXIDE|MEASURE FILM THICKNESS|SPIN COAT PHOTORESIST|SOFT BAKE|ALIGN MASK LEVEL 2|EXPOSE LITHO LEVEL 2|DEVELOP PHOTORESIST|VIA INSPECTION|HARD BAKE|VIA ETCH|STRIP RESIST|CLEAN AFTER VIA ETCH|MEASURE VIA CD|DEPOSIT BARRIER METAL|DEPOSIT METAL SEED|FILL VIA METAL|CMP VIA FILL|MEASURE CONTACT RESISTANCE|DEPOSIT TOP METAL|ANNEAL METAL|MEASURE METAL THICKNESS|SPIN COAT PHOTORESIST|SOFT BAKE|ALIGN MASK LEVEL 3|EXPOSE LITHO LEVEL 3|DEVELOP PHOTORESIST|METAL PATTERN INSPECTION|METAL ETCH DRY|STRIP RESIST|CLEAN AFTER METAL ETCH|MEASURE LINE WIDTH|DEPOSIT PASSIVATION|CURE PASSIVATION|MEASURE PASSIVATION QUALITY|OPEN PAD WINDOW|OPEN PAD WINDOW LITHO|DEVELOP PHOTORESIST|PASSIVATION ETCH PAD OPENING|STRIP RESIST|CLEAN PAD OPENING|MEASURE PAD OPENING|BACKSIDE CLEAN|BACKSIDE GRIND|MEASURE WAFER THICKNESS|BACKSIDE ETCH CLEAN|BACKSIDE RINSE|BACKSIDE DRY|BACKSIDE METALLIZATION PREP|DEPOSIT BACKSIDE METAL|BACKSIDE ANNEAL|MEASURE BACKSIDE CONTACT|FINAL CLEAN|FINAL GEOMETRY CHECK|FINAL PARTICLE INSPECTION|ELECTRICAL PARAMETRIC TEST|LEAKAGE TEST|THRESHOLD VOLTAGE TEST|SWITCHING TEST|WAFER SORT TEST|YIELD ANALYSIS|FINAL LOT RELEASE|SHIP LOT
valid_0142,RECEIVE WAFER LOT|LOT IDENTIFICATION|PRE CLEAN INSPECTION|MEASURE INITIAL THICKNESS|PRE CLEAN WAFER|BACKSIDE CLEAN|FRONTSIDE CLEAN|RCA CLEAN 1|RCA CLEAN 2|HF DIP|DRY WAFER|EPITAXIAL WAFER CHECK|MEASURE EPITAXY THICKNESS|MEASURE RESISTIVITY|EPITAXY PREP|OXIDE STRIP|MEASURE OXIDE THICKNESS|SPIN COAT PHOTORESIST|SOFT BAKE|ALIGN MASK LEVEL 1|EXPOSE LITHO LEVEL 1|DEVELOP PHOTORESIST|VIA OPENING INSPECTION|HARD BAKE|VIA ETCH THROUGH DIELECTRIC|STRIP RESIST|CLEAN AFTER VIA ETCH|MEASURE VIA CD|DEPOSIT BARRIER METAL|DEPOSIT METAL SEED|FILL VIA METAL|CMP METAL|MEASURE CONTACT RESISTANCE|DEPOSIT TOP METAL|ANNEAL METAL|MEASURE METAL THICKNESS|SPIN COAT PHOTORESIST|SOFT BAKE|ALIGN MASK LEVEL 2|EXPOSE LITHO LEVEL 2|DEVELOP PHOTORESIST|METAL PATTERN INSPECTION|METAL ETCH DRY|STRIP PHOTORESIST|CLEAN AFTER METAL ETCH|MEASURE LINE WIDTH|DEPOSIT PASSIVATION|CURE PASSIVATION|MEASURE PASSIVATION QUALITY|OPEN PAD WINDOW|PAD WINDOW LITHO|DEVELOP PAD WINDOW|PASSIVATION ETCH PAD OPENING|STRIP RESIST|CLEAN PAD OPENING|MEASURE PAD OPENING|BACKSIDE CLEAN|BACKSIDE GRIND|MEASURE WAFER THICKNESS|BACKSIDE ETCH CLEAN|BACKSIDE RINSE|BACKSIDE DRY|BACKSIDE METALLIZATION PREP|DEPOSIT BACKSIDE METAL|BACKSIDE ANNEAL|MEASURE BACKSIDE CONTACT|FINAL CLEAN|FINAL GEOMETRY CHECK|FINAL PARTICLE INSPECTION|ELECTRICAL PARAMETRIC TEST|LEAKAGE TEST|THRESHOLD VOLTAGE TEST|SWITCHING TEST|WAFER SORT TEST|YIELD ANALYSIS|FINAL LOT RELEASE|SHIP LOT
valid_0143,RECEIVE WAFER LOT|LOT IDENTIFICATION|PRE CLEAN INSPECTION|MEASURE INITIAL THICKNESS|PRE CLEAN WAFER|BACKSIDE CLEAN|FRONTSIDE CLEAN|RCA CLEAN 1|RCA CLEAN 2|HF DIP|DRY WAFER|EPITAXIAL WAFER CHECK|MEASURE EPITAXY THICKNESS|MEASURE RESISTIVITY|EPITAXY PREP|OXIDE STRIP|MEASURE OXIDE THICKNESS|SPIN COAT PHOTORESIST|SOFT BAKE|ALIGN MASK LEVEL 1|EXPOSE LITHO LEVEL 1|DEVELOP PHOTORESIST|HARD BAKE|METAL PATTERN INSPECTION|METAL ETCH DRY|STRIP RESIST|CLEAN AFTER METAL ETCH|MEASURE LINE WIDTH|DEPOSIT PASSIVATION|CURE PASSIVATION|MEASURE PASSIVATION QUALITY|OPEN PAD WINDOW|PAD WINDOW LITHO|DEVELOP PAD WINDOW|PASSIVATION ETCH PAD OPENING|STRIP RESIST|CLEAN PAD OPENING|MEASURE PAD OPENING|BACKSIDE CLEAN|BACKSIDE GRIND|MEASURE WAFER THICKNESS|BACKSIDE ETCH CLEAN|BACKSIDE RINSE|BACKSIDE DRY|BACKSIDE METALLIZATION PREP|DEPOSIT BACKSIDE METAL|BACKSIDE ANNEAL|MEASURE BACKSIDE CONTACT|FINAL CLEAN|FINAL GEOMETRY CHECK|FINAL PARTICLE INSPECTION|ELECTRICAL PARAMETRIC TEST|LEAKAGE TEST|THRESHOLD VOLTAGE TEST|SWITCHING TEST|WAFER SORT TEST|YIELD ANALYSIS|FINAL LOT RELEASE|SHIP LOT
valid_0144,RECEIVE WAFER LOT|LOT IDENTIFICATION|INITIAL WAFER INSPECTION|MEASURE SURFACE PARTICLES|PRE CLEAN WAFER|BACKSIDE CLEAN|FRONTSIDE CLEAN|RCA CLEAN 1|WET CLEAN RCA2|HF DIP|DRY WAFER|EPITAXY PREP|EPITAXIAL DEPOSITION|MEASURE EPITAXY THICKNESS|MEASURE RESISTIVITY|EPITAXY ANNEAL|SPIN COAT PHOTORESIST|SOFT BAKE|ALIGN MASK LEVEL 1|EXPOSE LITHO LEVEL 1|POST EXPOSE BAKE|DEVELOP PHOTORESIST|VIA OPENING INSPECTION|VIA ETCH THROUGH DIELECTRIC|STRIP RESIST|CLEAN AFTER VIA ETCH|MEASURE VIA CD|DEPOSIT BARRIER METAL|DEPOSIT METAL SEED|FILL VIA METAL|CMP METAL|MEASURE CONTACT RESISTANCE|DEPOSIT TOP METAL|ANNEAL METAL|SPIN COAT PHOTORESIST|SOFT BAKE|ALIGN MASK LEVEL 2|EXPOSE LITHO LEVEL 2|DEVELOP PHOTORESIST|METAL PATTERN INSPECTION|METAL ETCH DRY|STRIP RESIST|CLEAN AFTER METAL ETCH|MEASURE LINE WIDTH|DEPOSIT PASSIVATION|CURE PASSIVATION|MEASURE PASSIVATION QUALITY|OPEN PAD WINDOW|PAD WINDOW LITHO|DEVELOP PAD WINDOW|PASSIVATION ETCH PAD OPENING|STRIP RESIST|CLEAN PAD OPENING|MEASURE PAD OPENING|BACKSIDE CLEAN|BACKSIDE GRIND|MEASURE WAFER THICKNESS|BACKSIDE ETCH CLEAN|BACKSIDE RINSE|BACKSIDE DRY|BACKSIDE METALLIZATION PREP|DEPOSIT BACKSIDE METAL|BACKSIDE ANNEAL|MEASURE BACKSIDE CONTACT|FINAL CLEAN|FINAL GEOMETRY CHECK|FINAL PARTICLE INSPECTION|ELECTRICAL PARAMETRIC TEST|LEAKAGE TEST|THRESHOLD VOLTAGE TEST|SWITCHING TEST|WAFER SORT TEST|YIELD ANALYSIS|FINAL LOT RELEASE|SHIP LOT
valid_0145,RECEIVE WAFER LOT|LOT IDENTIFICATION|INITIAL WAFER INSPECTION|MEASURE SURFACE PARTICLES|PRE CLEAN WAFER|BACKSIDE CLEAN|FRONTSIDE CLEAN|RCA CLEAN 1|WET CLEAN RCA2|HF DIP|DRY WAFER|EPITAXIAL WAFER CHECK|MEASURE EPITAXY THICKNESS|MEASURE RESISTIVITY|EPITAXY PREP|OXIDE STRIP|MEASURE OXIDE THICKNESS|SPIN COAT PHOTORESIST|SOFT BAKE|ALIGN MASK LEVEL 1|EXPOSE LITHO LEVEL 1|DEVELOP PHOTORESIST|VIA OPENING INSPECTION|VIA ETCH|STRIP RESIST|CLEAN AFTER VIA ETCH|MEASURE VIA CD|DEPOSIT BARRIER METAL|DEPOSIT METAL SEED|FILL VIA METAL|CMP METAL|MEASURE VIA RESISTANCE|DEPOSIT TOP METAL|ANNEAL METAL|SPIN COAT PHOTORESIST|SOFT BAKE|ALIGN MASK LEVEL 2|EXPOSE LITHO LEVEL 2|DEVELOP PHOTORESIST|METAL PATTERN INSPECTION|METAL ETCH DRY|STRIP PHOTORESIST|CLEAN AFTER METAL ETCH|MEASURE LINE WIDTH|DEPOSIT PASSIVATION LAYER|CURE PASSIVATION|MEASURE PASSIVATION QUALITY|OPEN PAD WINDOW|PAD WINDOW LITHO|DEVELOP PAD WINDOW|PASSIVATION ETCH PAD OPENING|STRIP RESIST|CLEAN PAD OPENING|MEASURE PAD OPENING|BACKSIDE CLEAN|BACKSIDE GRIND|MEASURE WAFER THICKNESS|BACKSIDE ETCH CLEAN|BACKSIDE RINSE|BACKSIDE DRY|BACKSIDE METALLIZATION PREP|DEPOSIT BACKSIDE METAL|BACKSIDE ANNEAL|MEASURE BACKSIDE CONTACT|FINAL CLEAN|FINAL GEOMETRY CHECK|FINAL PARTICLE INSPECTION|ELECTRICAL PARAMETRIC TEST|LEAKAGE TEST|THRESHOLD VOLTAGE TEST|SWITCHING TEST|WAFER SORT TEST|YIELD ANALYSIS|FINAL LOT RELEASE|SHIP LOT
valid_0146,RECEIVE WAFER LOT|LOT IDENTIFICATION|PRE CLEAN INSPECTION|MEASURE INITIAL THICKNESS|MEASURE SURFACE PARTICLES|PRE CLEAN WAFER|BACKSIDE CLEAN|FRONTSIDE CLEAN|WET CLEAN RCA1|RCA CLEAN 2|HF DIP|DRY WAFER|EPITAXIAL WAFER CHECK|EPITAXY PREP|EPITAXIAL DEPOSITION|MEASURE EPITAXY THICKNESS|MEASURE RESISTIVITY|EPITAXY ANNEAL|MEASURE JUNCTION PROFILE|DEPOSIT PAD OXIDE|ANISOTROPIC ETCH SPACER|MEASURE GATE OXIDE THICKNESS|SPIN COAT PHOTORESIST|SOFT BAKE|ALIGN MASK LEVEL 5|EXPOSE LITHO LEVEL 5|DEVELOP PHOTORESIST|VIA OPENING INSPECTION|VIA ETCH THROUGH DIELECTRIC|STRIP RESIST|CLEAN AFTER VIA ETCH|MEASURE VIA CD|DEPOSIT BARRIER METAL|DEPOSIT METAL SEED|FILL VIA METAL|CMP METAL|MEASURE CONTACT RESISTANCE|DEPOSIT TOP METAL|ANNEAL METAL|SPIN COAT PHOTORESIST|SOFT BAKE|ALIGN MASK LEVEL 6|EXPOSE LITHO LEVEL 6|DEVELOP PHOTORESIST|METAL PATTERN INSPECTION|METAL ETCH DRY|STRIP PHOTORESIST|CLEAN AFTER METAL ETCH|MEASURE LINE WIDTH|DEPOSIT PASSIVATION|CURE PASSIVATION|MEASURE PASSIVATION QUALITY|OPEN PAD WINDOW|PAD WINDOW LITHO|DEVELOP PAD WINDOW|PASSIVATION ETCH PAD OPENING|STRIP RESIST|CLEAN PAD OPENING|MEASURE PAD OPENING|BACKSIDE CLEAN|BACKSIDE GRIND|MEASURE WAFER THICKNESS|BACKSIDE ETCH CLEAN|BACKSIDE RINSE|BACKSIDE DRY|BACKSIDE METALLIZATION PREP|DEPOSIT BACKSIDE METAL|BACKSIDE ANNEAL|MEASURE BACKSIDE CONTACT|FINAL CLEAN|FINAL GEOMETRY CHECK|FINAL CD INSPECTION|FINAL PARTICLE INSPECTION|PARAMETRIC TEST|LEAKAGE TEST|SWITCHING TEST|THRESHOLD VOLTAGE TEST|SWITCHING TEST|WAFER SORT TEST|YIELD ANALYSIS|FINAL LOT RELEASE|SHIP LOT
valid_0147,BACKSIDE CLEAN|BACKSIDE GRIND|MEASURE THICKNESS|BACKSIDE ETCH CLEAN|BACKSIDE RINSE|BACKSIDE DRY|BACKSIDE METALLIZATION PREP|DEPOSIT BACKSIDE METAL|BACKSIDE ANNEAL|MEASURE BACKSIDE CONTACT|FINAL CLEAN|FINAL GEOMETRY CHECK|FINAL CD INSPECTION|FINAL PARTICLE INSPECTION|PARAMETRIC TEST|LEAKAGE TEST|SWITCHING TEST|WAFER SORT TEST|YIELD ANALYSIS|FINAL LOT RELEASE|SHIP LOT
valid_0148,RECEIVE WAFER LOT|LOT IDENTIFICATION|INITIAL WAFER INSPECTION|MEASURE INITIAL THICKNESS|MEASURE SURFACE PARTICLES|PRE CLEAN WAFER|BACKSIDE CLEAN|FRONTSIDE CLEAN|WET CLEAN RCA1|RCA CLEAN 2|HF DIP|DRY WAFER|EPITAXIAL WAFER CHECK|MEASURE EPITAXY THICKNESS|MEASURE RESISTIVITY|EPITAXY PREP|OXIDE STRIP|MEASURE OXIDE THICKNESS|SPIN COAT PHOTORESIST|SOFT BAKE|ALIGN MASK LEVEL 1|EXPOSE LITHO LEVEL 1|DEVELOP PHOTORESIST|VIA OPENING INSPECTION|HARD BAKE|VIA ETCH THROUGH DIELECTRIC|STRIP RESIST|CLEAN AFTER VIA ETCH|MEASURE VIA CD|DEPOSIT BARRIER METAL|DEPOSIT METAL SEED|FILL VIA METAL|CMP METAL|MEASURE CONTACT RESISTANCE|DEPOSIT TOP METAL|ANNEAL METAL|MEASURE METAL THICKNESS|SPIN COAT PHOTORESIST|SOFT BAKE|ALIGN MASK LEVEL 2|EXPOSE LITHO LEVEL 2|DEVELOP PHOTORESIST|METAL PATTERN INSPECTION|METAL ETCH DRY|STRIP RESIST|CLEAN AFTER METAL ETCH|MEASURE LINE WIDTH|DEPOSIT PASSIVATION|CURE PASSIVATION|MEASURE PASSIVATION QUALITY|OPEN PAD WINDOW|PAD WINDOW LITHO|DEVELOP PAD WINDOW|PASSIVATION ETCH PAD OPENING|STRIP RESIST|CLEAN PAD OPENING|MEASURE PAD OPENING|BACKSIDE CLEAN|BACKSIDE GRIND|MEASURE WAFER THICKNESS|BACKSIDE ETCH CLEAN|BACKSIDE RINSE|BACKSIDE DRY|BACKSIDE METALLIZATION PREP|DEPOSIT BACKSIDE METAL|BACKSIDE ANNEAL|MEASURE BACKSIDE CONTACT|FINAL CLEAN|FINAL GEOMETRY CHECK|FINAL PARTICLE INSPECTION|PARAMETRIC TEST|LEAKAGE TEST|SWITCHING TEST|WAFER SORT TEST|YIELD ANALYSIS|FINAL LOT RELEASE|SHIP LOT
valid_0149,BACKSIDE CLEAN|BACKSIDE GRIND|MEASURE WAFER THICKNESS|BACKSIDE ETCH CLEAN|BACKSIDE RINSE|BACKSIDE DRY|BACKSIDE METALLIZATION PREP|DEPOSIT BACKSIDE METAL|BACKSIDE ANNEAL|MEASURE BACKSIDE CONTACT|FINAL CLEAN|FINAL GEOMETRY CHECK|FINAL CD INSPECTION|FINAL PARTICLE INSPECTION|PARAMETRIC TEST|LEAKAGE TEST|SWITCHING TEST|WAFER SORT TEST|YIELD ANALYSIS|FINAL LOT RELEASE|SHIP LOT
valid_0150,BACKSIDE CLEAN|BACKSIDE GRIND|MEASURE WAFER THICKNESS|BACKSIDE ETCH CLEAN|BACKSIDE RINSE|BACKSIDE DRY|BACKSIDE METALLIZATION PREP|DEPOSIT BACKSIDE METAL|BACKSIDE ANNEAL|MEASURE BACKSIDE CONTACT|FINAL CLEAN|FINAL GEOMETRY CHECK|FINAL CD INSPECTION|FINAL PARTICLE INSPECTION|PARAMETRIC TEST|LEAKAGE TEST|SWITCHING TEST|WAFER SORT TEST|YIELD ANALYSIS|FINAL LOT RELEASE|SHIP LOT
valid_0151,RECEIVE WAFER LOT|LOT IDENTIFICATION|INITIAL WAFER INSPECTION|MEASURE INITIAL THICKNESS|MEASURE SURFACE PARTICLES|PRE CLEAN WAFER|BACKSIDE CLEAN|FRONTSIDE CLEAN|RCA CLEAN 1|RCA CLEAN 2|HF DIP|DRY WAFER|EPITAXY PREP|EPITAXIAL DEPOSITION|MEASURE EPITAXY THICKNESS|MEASURE RESISTIVITY|EPITAXY ANNEAL|SPIN COAT PHOTORESIST|SOFT BAKE|ALIGN MASK LEVEL 1|EXPOSE LITHO LEVEL 1|DEVELOP PHOTORESIST|FIELD PATTERN INSPECTION|METAL ETCH DRY|STRIP RESIST|CLEAN AFTER FIELD ETCH|MEASURE WINDOW CD|DEPOSIT PAD OXIDE|ANNEAL OXIDE|MEASURE OXIDE THICKNESS|SPIN COAT PHOTORESIST|SOFT BAKE|ALIGN MASK LEVEL 2|EXPOSE LITHO LEVEL 2|DEVELOP PHOTORESIST|VIA OPENING INSPECTION|VIA ETCH|STRIP PHOTORESIST|CLEAN AFTER VIA ETCH|MEASURE VIA CD|DEPOSIT BARRIER METAL|DEPOSIT METAL SEED|FILL VIA METAL|CMP METAL|DEPOSIT TOP METAL|ANNEAL METAL|SPIN COAT PHOTORESIST|SOFT BAKE|ALIGN MASK LEVEL 3|EXPOSE LITHO LEVEL 3|DEVELOP PHOTORESIST|METAL PATTERN INSPECTION|HARD BAKE|METAL ETCH DRY|STRIP PHOTORESIST|CLEAN AFTER METAL ETCH|MEASURE LINE WIDTH|DEPOSIT PASSIVATION LAYER|CURE PASSIVATION|MEASURE PASSIVATION QUALITY|OPEN PAD WINDOW|OPEN PAD WINDOW LITHO|DEVELOP PAD WINDOW|PASSIVATION ETCH PAD OPENING|STRIP RESIST|CLEAN PAD OPENING|MEASURE PAD OPENING|BACKSIDE CLEAN|BACKSIDE GRIND|MEASURE WAFER THICKNESS|BACKSIDE ETCH CLEAN|BACKSIDE RINSE|BACKSIDE DRY|BACKSIDE METALLIZATION PREP|DEPOSIT BACKSIDE METAL|BACKSIDE ANNEAL|MEASURE BACKSIDE CONTACT|FINAL CLEAN|FINAL GEOMETRY CHECK|FINAL CD INSPECTION|FINAL PARTICLE INSPECTION|PARAMETRIC TEST|LEAKAGE TEST|SWITCHING TEST|THRESHOLD VOLTAGE TEST|SWITCHING TEST|WAFER SORT TEST|YIELD ANALYSIS|FINAL LOT RELEASE|SHIP LOT
valid_0152,RECEIVE WAFER LOT|LOT IDENTIFICATION|PRE CLEAN INSPECTION|MEASURE INITIAL THICKNESS|MEASURE SURFACE PARTICLES|PRE CLEAN WAFER|BACKSIDE CLEAN|FRONTSIDE CLEAN|WET CLEAN RCA1|RCA CLEAN 2|HF DIP|EPITAXIAL WAFER CHECK|MEASURE EPITAXY THICKNESS|MEASURE RESISTIVITY|EPITAXY PREP|OXIDE STRIP|MEASURE OXIDE THICKNESS|SPIN COAT PHOTORESIST|SOFT BAKE|ALIGN MASK LEVEL 1|EXPOSE LITHO LEVEL 1|DEVELOP PHOTORESIST|VIA OPENING INSPECTION|HARD BAKE|VIA ETCH THROUGH DIELECTRIC|STRIP RESIST|CLEAN AFTER VIA ETCH|MEASURE VIA CD|DEPOSIT BARRIER METAL|DEPOSIT METAL SEED|FILL VIA METAL|CMP METAL|MEASURE CONTACT RESISTANCE|DEPOSIT TOP METAL|ANNEAL METAL|SPIN COAT PHOTORESIST|SOFT BAKE|ALIGN MASK LEVEL 2|EXPOSE LITHO LEVEL 2|DEVELOP PHOTORESIST|METAL PATTERN INSPECTION|METAL ETCH DRY|STRIP RESIST|CLEAN AFTER METAL ETCH|MEASURE LINE WIDTH|DEPOSIT PASSIVATION|CURE PASSIVATION|MEASURE PASSIVATION QUALITY|OPEN PAD WINDOW|PAD WINDOW LITHO|DEVELOP PAD WINDOW|PASSIVATION ETCH PAD OPENING|STRIP RESIST|CLEAN PAD OPENING|MEASURE PAD OPENING|BACKSIDE CLEAN|BACKSIDE GRIND|MEASURE WAFER THICKNESS|BACKSIDE ETCH CLEAN|BACKSIDE RINSE|BACKSIDE DRY|BACKSIDE METALLIZATION PREP|DEPOSIT BACKSIDE METAL|BACKSIDE ANNEAL|MEASURE BACKSIDE CONTACT|FINAL CLEAN|FINAL GEOMETRY CHECK|FINAL CD INSPECTION|FINAL PARTICLE INSPECTION|PARAMETRIC TEST|LEAKAGE TEST|SWITCHING TEST|WAFER SORT TEST|YIELD ANALYSIS|FINAL LOT RELEASE|SHIP LOT
valid_0153,RECEIVE WAFER LOT|LOT IDENTIFICATION|PRE CLEAN INSPECTION|MEASURE INITIAL THICKNESS|MEASURE SURFACE PARTICLES|PRE CLEAN WAFER|BACKSIDE CLEAN|FRONTSIDE CLEAN|WET CLEAN RCA1|RCA CLEAN 2|HF DIP|EPITAXY PREP|EPITAXIAL DEPOSITION|MEASURE EPITAXY THICKNESS|MEASURE RESISTIVITY|EPITAXY ANNEAL|SPIN COAT PHOTORESIST|SOFT BAKE|ALIGN MASK LEVEL 1|EXPOSE LITHO LEVEL 1|DEVELOP PHOTORESIST|VIA OPENING INSPECTION|HARD BAKE|VIA ETCH THROUGH DIELECTRIC|STRIP RESIST|CLEAN AFTER VIA ETCH|MEASURE VIA CD|DEPOSIT BARRIER METAL|DEPOSIT METAL SEED|FILL VIA METAL|CMP METAL|MEASURE CONTACT RESISTANCE|DEPOSIT TOP METAL|ANNEAL METAL|SPIN COAT PHOTORESIST|SOFT BAKE|ALIGN MASK LEVEL 2|EXPOSE LITHO LEVEL 2|DEVELOP PHOTORESIST|METAL PATTERN INSPECTION|METAL ETCH DRY|STRIP PHOTORESIST|CLEAN AFTER METAL ETCH|MEASURE LINE WIDTH|DEPOSIT PASSIVATION|CURE PASSIVATION|MEASURE PASSIVATION QUALITY|OPEN PAD WINDOW|PAD WINDOW LITHO|DEVELOP PAD WINDOW|PASSIVATION ETCH PAD OPENING|STRIP RESIST|CLEAN PAD OPENING|MEASURE PAD OPENING|BACKSIDE CLEAN|BACKSIDE GRIND|MEASURE WAFER THICKNESS|BACKSIDE ETCH CLEAN|BACKSIDE RINSE|BACKSIDE DRY|BACKSIDE METALLIZATION PREP|DEPOSIT BACKSIDE METAL|BACKSIDE ANNEAL|MEASURE BACKSIDE CONTACT|FINAL CLEAN|FINAL GEOMETRY CHECK|FINAL CD INSPECTION|FINAL PARTICLE INSPECTION|PARAMETRIC TEST|LEAKAGE TEST|SWITCHING TEST|WAFER SORT TEST|YIELD ANALYSIS|FINAL LOT RELEASE|SHIP LOT
valid_0154,RECEIVE WAFER LOT|LOT IDENTIFICATION|PRE CLEAN INSPECTION|MEASURE INITIAL THICKNESS|MEASURE SURFACE PARTICLES|PRE CLEAN WAFER|BACKSIDE CLEAN|FRONTSIDE CLEAN|WET CLEAN RCA1|WET CLEAN RCA2|HF DIP|DRY WAFER|EPITAXY PREP|EPITAXIAL DEPOSITION|MEASURE EPITAXY THICKNESS|MEASURE RESISTIVITY|EPITAXY ANNEAL|MEASURE JUNCTION PROFILE|DEPOSIT PAD OXIDE|ANNEAL OXIDE|MEASURE FILM THICKNESS|SPIN COAT PHOTORESIST|SOFT BAKE|ALIGN MASK LEVEL 5|EXPOSE LITHO LEVEL 5|DEVELOP PHOTORESIST|VIA OPENING INSPECTION|VIA ETCH THROUGH DIELECTRIC|STRIP RESIST|CLEAN AFTER VIA ETCH|MEASURE VIA CD|DEPOSIT BARRIER METAL|DEPOSIT TUNGSTEN SEED|FILL VIA TUNGSTEN|CMP METAL|MEASURE CONTACT RESISTANCE|DEPOSIT TOP METAL|ANNEAL METAL|MEASURE METAL THICKNESS|SPIN COAT PHOTORESIST|SOFT BAKE|ALIGN MASK LEVEL 6|EXPOSE LITHO LEVEL 6|DEVELOP PHOTORESIST|METAL PATTERN INSPECTION|METAL ETCH DRY|STRIP PHOTORESIST|CLEAN AFTER METAL ETCH|MEASURE LINE WIDTH|DEPOSIT PASSIVATION|CURE PASSIVATION|MEASURE PASSIVATION QUALITY|OPEN PAD WINDOW|PAD WINDOW LITHO|DEVELOP PHOTORESIST|PASSIVATION ETCH PAD OPENING|STRIP RESIST|CLEAN PAD OPENING|MEASURE PAD OPENING|BACKSIDE CLEAN|BACKSIDE GRIND|MEASURE WAFER THICKNESS|BACKSIDE ETCH CLEAN|BACKSIDE RINSE|BACKSIDE DRY|BACKSIDE METALLIZATION PREP|DEPOSIT BACKSIDE METAL|BACKSIDE ANNEAL|MEASURE BACKSIDE CONTACT|FINAL CLEAN|FINAL GEOMETRY CHECK|FINAL PARTICLE INSPECTION|ELECTRICAL PARAMETRIC TEST|LEAKAGE TEST|THRESHOLD VOLTAGE TEST|SWITCHING TEST|WAFER SORT TEST|YIELD ANALYSIS|FINAL LOT RELEASE|SHIP LOT
valid_0155,RECEIVE WAFER LOT|LOT IDENTIFICATION|PRE CLEAN INSPECTION|MEASURE INITIAL THICKNESS|MEASURE SURFACE PARTICLES|PRE CLEAN WAFER|BACKSIDE CLEAN|FRONTSIDE CLEAN|WET CLEAN RCA1|WET CLEAN RCA2|HF DIP|DRY WAFER|EPITAXY PREP|EPITAXIAL DEPOSITION|MEASURE EPITAXY THICKNESS|MEASURE RESISTIVITY|EPITAXY ANNEAL|MEASURE JUNCTION PROFILE|DEPOSIT PAD OXIDE|ANNEAL OXIDE|MEASURE FILM THICKNESS|SPIN COAT PHOTORESIST|SOFT BAKE|ALIGN MASK LEVEL 3|EXPOSE LITHO LEVEL 6|DEVELOP PHOTORESIST|VIA OPENING INSPECTION|HARD BAKE|VIA ETCH THROUGH DIELECTRIC|STRIP RESIST|CLEAN AFTER VIA ETCH|MEASURE VIA CD|DEPOSIT BARRIER METAL|DEPOSIT METAL SEED|FILL VIA METAL|CMP VIA FILL|MEASURE CONTACT RESISTANCE|DEPOSIT TOP METAL|ANNEAL METAL|SPIN COAT PHOTORESIST|SOFT BAKE|ALIGN MASK LEVEL 3|EXPOSE LITHO LEVEL 6|DEVELOP PHOTORESIST|METAL PATTERN INSPECTION|METAL ETCH DRY|STRIP PHOTORESIST|CLEAN AFTER METAL ETCH|MEASURE LINE WIDTH|DEPOSIT PASSIVATION|CURE PASSIVATION|MEASURE PASSIVATION QUALITY|OPEN PAD WINDOW|OPEN PAD WINDOW LITHO|DEVELOP PAD WINDOW|PASSIVATION ETCH PAD OPENING|STRIP RESIST|CLEAN PAD OPENING|MEASURE PAD OPENING|BACKSIDE CLEAN|BACKSIDE GRIND|MEASURE WAFER THICKNESS|BACKSIDE ETCH CLEAN|BACKSIDE RINSE|BACKSIDE DRY|BACKSIDE METALLIZATION PREP|DEPOSIT BACKSIDE METAL|BACKSIDE ANNEAL|MEASURE BACKSIDE CONTACT|FINAL CLEAN|FINAL GEOMETRY CHECK|FINAL PARTICLE INSPECTION|ELECTRICAL PARAMETRIC TEST|LEAKAGE TEST|THRESHOLD VOLTAGE TEST|SWITCHING TEST|WAFER SORT TEST|YIELD ANALYSIS|FINAL LOT RELEASE|SHIP LOT
valid_0156,RECEIVE WAFER LOT|LOT IDENTIFICATION|INITIAL WAFER INSPECTION|MEASURE INITIAL THICKNESS|MEASURE SURFACE PARTICLES|PRE CLEAN WAFER|BACKSIDE CLEAN|FRONTSIDE CLEAN|WET CLEAN RCA1|WET CLEAN RCA2|HF DIP|EPITAXIAL WAFER CHECK|MEASURE EPITAXY THICKNESS|MEASURE RESISTIVITY|EPITAXY PREP|OXIDE STRIP|MEASURE OXIDE THICKNESS|SPIN COAT PHOTORESIST|SOFT BAKE|ALIGN MASK LEVEL 1|EXPOSE LITHO LEVEL 1|DEVELOP PHOTORESIST|VIA OPENING INSPECTION|VIA ETCH THROUGH DIELECTRIC|STRIP RESIST|CLEAN AFTER VIA ETCH|MEASURE VIA CD|DEPOSIT BARRIER METAL|DEPOSIT METAL SEED|FILL VIA METAL|CMP METAL|MEASURE CONTACT RESISTANCE|DEPOSIT TOP METAL|ANNEAL METAL|MEASURE METAL THICKNESS|SPIN COAT PHOTORESIST|SOFT BAKE|ALIGN MASK LEVEL 2|EXPOSE LITHO LEVEL 2|DEVELOP PHOTORESIST|METAL PATTERN INSPECTION|METAL ETCH DRY|STRIP RESIST|CLEAN AFTER METAL ETCH|MEASURE LINE WIDTH|DEPOSIT PASSIVATION|CURE PASSIVATION|MEASURE PASSIVATION QUALITY|OPEN PAD WINDOW|PAD WINDOW LITHO|DEVELOP PAD WINDOW|PASSIVATION ETCH PAD OPENING|STRIP RESIST|CLEAN PAD OPENING|MEASURE PAD OPENING|BACKSIDE CLEAN|BACKSIDE GRIND|MEASURE WAFER THICKNESS|BACKSIDE ETCH CLEAN|BACKSIDE RINSE|BACKSIDE DRY|BACKSIDE METALLIZATION PREP|DEPOSIT BACKSIDE METAL|BACKSIDE ANNEAL|MEASURE BACKSIDE CONTACT|FINAL CLEAN|FINAL GEOMETRY CHECK|FINAL PARTICLE INSPECTION|ELECTRICAL PARAMETRIC TEST|LEAKAGE TEST|THRESHOLD VOLTAGE TEST|SWITCHING TEST|WAFER SORT TEST|YIELD ANALYSIS|FINAL LOT RELEASE|SHIP LOT
valid_0157,RECEIVE WAFER LOT|LOT IDENTIFICATION|INITIAL WAFER INSPECTION|MEASURE INITIAL THICKNESS|MEASURE SURFACE PARTICLES|PRE CLEAN WAFER|BACKSIDE CLEAN|FRONTSIDE CLEAN|WET CLEAN RCA1|WET CLEAN RCA2|HF DIP|EPITAXY PREP|EPITAXIAL DEPOSITION|MEASURE EPITAXY THICKNESS|MEASURE RESISTIVITY|EPITAXY ANNEAL|MEASURE JUNCTION PROFILE|DEPOSIT PAD OXIDE|ANNEAL OXIDE|MEASURE FILM THICKNESS|SPIN COAT PHOTORESIST|SOFT BAKE|ALIGN MASK LEVEL 3|EXPOSE LITHO LEVEL 6|DEVELOP PHOTORESIST|VIA OPENING INSPECTION|VIA ETCH|STRIP RESIST|CLEAN AFTER VIA ETCH|MEASURE VIA CD|DEPOSIT PASSIVATION|CURE PASSIVATION|MEASURE PASSIVATION QUALITY|OPEN PAD WINDOW|PAD WINDOW LITHO|DEVELOP PHOTORESIST|PASSIVATION ETCH PAD OPENING|STRIP PHOTORESIST|CLEAN PAD OPENING|MEASURE PAD OPENING|BACKSIDE CLEAN|BACKSIDE GRIND|MEASURE WAFER THICKNESS|BACKSIDE ETCH CLEAN|BACKSIDE RINSE|BACKSIDE DRY|BACKSIDE METALLIZATION PREP|DEPOSIT BACKSIDE METAL|BACKSIDE ANNEAL|MEASURE BACKSIDE CONTACT|FINAL CLEAN|FINAL GEOMETRY CHECK|FINAL PARTICLE INSPECTION|ELECTRICAL PARAMETRIC TEST|LEAKAGE TEST|THRESHOLD VOLTAGE TEST|SWITCHING TEST|WAFER SORT TEST|YIELD ANALYSIS|FINAL LOT RELEASE|SHIP LOT
valid_0158,RECEIVE WAFER LOT|LOT IDENTIFICATION|INITIAL WAFER INSPECTION|MEASURE INITIAL THICKNESS|PRE CLEAN WAFER|BACKSIDE CLEAN|FRONTSIDE CLEAN|RCA CLEAN 1|RCA CLEAN 2|HF DIP|DRY WAFER|EPITAXIAL WAFER CHECK|MEASURE EPITAXY THICKNESS|MEASURE RESISTIVITY|EPITAXY PREP|OXIDE STRIP|MEASURE OXIDE THICKNESS|SPIN COAT PHOTORESIST|SOFT BAKE|ALIGN MASK LEVEL 1|EXPOSE LITHO LEVEL 1|DEVELOP PHOTORESIST|VIA OPENING INSPECTION|VIA ETCH THROUGH DIELECTRIC|STRIP RESIST|CLEAN AFTER VIA ETCH|MEASURE VIA CD|DEPOSIT BARRIER METAL|DEPOSIT METAL SEED|FILL VIA METAL|CMP METAL|MEASURE CONTACT RESISTANCE|DEPOSIT TOP METAL|ANNEAL METAL|MEASURE METAL THICKNESS|SPIN COAT PHOTORESIST|SOFT BAKE|ALIGN MASK LEVEL 2|EXPOSE LITHO LEVEL 2|DEVELOP PHOTORESIST|METAL PATTERN INSPECTION|METAL ETCH DRY|STRIP PHOTORESIST|CLEAN AFTER METAL ETCH|MEASURE LINE WIDTH|DEPOSIT PASSIVATION|CURE PASSIVATION|MEASURE PASSIVATION QUALITY|OPEN PAD WINDOW|PAD WINDOW LITHO|DEVELOP PAD WINDOW|PASSIVATION ETCH PAD OPENING|STRIP RESIST|CLEAN PAD OPENING|MEASURE PAD OPENING|BACKSIDE CLEAN|BACKSIDE GRIND|MEASURE WAFER THICKNESS|BACKSIDE ETCH CLEAN|BACKSIDE RINSE|BACKSIDE DRY|BACKSIDE METALLIZATION PREP|DEPOSIT BACKSIDE METAL|BACKSIDE ANNEAL|MEASURE BACKSIDE CONTACT|FINAL CLEAN|FINAL GEOMETRY CHECK|FINAL PARTICLE INSPECTION|ELECTRICAL PARAMETRIC TEST|LEAKAGE TEST|THRESHOLD VOLTAGE TEST|SWITCHING TEST|WAFER SORT TEST|YIELD ANALYSIS|FINAL LOT RELEASE|SHIP LOT
valid_0159,RECEIVE WAFER LOT|LOT IDENTIFICATION|INITIAL WAFER INSPECTION|MEASURE INITIAL THICKNESS|PRE CLEAN WAFER|BACKSIDE CLEAN|FRONTSIDE CLEAN|RCA CLEAN 1|RCA CLEAN 2|HF DIP|DRY WAFER|EPITAXY PREP|EPITAXIAL DEPOSITION|MEASURE EPITAXY THICKNESS|MEASURE RESISTIVITY|EPITAXY ANNEAL|MEASURE JUNCTION PROFILE|DEPOSIT PAD OXIDE|ANNEAL OXIDE|MEASURE FILM THICKNESS|SPIN COAT PHOTORESIST|SOFT BAKE|ALIGN MASK LEVEL 1|EXPOSE LITHO LEVEL 1|DEVELOP PHOTORESIST|VIA OPENING INSPECTION|HARD BAKE|VIA ETCH THROUGH DIELECTRIC|STRIP RESIST|CLEAN AFTER VIA ETCH|MEASURE VIA CD|DEPOSIT BARRIER METAL|DEPOSIT METAL SEED|FILL VIA METAL|CMP METAL|MEASURE CONTACT RESISTANCE|DEPOSIT TOP METAL|ANNEAL METAL|MEASURE METAL THICKNESS|SPIN COAT PHOTORESIST|SOFT BAKE|ALIGN MASK LEVEL 2|EXPOSE LITHO LEVEL 2|DEVELOP PHOTORESIST|METAL PATTERN INSPECTION|METAL ETCH DRY|STRIP PHOTORESIST|CLEAN AFTER METAL ETCH|MEASURE LINE WIDTH|DEPOSIT PASSIVATION|CURE PASSIVATION|MEASURE PASSIVATION QUALITY|OPEN PAD WINDOW|OPEN PAD WINDOW LITHO|DEVELOP PAD WINDOW|PASSIVATION ETCH PAD OPENING|STRIP RESIST|CLEAN PAD OPENING|MEASURE PAD OPENING|BACKSIDE CLEAN|BACKSIDE GRIND|MEASURE WAFER THICKNESS|BACKSIDE ETCH CLEAN|BACKSIDE RINSE|BACKSIDE DRY|BACKSIDE METALLIZATION PREP|DEPOSIT BACKSIDE METAL|BACKSIDE ANNEAL|MEASURE BACKSIDE CONTACT|FINAL CLEAN|FINAL GEOMETRY CHECK|FINAL PARTICLE INSPECTION|ELECTRICAL PARAMETRIC TEST|LEAKAGE TEST|THRESHOLD VOLTAGE TEST|SWITCHING TEST|WAFER SORT TEST|YIELD ANALYSIS|FINAL LOT RELEASE|SHIP LOT
valid_0160,RECEIVE WAFER LOT|LOT IDENTIFICATION|INITIAL WAFER INSPECTION|MEASURE INITIAL THICKNESS|MEASURE SURFACE PARTICLES|PRE CLEAN WAFER|BACKSIDE CLEAN|FRONTSIDE CLEAN|RCA CLEAN 1|RCA CLEAN 2|HF DIP|DRY WAFER|EPITAXIAL WAFER CHECK|MEASURE EPITAXY THICKNESS|MEASURE RESISTIVITY|EPITAXY PREP|OXIDE STRIP|MEASURE OXIDE THICKNESS|SPIN COAT PHOTORESIST|SOFT BAKE|ALIGN MASK LEVEL 1|EXPOSE LITHO LEVEL 1|DEVELOP PHOTORESIST|VIA OPENING INSPECTION|VIA ETCH THROUGH DIELECTRIC|STRIP RESIST|CLEAN AFTER VIA ETCH|MEASURE VIA CD|DEPOSIT BARRIER METAL|DEPOSIT METAL SEED|FILL VIA METAL|CMP METAL|MEASURE CONTACT RESISTANCE|DEPOSIT TOP METAL|ANNEAL METAL|SPIN COAT PHOTORESIST|SOFT BAKE|ALIGN MASK LEVEL 2|EXPOSE LITHO LEVEL 2|DEVELOP PHOTORESIST|METAL PATTERN INSPECTION|METAL ETCH DRY|STRIP RESIST|CLEAN AFTER METAL ETCH|MEASURE LINE WIDTH|DEPOSIT PASSIVATION|CURE PASSIVATION|MEASURE PASSIVATION QUALITY|OPEN PAD WINDOW|PAD WINDOW LITHO|DEVELOP PAD WINDOW|PASSIVATION ETCH PAD OPENING|STRIP RESIST|CLEAN PAD OPENING|MEASURE PAD OPENING|BACKSIDE CLEAN|BACKSIDE GRIND|MEASURE WAFER THICKNESS|BACKSIDE ETCH CLEAN|BACKSIDE RINSE|BACKSIDE DRY|BACKSIDE METALLIZATION PREP|DEPOSIT BACKSIDE METAL|BACKSIDE ANNEAL|MEASURE BACKSIDE CONTACT|FINAL CLEAN|FINAL GEOMETRY CHECK|FINAL PARTICLE INSPECTION|ELECTRICAL PARAMETRIC TEST|LEAKAGE TEST|THRESHOLD VOLTAGE TEST|SWITCHING TEST|WAFER SORT TEST|YIELD ANALYSIS|FINAL LOT RELEASE|SHIP LOT
valid_0161,RECEIVE WAFER LOT|LOT IDENTIFICATION|INITIAL WAFER INSPECTION|MEASURE INITIAL THICKNESS|MEASURE SURFACE PARTICLES|PRE CLEAN WAFER|BACKSIDE CLEAN|FRONTSIDE CLEAN|RCA CLEAN 1|RCA CLEAN 2|HF DIP|DRY WAFER|EPITAXY PREP|EPITAXIAL DEPOSITION|MEASURE EPITAXY THICKNESS|MEASURE RESISTIVITY|EPITAXY ANNEAL|MEASURE JUNCTION PROFILE|DEPOSIT PAD OXIDE|ANNEAL OXIDE|MEASURE FILM THICKNESS|SPIN COAT PHOTORESIST|SOFT BAKE|ALIGN MASK LEVEL 3|EXPOSE LITHO LEVEL 6|DEVELOP PHOTORESIST|VIA OPENING INSPECTION|VIA ETCH|STRIP RESIST|CLEAN AFTER VIA ETCH|MEASURE VIA CD|DEPOSIT BARRIER METAL|DEPOSIT METAL SEED|FILL VIA METAL|CMP METAL|DEPOSIT TOP METAL|ANNEAL METAL|MEASURE METAL THICKNESS|SPIN COAT PHOTORESIST|SOFT BAKE|ALIGN MASK LEVEL 3|EXPOSE LITHO LEVEL 6|DEVELOP PHOTORESIST|METAL PATTERN INSPECTION|METAL ETCH DRY|STRIP RESIST|CLEAN AFTER METAL ETCH|MEASURE LINE WIDTH|DEPOSIT PASSIVATION|CURE PASSIVATION|MEASURE PASSIVATION QUALITY|OPEN PAD WINDOW|PAD WINDOW LITHO|DEVELOP PAD WINDOW|PASSIVATION ETCH PAD OPENING|STRIP RESIST|CLEAN PAD OPENING|MEASURE PAD OPENING|BACKSIDE CLEAN|BACKSIDE GRIND|MEASURE WAFER THICKNESS|BACKSIDE ETCH CLEAN|BACKSIDE RINSE|BACKSIDE DRY|BACKSIDE METALLIZATION PREP|DEPOSIT BACKSIDE METAL|BACKSIDE ANNEAL|MEASURE BACKSIDE CONTACT|FINAL CLEAN|FINAL GEOMETRY CHECK|FINAL PARTICLE INSPECTION|ELECTRICAL PARAMETRIC TEST|LEAKAGE TEST|THRESHOLD VOLTAGE TEST|SWITCHING TEST|WAFER SORT TEST|YIELD ANALYSIS|FINAL LOT RELEASE|SHIP LOT
valid_0162,BACKSIDE CLEAN|BACKSIDE GRIND|MEASURE WAFER THICKNESS|BACKSIDE ETCH CLEAN|BACKSIDE RINSE|BACKSIDE DRY|BACKSIDE METALLIZATION PREP|DEPOSIT BACKSIDE METAL|BACKSIDE ANNEAL|MEASURE BACKSIDE CONTACT|FINAL CLEAN|FINAL GEOMETRY CHECK|FINAL PARTICLE INSPECTION|ELECTRICAL PARAMETRIC TEST|LEAKAGE TEST|THRESHOLD VOLTAGE TEST|SWITCHING TEST|WAFER SORT TEST|YIELD ANALYSIS|FINAL LOT RELEASE|SHIP LOT
valid_0163,RECEIVE WAFER LOT|LOT IDENTIFICATION|PRE CLEAN INSPECTION|MEASURE INITIAL THICKNESS|MEASURE SURFACE PARTICLES|PRE CLEAN WAFER|BACKSIDE CLEAN|FRONTSIDE CLEAN|WET CLEAN RCA1|WET CLEAN RCA2|HF DIP|DRY WAFER|EPITAXY PREP|EPITAXIAL DEPOSITION|MEASURE EPITAXY THICKNESS|MEASURE RESISTIVITY|EPITAXY ANNEAL|MEASURE JUNCTION PROFILE|DEPOSIT PAD OXIDE|ANNEAL OXIDE|MEASURE FILM THICKNESS|SPIN COAT PHOTORESIST|SOFT BAKE|ALIGN MASK LEVEL 3|EXPOSE LITHO LEVEL 6|DEVELOP PHOTORESIST|VIA OPENING INSPECTION|HARD BAKE|VIA ETCH|STRIP RESIST|CLEAN AFTER VIA ETCH|MEASURE VIA CD|DEPOSIT BARRIER METAL|DEPOSIT METAL SEED|FILL VIA METAL|CMP VIA FILL|MEASURE CONTACT RESISTANCE|DEPOSIT TOP METAL|ANNEAL METAL|SPIN COAT PHOTORESIST|SOFT BAKE|ALIGN MASK LEVEL 3|EXPOSE LITHO LEVEL 6|DEVELOP PHOTORESIST|METAL PATTERN INSPECTION|METAL ETCH DRY|STRIP RESIST|CLEAN AFTER METAL ETCH|MEASURE LINE WIDTH|DEPOSIT PASSIVATION|CURE PASSIVATION|MEASURE PASSIVATION QUALITY|OPEN PAD WINDOW|PAD WINDOW LITHO|DEVELOP PHOTORESIST|PASSIVATION ETCH PAD OPENING|STRIP RESIST|CLEAN PAD OPENING|MEASURE PAD OPENING|BACKSIDE CLEAN|BACKSIDE GRIND|MEASURE WAFER THICKNESS|BACKSIDE ETCH CLEAN|BACKSIDE RINSE|BACKSIDE DRY|BACKSIDE METALLIZATION PREP|DEPOSIT BACKSIDE METAL|BACKSIDE ANNEAL|MEASURE BACKSIDE CONTACT|FINAL CLEAN|FINAL GEOMETRY CHECK|FINAL PARTICLE INSPECTION|ELECTRICAL PARAMETRIC TEST|LEAKAGE TEST|THRESHOLD VOLTAGE TEST|SWITCHING TEST|WAFER SORT TEST|YIELD ANALYSIS|FINAL LOT RELEASE|SHIP LOT
valid_0164,RECEIVE WAFER LOT|LOT IDENTIFICATION|INITIAL WAFER INSPECTION|MEASURE INITIAL THICKNESS|MEASURE SURFACE PARTICLES|PRE CLEAN WAFER|BACKSIDE CLEAN|FRONTSIDE CLEAN|RCA CLEAN 1|RCA CLEAN 2|HF DIP|DRY WAFER|EPITAXIAL WAFER CHECK|MEASURE EPITAXY THICKNESS|MEASURE RESISTIVITY|EPITAXY PREP|OXIDE STRIP|MEASURE OXIDE THICKNESS|SPIN COAT PHOTORESIST|SOFT BAKE|ALIGN MASK LEVEL 1|EXPOSE LITHO LEVEL 1|DEVELOP PHOTORESIST|VIA OPENING INSPECTION|VIA ETCH THROUGH DIELECTRIC|STRIP RESIST|CLEAN AFTER VIA ETCH|MEASURE VIA CD|DEPOSIT BARRIER METAL|DEPOSIT METAL SEED|FILL VIA METAL|CMP METAL|MEASURE CONTACT RESISTANCE|DEPOSIT TOP METAL|ANNEAL METAL|MEASURE METAL THICKNESS|SPIN COAT PHOTORESIST|SOFT BAKE|ALIGN MASK LEVEL 2|EXPOSE LITHO LEVEL 2|DEVELOP PHOTORESIST|METAL PATTERN INSPECTION|METAL ETCH DRY|STRIP RESIST|CLEAN AFTER METAL ETCH|MEASURE LINE WIDTH|DEPOSIT PASSIVATION|CURE PASSIVATION|MEASURE PASSIVATION QUALITY|OPEN PAD WINDOW|PAD WINDOW LITHO|DEVELOP PAD WINDOW|PASSIVATION ETCH PAD OPENING|STRIP RESIST|CLEAN PAD OPENING|MEASURE PAD OPENING|BACKSIDE CLEAN|BACKSIDE GRIND|MEASURE WAFER THICKNESS|BACKSIDE ETCH CLEAN|BACKSIDE RINSE|BACKSIDE DRY|BACKSIDE METALLIZATION PREP|DEPOSIT BACKSIDE METAL|BACKSIDE ANNEAL|MEASURE BACKSIDE CONTACT|FINAL CLEAN|FINAL GEOMETRY CHECK|FINAL PARTICLE INSPECTION|ELECTRICAL PARAMETRIC TEST|LEAKAGE TEST|THRESHOLD VOLTAGE TEST|SWITCHING TEST|WAFER SORT TEST|YIELD ANALYSIS|FINAL LOT RELEASE|SHIP LOT
valid_0165,RECEIVE WAFER LOT|LOT IDENTIFICATION|INITIAL WAFER INSPECTION|MEASURE INITIAL THICKNESS|MEASURE SURFACE PARTICLES|PRE CLEAN WAFER|BACKSIDE CLEAN|FRONTSIDE CLEAN|RCA CLEAN 1|RCA CLEAN 2|HF DIP|DRY WAFER|EPITAXY PREP|EPITAXIAL DEPOSITION|MEASURE EPITAXY THICKNESS|MEASURE RESISTIVITY|EPITAXY ANNEAL|SPIN COAT PHOTORESIST|SOFT BAKE|ALIGN MASK LEVEL 1|EXPOSE LITHO LEVEL 1|DEVELOP PHOTORESIST|FIELD PATTERN INSPECTION|METAL ETCH DRY|STRIP RESIST|CLEAN AFTER FIELD ETCH|MEASURE WINDOW CD|DEPOSIT POLYSILICON|POLYSILICON ANNEAL|MEASURE POLY THICKNESS|SPIN COAT PHOTORESIST|SOFT BAKE|ALIGN MASK LEVEL 2|EXPOSE LITHO LEVEL 2|DEVELOP PHOTORESIST|POLY PATTERN INSPECTION|HARD BAKE|POLYSILICON ETCH DRY|STRIP RESIST|CLEAN AFTER POLY ETCH|MEASURE LINE WIDTH|DEPOSIT PASSIVATION|CURE PASSIVATION|MEASURE PASSIVATION QUALITY|OPEN PAD WINDOW|PAD WINDOW LITHO|DEVELOP PAD WINDOW|PASSIVATION ETCH PAD OPENING|STRIP RESIST|CLEAN PAD OPENING|MEASURE PAD OPENING|BACKSIDE CLEAN|BACKSIDE GRIND|MEASURE WAFER THICKNESS|BACKSIDE ETCH CLEAN|BACKSIDE RINSE|BACKSIDE DRY|BACKSIDE METALLIZATION PREP|DEPOSIT BACKSIDE METAL|BACKSIDE ANNEAL|MEASURE BACKSIDE CONTACT|FINAL CLEAN|FINAL GEOMETRY CHECK|FINAL CD INSPECTION|FINAL PARTICLE INSPECTION|ELECTRICAL PARAMETRIC TEST|LEAKAGE TEST|THRESHOLD VOLTAGE TEST|SWITCHING TEST|WAFER SORT TEST|YIELD ANALYSIS|FINAL LOT RELEASE|SHIP LOT
valid_0166,RECEIVE WAFER LOT|LOT IDENTIFICATION|PRE CLEAN INSPECTION|MEASURE INITIAL THICKNESS|MEASURE SURFACE PARTICLES|PRE CLEAN WAFER|BACKSIDE CLEAN|FRONTSIDE CLEAN|WET CLEAN RCA1|WET CLEAN RCA2|HF DIP|EPITAXIAL WAFER CHECK|MEASURE EPITAXY THICKNESS|MEASURE RESISTIVITY|EPITAXY PREP|OXIDE STRIP|MEASURE OXIDE THICKNESS|SPIN COAT PHOTORESIST|SOFT BAKE|ALIGN MASK LEVEL 1|EXPOSE LITHO LEVEL 1|DEVELOP PHOTORESIST|VIA OPENING INSPECTION|VIA ETCH THROUGH DIELECTRIC|STRIP RESIST|CLEAN AFTER VIA ETCH|MEASURE VIA CD|DEPOSIT BARRIER METAL|DEPOSIT METAL SEED|FILL VIA METAL|CMP METAL|MEASURE CONTACT RESISTANCE|DEPOSIT TOP METAL|ANNEAL METAL|SPIN COAT PHOTORESIST|SOFT BAKE|ALIGN MASK LEVEL 2|EXPOSE LITHO LEVEL 2|DEVELOP PHOTORESIST|METAL PATTERN INSPECTION|METAL ETCH DRY|STRIP PHOTORESIST|CLEAN AFTER METAL ETCH|MEASURE LINE WIDTH|DEPOSIT PASSIVATION|CURE PASSIVATION|MEASURE PASSIVATION QUALITY|OPEN PAD WINDOW|PAD WINDOW LITHO|DEVELOP PAD WINDOW|PASSIVATION ETCH PAD OPENING|STRIP RESIST|CLEAN PAD OPENING|MEASURE PAD OPENING|BACKSIDE CLEAN|BACKSIDE GRIND|MEASURE WAFER THICKNESS|BACKSIDE ETCH CLEAN|BACKSIDE RINSE|BACKSIDE DRY|BACKSIDE METALLIZATION PREP|DEPOSIT BACKSIDE METAL|BACKSIDE ANNEAL|MEASURE BACKSIDE CONTACT|FINAL CLEAN|FINAL GEOMETRY CHECK|FINAL PARTICLE INSPECTION|ELECTRICAL PARAMETRIC TEST|LEAKAGE TEST|THRESHOLD VOLTAGE TEST|SWITCHING TEST|WAFER SORT TEST|YIELD ANALYSIS|FINAL LOT RELEASE|SHIP LOT
valid_0167,RECEIVE WAFER LOT|LOT IDENTIFICATION|PRE CLEAN INSPECTION|MEASURE INITIAL THICKNESS|MEASURE SURFACE PARTICLES|PRE CLEAN WAFER|BACKSIDE CLEAN|FRONTSIDE CLEAN|WET CLEAN RCA1|WET CLEAN RCA2|HF DIP|EPITAXY PREP|EPITAXIAL DEPOSITION|MEASURE EPITAXY THICKNESS|MEASURE RESISTIVITY|EPITAXY ANNEAL|MEASURE JUNCTION PROFILE|DEPOSIT PAD OXIDE|ANNEAL OXIDE|MEASURE FILM THICKNESS|SPIN COAT PHOTORESIST|SOFT BAKE|ALIGN MASK LEVEL 1|EXPOSE LITHO LEVEL 1|DEVELOP PHOTORESIST|VIA OPENING INSPECTION|VIA ETCH|STRIP RESIST|CLEAN AFTER VIA ETCH|MEASURE VIA CD|DEPOSIT BARRIER METAL|DEPOSIT METAL SEED|FILL VIA METAL|CMP VIA FILL|MEASURE CONTACT RESISTANCE|DEPOSIT TOP METAL|ANNEAL METAL|SPIN COAT PHOTORESIST|SOFT BAKE|ALIGN MASK LEVEL 2|EXPOSE LITHO LEVEL 2|DEVELOP PHOTORESIST|METAL PATTERN INSPECTION|HARD BAKE|METAL ETCH DRY|STRIP RESIST|CLEAN AFTER METAL ETCH|MEASURE LINE WIDTH|DEPOSIT PASSIVATION|CURE PASSIVATION|MEASURE PASSIVATION QUALITY|OPEN PAD WINDOW|PAD WINDOW LITHO|DEVELOP PHOTORESIST|PASSIVATION ETCH PAD OPENING|STRIP RESIST|CLEAN PAD OPENING|MEASURE PAD OPENING|BACKSIDE CLEAN|BACKSIDE GRIND|MEASURE WAFER THICKNESS|BACKSIDE ETCH CLEAN|BACKSIDE RINSE|BACKSIDE DRY|BACKSIDE METALLIZATION PREP|DEPOSIT BACKSIDE METAL|BACKSIDE ANNEAL|MEASURE BACKSIDE CONTACT|FINAL CLEAN|FINAL GEOMETRY CHECK|FINAL PARTICLE INSPECTION|ELECTRICAL PARAMETRIC TEST|LEAKAGE TEST|THRESHOLD VOLTAGE TEST|SWITCHING TEST|WAFER SORT TEST|YIELD ANALYSIS|FINAL LOT RELEASE|SHIP LOT
valid_0168,BACKSIDE CLEAN|BACKSIDE GRIND|MEASURE THICKNESS|BACKSIDE ETCH CLEAN|BACKSIDE RINSE|BACKSIDE DRY|BACKSIDE METALLIZATION PREP|DEPOSIT BACKSIDE METAL|BACKSIDE ANNEAL|MEASURE BACKSIDE CONTACT|FINAL CLEAN|FINAL GEOMETRY CHECK|FINAL CD INSPECTION|FINAL PARTICLE INSPECTION|PARAMETRIC TEST|LEAKAGE TEST|SWITCHING TEST|WAFER SORT TEST|YIELD ANALYSIS|FINAL LOT RELEASE|SHIP LOT
valid_0169,RECEIVE WAFER LOT|LOT IDENTIFICATION|INITIAL WAFER INSPECTION|MEASURE SURFACE PARTICLES|PRE CLEAN WAFER|BACKSIDE CLEAN|FRONTSIDE CLEAN|RCA CLEAN 1|RCA CLEAN 2|HF DIP|DRY WAFER|EPITAXIAL WAFER CHECK|MEASURE EPITAXY THICKNESS|MEASURE RESISTIVITY|EPITAXY PREP|OXIDE STRIP|MEASURE OXIDE THICKNESS|SPIN COAT PHOTORESIST|SOFT BAKE|ALIGN MASK LEVEL 1|EXPOSE LITHO LEVEL 1|DEVELOP PHOTORESIST|FIELD PATTERN INSPECTION|OXIDE ETCH DRY|STRIP RESIST|CLEAN AFTER OXIDE ETCH|MEASURE OPENING CD|DEPOSIT PAD OXIDE|ANNEAL OXIDE|MEASURE FILM THICKNESS|SPIN COAT PHOTORESIST|SOFT BAKE|ALIGN MASK LEVEL 2|EXPOSE LITHO LEVEL 2|DEVELOP PHOTORESIST|VIA INSPECTION|VIA ETCH|STRIP RESIST|CLEAN AFTER VIA ETCH|DEPOSIT BARRIER METAL|DEPOSIT METAL SEED|FILL VIA METAL|CMP VIA FILL|MEASURE VIA RESISTANCE|DEPOSIT TOP METAL|ANNEAL METAL|SPIN COAT PHOTORESIST|SOFT BAKE|ALIGN MASK LEVEL 3|EXPOSE LITHO LEVEL 3|DEVELOP PHOTORESIST|METAL PATTERN INSPECTION|METAL ETCH DRY|STRIP RESIST|CLEAN AFTER METAL ETCH|MEASURE LINE WIDTH|DEPOSIT PASSIVATION|CURE PASSIVATION|MEASURE PASSIVATION QUALITY|OPEN BOND PAD WINDOW|OPEN PAD WINDOW LITHO|DEVELOP PAD WINDOW|PASSIVATION ETCH PAD OPENING|STRIP RESIST|CLEAN PAD OPENING|MEASURE PAD OPENING|BACKSIDE CLEAN|BACKSIDE GRIND|MEASURE WAFER THICKNESS|BACKSIDE ETCH CLEAN|BACKSIDE RINSE|BACKSIDE DRY|BACKSIDE METALLIZATION PREP|DEPOSIT BACKSIDE METAL|BACKSIDE ANNEAL|MEASURE BACKSIDE CONTACT|FINAL CLEAN|FINAL GEOMETRY CHECK|FINAL PARTICLE INSPECTION|PARAMETRIC TEST|LEAKAGE TEST|SWITCHING TEST|THRESHOLD VOLTAGE TEST|SWITCHING TEST|WAFER SORT TEST|YIELD ANALYSIS|FINAL LOT RELEASE|SHIP LOT
valid_0170,RECEIVE WAFER LOT|LOT IDENTIFICATION|INITIAL WAFER INSPECTION|MEASURE INITIAL THICKNESS|PRE CLEAN WAFER|BACKSIDE CLEAN|FRONTSIDE CLEAN|WET CLEAN RCA1|RCA CLEAN 2|HF DIP|DRY WAFER|EPITAXY PREP|EPITAXIAL DEPOSITION|MEASURE EPITAXY THICKNESS|MEASURE RESISTIVITY|EPITAXY ANNEAL|MEASURE JUNCTION PROFILE|DEPOSIT PAD OXIDE|ANISOTROPIC ETCH SPACER|MEASURE GATE OXIDE THICKNESS|SPIN COAT PHOTORESIST|SOFT BAKE|ALIGN MASK LEVEL 5|EXPOSE LITHO LEVEL 5|DEVELOP PHOTORESIST|VIA OPENING INSPECTION|VIA ETCH THROUGH DIELECTRIC|STRIP RESIST|CLEAN AFTER VIA ETCH|MEASURE VIA CD|DEPOSIT BARRIER METAL|DEPOSIT METAL SEED|FILL VIA METAL|CMP METAL|MEASURE CONTACT RESISTANCE|DEPOSIT TOP METAL|ANNEAL METAL|SPIN COAT PHOTORESIST|SOFT BAKE|ALIGN MASK LEVEL 6|EXPOSE LITHO LEVEL 6|DEVELOP PHOTORESIST|METAL PATTERN INSPECTION|METAL ETCH DRY|STRIP PHOTORESIST|CLEAN AFTER METAL ETCH|MEASURE LINE WIDTH|DEPOSIT PASSIVATION|CURE PASSIVATION|MEASURE PASSIVATION QUALITY|OPEN PAD WINDOW|PAD WINDOW LITHO|DEVELOP PAD WINDOW|PASSIVATION ETCH PAD OPENING|STRIP RESIST|CLEAN PAD OPENING|MEASURE PAD OPENING|BACKSIDE CLEAN|BACKSIDE GRIND|MEASURE WAFER THICKNESS|BACKSIDE ETCH CLEAN|BACKSIDE RINSE|BACKSIDE DRY|BACKSIDE METALLIZATION PREP|DEPOSIT BACKSIDE METAL|BACKSIDE ANNEAL|MEASURE BACKSIDE CONTACT|FINAL CLEAN|FINAL GEOMETRY CHECK|FINAL PARTICLE INSPECTION|PARAMETRIC TEST|LEAKAGE TEST|SWITCHING TEST|WAFER SORT TEST|YIELD ANALYSIS|FINAL LOT RELEASE|SHIP LOT
valid_0171,RECEIVE WAFER LOT|LOT IDENTIFICATION|INITIAL WAFER INSPECTION|MEASURE INITIAL THICKNESS|PRE CLEAN WAFER|BACKSIDE CLEAN|FRONTSIDE CLEAN|WET CLEAN RCA1|RCA CLEAN 2|HF DIP|DRY WAFER|EPITAXY PREP|EPITAXIAL DEPOSITION|MEASURE EPITAXY THICKNESS|MEASURE RESISTIVITY|EPITAXY ANNEAL|MEASURE JUNCTION PROFILE|DEPOSIT PAD OXIDE|ANNEAL OXIDE|MEASURE FILM THICKNESS|SPIN COAT PHOTORESIST|SOFT BAKE|ALIGN MASK LEVEL 1|EXPOSE LITHO LEVEL 1|DEVELOP PHOTORESIST|VIA OPENING INSPECTION|HARD BAKE|VIA ETCH|STRIP RESIST|CLEAN AFTER VIA ETCH|MEASURE VIA CD|DEPOSIT BARRIER METAL|DEPOSIT METAL SEED|FILL VIA METAL|CMP VIA FILL|DEPOSIT TOP METAL|ANNEAL METAL|SPIN COAT PHOTORESIST|SOFT BAKE|ALIGN MASK LEVEL 2|EXPOSE LITHO LEVEL 2|DEVELOP PHOTORESIST|METAL PATTERN INSPECTION|METAL ETCH DRY|STRIP PHOTORESIST|CLEAN AFTER METAL ETCH|MEASURE LINE WIDTH|DEPOSIT PASSIVATION|CURE PASSIVATION|MEASURE PASSIVATION QUALITY|OPEN PAD WINDOW|PAD WINDOW LITHO|DEVELOP PAD WINDOW|PASSIVATION ETCH PAD OPENING|STRIP RESIST|CLEAN PAD OPENING|MEASURE PAD OPENING|BACKSIDE CLEAN|BACKSIDE GRIND|MEASURE WAFER THICKNESS|BACKSIDE ETCH CLEAN|BACKSIDE RINSE|BACKSIDE DRY|BACKSIDE METALLIZATION PREP|DEPOSIT BACKSIDE METAL|BACKSIDE ANNEAL|MEASURE BACKSIDE CONTACT|FINAL CLEAN|FINAL GEOMETRY CHECK|FINAL PARTICLE INSPECTION|PARAMETRIC TEST|LEAKAGE TEST|SWITCHING TEST|THRESHOLD VOLTAGE TEST|SWITCHING TEST|WAFER SORT TEST|YIELD ANALYSIS|FINAL LOT RELEASE|SHIP LOT
valid_0172,RECEIVE WAFER LOT|LOT IDENTIFICATION|INITIAL WAFER INSPECTION|MEASURE INITIAL THICKNESS|PRE CLEAN WAFER|BACKSIDE CLEAN|FRONTSIDE CLEAN|WET CLEAN RCA1|RCA CLEAN 2|HF DIP|EPITAXIAL WAFER CHECK|MEASURE EPITAXY THICKNESS|MEASURE RESISTIVITY|EPITAXY PREP|OXIDE STRIP|MEASURE OXIDE THICKNESS|SPIN COAT PHOTORESIST|SOFT BAKE|ALIGN MASK LEVEL 1|EXPOSE LITHO LEVEL 1|POST EXPOSE BAKE|DEVELOP PHOTORESIST|VIA OPENING INSPECTION|VIA ETCH THROUGH DIELECTRIC|STRIP RESIST|CLEAN AFTER VIA ETCH|MEASURE VIA CD|DEPOSIT BARRIER METAL|DEPOSIT METAL SEED|FILL VIA METAL|CMP METAL|MEASURE CONTACT RESISTANCE|DEPOSIT TOP METAL|ANNEAL METAL|SPIN COAT PHOTORESIST|SOFT BAKE|ALIGN MASK LEVEL 2|EXPOSE LITHO LEVEL 2|DEVELOP PHOTORESIST|METAL PATTERN INSPECTION|METAL ETCH DRY|STRIP RESIST|CLEAN AFTER METAL ETCH|MEASURE LINE WIDTH|DEPOSIT PASSIVATION|CURE PASSIVATION|MEASURE PASSIVATION QUALITY|OPEN PAD WINDOW|PAD WINDOW LITHO|DEVELOP PAD WINDOW|PASSIVATION ETCH PAD OPENING|STRIP RESIST|CLEAN PAD OPENING|MEASURE PAD OPENING|BACKSIDE CLEAN|BACKSIDE GRIND|MEASURE WAFER THICKNESS|BACKSIDE ETCH CLEAN|BACKSIDE RINSE|BACKSIDE DRY|BACKSIDE METALLIZATION PREP|DEPOSIT BACKSIDE METAL|BACKSIDE ANNEAL|MEASURE BACKSIDE CONTACT|FINAL CLEAN|FINAL GEOMETRY CHECK|FINAL PARTICLE INSPECTION|ELECTRICAL PARAMETRIC TEST|LEAKAGE TEST|THRESHOLD VOLTAGE TEST|SWITCHING TEST|WAFER SORT TEST|YIELD ANALYSIS|FINAL LOT RELEASE|SHIP LOT
valid_0173,RECEIVE WAFER LOT|LOT IDENTIFICATION|INITIAL WAFER INSPECTION|MEASURE INITIAL THICKNESS|PRE CLEAN WAFER|BACKSIDE CLEAN|FRONTSIDE CLEAN|WET CLEAN RCA1|RCA CLEAN 2|HF DIP|EPITAXY PREP|EPITAXIAL DEPOSITION|MEASURE EPITAXY THICKNESS|MEASURE RESISTIVITY|EPITAXY ANNEAL|MEASURE JUNCTION PROFILE|THERMAL OXIDATION|MEASURE OXIDE THICKNESS|SPIN COAT PHOTORESIST|SOFT BAKE|ALIGN MASK LEVEL 1|EXPOSE LITHO LEVEL 1|DEVELOP PHOTORESIST|VIA OPENING INSPECTION|VIA ETCH THROUGH DIELECTRIC|STRIP RESIST|CLEAN AFTER VIA ETCH|MEASURE VIA CD|DEPOSIT BARRIER METAL|DEPOSIT METAL SEED|FILL VIA METAL|CMP VIA FILL|DEPOSIT TOP METAL|ANNEAL METAL|SPIN COAT PHOTORESIST|SOFT BAKE|ALIGN MASK LEVEL 2|EXPOSE LITHO LEVEL 2|DEVELOP PHOTORESIST|METAL PATTERN INSPECTION|METAL ETCH DRY|STRIP RESIST|CLEAN AFTER METAL ETCH|MEASURE LINE WIDTH|DEPOSIT PASSIVATION|CURE PASSIVATION|MEASURE PASSIVATION QUALITY|OPEN PAD WINDOW|PAD WINDOW LITHO|DEVELOP PAD WINDOW|PASSIVATION ETCH PAD OPENING|STRIP RESIST|CLEAN PAD OPENING|MEASURE PAD OPENING|BACKSIDE CLEAN|BACKSIDE GRIND|MEASURE WAFER THICKNESS|BACKSIDE ETCH CLEAN|BACKSIDE RINSE|BACKSIDE DRY|BACKSIDE METALLIZATION PREP|DEPOSIT BACKSIDE METAL|BACKSIDE ANNEAL|MEASURE BACKSIDE CONTACT|FINAL CLEAN|FINAL GEOMETRY CHECK|FINAL PARTICLE INSPECTION|ELECTRICAL PARAMETRIC TEST|LEAKAGE TEST|THRESHOLD VOLTAGE TEST|SWITCHING TEST|WAFER SORT TEST|YIELD ANALYSIS|FINAL LOT RELEASE|SHIP LOT
valid_0174,RECEIVE WAFER LOT|LOT IDENTIFICATION|INITIAL WAFER INSPECTION|MEASURE INITIAL THICKNESS|MEASURE SURFACE PARTICLES|PRE CLEAN WAFER|BACKSIDE CLEAN|FRONTSIDE CLEAN|WET CLEAN RCA1|WET CLEAN RCA2|HF DIP|EPITAXY PREP|EPITAXIAL DEPOSITION|MEASURE EPITAXY THICKNESS|MEASURE RESISTIVITY|EPITAXY ANNEAL|MEASURE JUNCTION PROFILE|DEPOSIT PAD OXIDE|ANISOTROPIC ETCH SPACER|MEASURE GATE OXIDE THICKNESS|SPIN COAT PHOTORESIST|SOFT BAKE|ALIGN MASK LEVEL 5|EXPOSE LITHO LEVEL 5|DEVELOP PHOTORESIST|VIA OPENING INSPECTION|VIA ETCH THROUGH DIELECTRIC|STRIP RESIST|CLEAN AFTER VIA ETCH|MEASURE VIA CD|DEPOSIT BARRIER METAL|DEPOSIT METAL SEED|FILL VIA METAL|CMP METAL|MEASURE CONTACT RESISTANCE|DEPOSIT TOP METAL|ANNEAL METAL|SPIN COAT PHOTORESIST|SOFT BAKE|ALIGN MASK LEVEL 6|EXPOSE LITHO LEVEL 6|DEVELOP PHOTORESIST|METAL PATTERN INSPECTION|METAL ETCH DRY|STRIP PHOTORESIST|CLEAN AFTER METAL ETCH|MEASURE LINE WIDTH|DEPOSIT PASSIVATION|CURE PASSIVATION|MEASURE PASSIVATION QUALITY|OPEN PAD WINDOW|PAD WINDOW LITHO|DEVELOP PAD WINDOW|PASSIVATION ETCH PAD OPENING|STRIP RESIST|CLEAN PAD OPENING|MEASURE PAD OPENING|BACKSIDE CLEAN|BACKSIDE GRIND|MEASURE WAFER THICKNESS|BACKSIDE ETCH CLEAN|BACKSIDE RINSE|BACKSIDE DRY|BACKSIDE METALLIZATION PREP|DEPOSIT BACKSIDE METAL|BACKSIDE ANNEAL|MEASURE BACKSIDE CONTACT|FINAL CLEAN|FINAL GEOMETRY CHECK|FINAL PARTICLE INSPECTION|ELECTRICAL PARAMETRIC TEST|LEAKAGE TEST|THRESHOLD VOLTAGE TEST|SWITCHING TEST|WAFER SORT TEST|YIELD ANALYSIS|FINAL LOT RELEASE|SHIP LOT
valid_0175,RECEIVE WAFER LOT|LOT IDENTIFICATION|INITIAL WAFER INSPECTION|MEASURE INITIAL THICKNESS|MEASURE SURFACE PARTICLES|PRE CLEAN WAFER|BACKSIDE CLEAN|FRONTSIDE CLEAN|WET CLEAN RCA1|WET CLEAN RCA2|HF DIP|EPITAXY PREP|EPITAXIAL DEPOSITION|MEASURE EPITAXY THICKNESS|MEASURE RESISTIVITY|EPITAXY ANNEAL|MEASURE JUNCTION PROFILE|DEPOSIT PAD OXIDE|ANNEAL OXIDE|MEASURE OXIDE THICKNESS|SPIN COAT PHOTORESIST|SOFT BAKE|ALIGN MASK LEVEL 3|EXPOSE LITHO LEVEL 6|DEVELOP PHOTORESIST|VIA OPENING INSPECTION|VIA ETCH|STRIP RESIST|CLEAN AFTER VIA ETCH|MEASURE VIA CD|DEPOSIT BARRIER METAL|DEPOSIT METAL SEED|FILL VIA METAL|CMP METAL|MEASURE CONTACT RESISTANCE|DEPOSIT TOP METAL|ANNEAL METAL|SPIN COAT PHOTORESIST|SOFT BAKE|ALIGN MASK LEVEL 3|EXPOSE LITHO LEVEL 6|DEVELOP PHOTORESIST|METAL PATTERN INSPECTION|METAL ETCH DRY|STRIP PHOTORESIST|CLEAN AFTER METAL ETCH|MEASURE LINE WIDTH|DEPOSIT PASSIVATION|CURE PASSIVATION|MEASURE PASSIVATION QUALITY|OPEN PAD WINDOW|PAD WINDOW LITHO|DEVELOP PAD WINDOW|PASSIVATION ETCH PAD OPENING|STRIP RESIST|CLEAN PAD OPENING|MEASURE PAD OPENING|BACKSIDE CLEAN|BACKSIDE GRIND|MEASURE WAFER THICKNESS|BACKSIDE ETCH CLEAN|BACKSIDE RINSE|BACKSIDE DRY|BACKSIDE METALLIZATION PREP|DEPOSIT BACKSIDE METAL|BACKSIDE ANNEAL|MEASURE BACKSIDE CONTACT|FINAL CLEAN|FINAL GEOMETRY CHECK|FINAL PARTICLE INSPECTION|ELECTRICAL PARAMETRIC TEST|LEAKAGE TEST|THRESHOLD VOLTAGE TEST|SWITCHING TEST|WAFER SORT TEST|YIELD ANALYSIS|FINAL LOT RELEASE|SHIP LOT
valid_0176,RECEIVE WAFER LOT|LOT IDENTIFICATION|INITIAL WAFER INSPECTION|MEASURE SURFACE PARTICLES|PRE CLEAN WAFER|BACKSIDE CLEAN|FRONTSIDE CLEAN|WET CLEAN RCA1|RCA CLEAN 2|HF DIP|DRY WAFER|EPITAXY PREP|EPITAXIAL DEPOSITION|MEASURE EPITAXY THICKNESS|MEASURE RESISTIVITY|EPITAXY ANNEAL|SPIN COAT PHOTORESIST|SOFT BAKE|ALIGN MASK LEVEL 1|EXPOSE LITHO LEVEL 1|DEVELOP PHOTORESIST|VIA OPENING INSPECTION|HARD BAKE|VIA ETCH THROUGH DIELECTRIC|STRIP RESIST|CLEAN AFTER VIA ETCH|MEASURE VIA CD|DEPOSIT BARRIER METAL|DEPOSIT METAL SEED|FILL VIA METAL|CMP METAL|MEASURE CONTACT RESISTANCE|DEPOSIT TOP METAL|ANNEAL METAL|SPIN COAT PHOTORESIST|SOFT BAKE|ALIGN MASK LEVEL 2|EXPOSE LITHO LEVEL 2|DEVELOP PHOTORESIST|METAL PATTERN INSPECTION|METAL ETCH DRY|STRIP PHOTORESIST|CLEAN AFTER METAL ETCH|MEASURE LINE WIDTH|DEPOSIT PASSIVATION|CURE PASSIVATION|MEASURE PASSIVATION QUALITY|OPEN PAD WINDOW|PAD WINDOW LITHO|DEVELOP PAD WINDOW|PASSIVATION ETCH PAD OPENING|STRIP RESIST|CLEAN PAD OPENING|MEASURE PAD OPENING|BACKSIDE CLEAN|BACKSIDE GRIND|MEASURE WAFER THICKNESS|BACKSIDE ETCH CLEAN|BACKSIDE RINSE|BACKSIDE DRY|BACKSIDE METALLIZATION PREP|DEPOSIT BACKSIDE METAL|BACKSIDE ANNEAL|MEASURE BACKSIDE CONTACT|FINAL CLEAN|FINAL GEOMETRY CHECK|FINAL PARTICLE INSPECTION|ELECTRICAL PARAMETRIC TEST|LEAKAGE TEST|THRESHOLD VOLTAGE TEST|SWITCHING TEST|WAFER SORT TEST|YIELD ANALYSIS|FINAL LOT RELEASE|SHIP LOT
valid_0177,RECEIVE WAFER LOT|LOT IDENTIFICATION|INITIAL WAFER INSPECTION|MEASURE SURFACE PARTICLES|PRE CLEAN WAFER|BACKSIDE CLEAN|FRONTSIDE CLEAN|WET CLEAN RCA1|RCA CLEAN 2|HF DIP|DRY WAFER|EPITAXY PREP|EPITAXIAL DEPOSITION|MEASURE EPITAXY THICKNESS|MEASURE RESISTIVITY|EPITAXY ANNEAL|SPIN COAT PHOTORESIST|SOFT BAKE|ALIGN MASK LEVEL 1|EXPOSE LITHO LEVEL 1|DEVELOP PHOTORESIST|FIELD PATTERN INSPECTION|METAL ETCH DRY|STRIP RESIST|CLEAN AFTER FIELD ETCH|MEASURE WINDOW CD|DEPOSIT POLYSILICON|POLYSILICON ANNEAL|MEASURE POLY THICKNESS|SPIN COAT PHOTORESIST|SOFT BAKE|ALIGN MASK LEVEL 2|EXPOSE LITHO LEVEL 2|DEVELOP PHOTORESIST|POLY PATTERN INSPECTION|POLYSILICON ETCH DRY|STRIP PHOTORESIST|CLEAN AFTER POLY ETCH|MEASURE LINE WIDTH|DEPOSIT PASSIVATION|CURE PASSIVATION|MEASURE PASSIVATION QUALITY|OPEN PAD WINDOW|PAD WINDOW LITHO|DEVELOP PAD WINDOW|PASSIVATION ETCH PAD OPENING|STRIP RESIST|CLEAN PAD OPENING|MEASURE PAD OPENING|BACKSIDE CLEAN|BACKSIDE GRIND|MEASURE WAFER THICKNESS|BACKSIDE ETCH CLEAN|BACKSIDE RINSE|BACKSIDE DRY|BACKSIDE METALLIZATION PREP|DEPOSIT BACKSIDE METAL|BACKSIDE ANNEAL|MEASURE BACKSIDE CONTACT|FINAL CLEAN|FINAL GEOMETRY CHECK|FINAL PARTICLE INSPECTION|ELECTRICAL PARAMETRIC TEST|LEAKAGE TEST|THRESHOLD VOLTAGE TEST|SWITCHING TEST|WAFER SORT TEST|YIELD ANALYSIS|FINAL LOT RELEASE|SHIP LOT
valid_0178,DEPOSIT BARRIER METAL|DEPOSIT TUNGSTEN SEED|FILL VIA TUNGSTEN|CMP VIA FILL|MEASURE CONTACT RESISTANCE|DEPOSIT TOP METAL|ANNEAL METAL|MEASURE METAL THICKNESS|SPIN COAT PHOTORESIST|SOFT BAKE|ALIGN MASK LEVEL 5|EXPOSE LITHO LEVEL 5|DEVELOP PHOTORESIST|METAL PATTERN INSPECTION|METAL ETCH DRY|STRIP PHOTORESIST|CLEAN AFTER METAL ETCH|MEASURE LINE WIDTH|DEPOSIT PASSIVATION|CURE PASSIVATION|MEASURE PASSIVATION QUALITY|OPEN PAD WINDOW|PAD WINDOW LITHO|DEVELOP PAD WINDOW|PASSIVATION ETCH PAD OPENING|STRIP RESIST|CLEAN PAD OPENING|MEASURE PAD OPENING|BACKSIDE CLEAN|BACKSIDE GRIND|MEASURE WAFER THICKNESS|BACKSIDE ETCH CLEAN|BACKSIDE RINSE|BACKSIDE DRY|BACKSIDE METALLIZATION PREP|DEPOSIT BACKSIDE METAL|BACKSIDE ANNEAL|MEASURE BACKSIDE CONTACT|FINAL CLEAN|FINAL GEOMETRY CHECK|FINAL PARTICLE INSPECTION|ELECTRICAL PARAMETRIC TEST|LEAKAGE TEST|THRESHOLD VOLTAGE TEST|SWITCHING TEST|WAFER SORT TEST|YIELD ANALYSIS|FINAL LOT RELEASE|SHIP LOT
valid_0179,BACKSIDE CLEAN|BACKSIDE GRIND|MEASURE WAFER THICKNESS|BACKSIDE ETCH CLEAN|BACKSIDE RINSE|BACKSIDE DRY|BACKSIDE METALLIZATION PREP|DEPOSIT BACKSIDE METAL|BACKSIDE ANNEAL|MEASURE BACKSIDE CONTACT|FINAL CLEAN|FINAL GEOMETRY CHECK|FINAL PARTICLE INSPECTION|ELECTRICAL PARAMETRIC TEST|LEAKAGE TEST|THRESHOLD VOLTAGE TEST|SWITCHING TEST|WAFER SORT TEST|YIELD ANALYSIS|FINAL LOT RELEASE|SHIP LOT
valid_0180,RECEIVE WAFER LOT|LOT IDENTIFICATION|INITIAL WAFER INSPECTION|MEASURE INITIAL THICKNESS|MEASURE SURFACE PARTICLES|PRE CLEAN WAFER|BACKSIDE CLEAN|FRONTSIDE CLEAN|RCA CLEAN 1|RCA CLEAN 2|HF DIP|DRY WAFER|EPITAXIAL WAFER CHECK|MEASURE EPITAXY THICKNESS|MEASURE RESISTIVITY|EPITAXY PREP|OXIDE STRIP|MEASURE OXIDE THICKNESS|SPIN COAT PHOTORESIST|SOFT BAKE|ALIGN MASK LEVEL 1|EXPOSE LITHO LEVEL 1|DEVELOP PHOTORESIST|VIA OPENING INSPECTION|HARD BAKE|VIA ETCH THROUGH DIELECTRIC|STRIP RESIST|CLEAN AFTER VIA ETCH|MEASURE VIA CD|DEPOSIT BARRIER METAL|DEPOSIT METAL SEED|FILL VIA METAL|CMP METAL|MEASURE CONTACT RESISTANCE|DEPOSIT TOP METAL|ANNEAL METAL|SPIN COAT PHOTORESIST|SOFT BAKE|ALIGN MASK LEVEL 2|EXPOSE LITHO LEVEL 2|DEVELOP PHOTORESIST|METAL PATTERN INSPECTION|METAL ETCH DRY|STRIP RESIST|CLEAN AFTER METAL ETCH|MEASURE LINE WIDTH|DEPOSIT PASSIVATION|CURE PASSIVATION|MEASURE PASSIVATION QUALITY|OPEN PAD WINDOW|PAD WINDOW LITHO|DEVELOP PAD WINDOW|PASSIVATION ETCH PAD OPENING|STRIP RESIST|CLEAN PAD OPENING|MEASURE PAD OPENING|BACKSIDE CLEAN|BACKSIDE GRIND|MEASURE WAFER THICKNESS|BACKSIDE ETCH CLEAN|BACKSIDE RINSE|BACKSIDE DRY|BACKSIDE METALLIZATION PREP|DEPOSIT BACKSIDE METAL|BACKSIDE ANNEAL|MEASURE BACKSIDE CONTACT|FINAL CLEAN|FINAL GEOMETRY CHECK|FINAL PARTICLE INSPECTION|ELECTRICAL PARAMETRIC TEST|LEAKAGE TEST|THRESHOLD VOLTAGE TEST|SWITCHING TEST|WAFER SORT TEST|YIELD ANALYSIS|FINAL LOT RELEASE|SHIP LOT
valid_0181,RECEIVE WAFER LOT|LOT IDENTIFICATION|INITIAL WAFER INSPECTION|MEASURE INITIAL THICKNESS|MEASURE SURFACE PARTICLES|PRE CLEAN WAFER|BACKSIDE CLEAN|FRONTSIDE CLEAN|RCA CLEAN 1|RCA CLEAN 2|HF DIP|DRY WAFER|EPITAXY PREP|EPITAXIAL DEPOSITION|MEASURE EPITAXY THICKNESS|MEASURE RESISTIVITY|EPITAXY ANNEAL|MEASURE JUNCTION PROFILE|THERMAL OXIDATION|MEASURE OXIDE THICKNESS|SPIN COAT PHOTORESIST|SOFT BAKE|ALIGN MASK LEVEL 1|EXPOSE LITHO LEVEL 1|DEVELOP PHOTORESIST|VIA OPENING INSPECTION|HARD BAKE|VIA ETCH THROUGH DIELECTRIC|STRIP RESIST|CLEAN AFTER VIA ETCH|MEASURE VIA CD|DEPOSIT BARRIER METAL|DEPOSIT METAL SEED|FILL VIA METAL|CMP METAL|MEASURE CONTACT RESISTANCE|DEPOSIT TOP METAL|ANNEAL METAL|MEASURE METAL THICKNESS|SPIN COAT PHOTORESIST|SOFT BAKE|ALIGN MASK LEVEL 2|EXPOSE LITHO LEVEL 2|DEVELOP PHOTORESIST|METAL PATTERN INSPECTION|METAL ETCH DRY|STRIP RESIST|CLEAN AFTER METAL ETCH|DEPOSIT PASSIVATION|CURE PASSIVATION|MEASURE PASSIVATION QUALITY|OPEN PAD WINDOW|OPEN PAD WINDOW LITHO|DEVELOP PAD WINDOW|PASSIVATION ETCH PAD OPENING|STRIP RESIST|CLEAN PAD OPENING|MEASURE PAD OPENING|BACKSIDE CLEAN|BACKSIDE GRIND|MEASURE WAFER THICKNESS|BACKSIDE ETCH CLEAN|BACKSIDE RINSE|BACKSIDE DRY|BACKSIDE METALLIZATION PREP|DEPOSIT BACKSIDE METAL|BACKSIDE ANNEAL|MEASURE BACKSIDE CONTACT|FINAL CLEAN|FINAL GEOMETRY CHECK|FINAL PARTICLE INSPECTION|ELECTRICAL PARAMETRIC TEST|LEAKAGE TEST|THRESHOLD VOLTAGE TEST|SWITCHING TEST|WAFER SORT TEST|YIELD ANALYSIS|FINAL LOT RELEASE|SHIP LOT
valid_0182,BACKSIDE CLEAN|BACKSIDE GRIND|MEASURE THICKNESS|BACKSIDE ETCH CLEAN|BACKSIDE RINSE|BACKSIDE DRY|BACKSIDE METALLIZATION PREP|DEPOSIT BACKSIDE METAL|BACKSIDE ANNEAL|MEASURE BACKSIDE CONTACT|FINAL CLEAN|FINAL GEOMETRY CHECK|FINAL PARTICLE INSPECTION|ELECTRICAL PARAMETRIC TEST|LEAKAGE TEST|THRESHOLD VOLTAGE TEST|SWITCHING TEST|WAFER SORT TEST|YIELD ANALYSIS|FINAL LOT RELEASE|SHIP LOT
valid_0183,RECEIVE WAFER LOT|LOT IDENTIFICATION|PRE CLEAN INSPECTION|MEASURE INITIAL THICKNESS|MEASURE SURFACE PARTICLES|BACKSIDE CLEAN|FRONTSIDE CLEAN|RCA CLEAN 1|WET CLEAN RCA2|HF DIP|EPITAXY PREP|EPITAXIAL DEPOSITION|MEASURE EPITAXY THICKNESS|MEASURE RESISTIVITY|EPITAXY ANNEAL|SPIN COAT PHOTORESIST|SOFT BAKE|ALIGN MASK LEVEL 1|EXPOSE LITHO LEVEL 1|DEVELOP PHOTORESIST|FIELD PATTERN INSPECTION|METAL ETCH DRY|STRIP RESIST|CLEAN AFTER FIELD ETCH|MEASURE WINDOW CD|DEPOSIT POLYSILICON|POLYSILICON ANNEAL|SPIN COAT PHOTORESIST|SOFT BAKE|ALIGN MASK LEVEL 2|EXPOSE LITHO LEVEL 2|DEVELOP PHOTORESIST|POLY PATTERN INSPECTION|POLYSILICON ETCH DRY|STRIP PHOTORESIST|CLEAN AFTER POLY ETCH|MEASURE WINDOW CD|DEPOSIT PASSIVATION|CURE PASSIVATION|MEASURE PASSIVATION QUALITY|OPEN PAD WINDOW|PAD WINDOW LITHO|DEVELOP PAD WINDOW|PASSIVATION ETCH PAD OPENING|STRIP RESIST|CLEAN PAD OPENING|MEASURE PAD OPENING|BACKSIDE CLEAN|BACKSIDE GRIND|MEASURE WAFER THICKNESS|BACKSIDE ETCH CLEAN|BACKSIDE RINSE|BACKSIDE DRY|BACKSIDE METALLIZATION PREP|DEPOSIT BACKSIDE METAL|BACKSIDE ANNEAL|MEASURE BACKSIDE CONTACT|FINAL CLEAN|FINAL GEOMETRY CHECK|FINAL PARTICLE INSPECTION|ELECTRICAL PARAMETRIC TEST|LEAKAGE TEST|THRESHOLD VOLTAGE TEST|SWITCHING TEST|WAFER SORT TEST|YIELD ANALYSIS|FINAL LOT RELEASE|SHIP LOT
valid_0184,RECEIVE WAFER LOT|LOT IDENTIFICATION|PRE CLEAN INSPECTION|MEASURE INITIAL THICKNESS|PRE CLEAN WAFER|BACKSIDE CLEAN|FRONTSIDE CLEAN|WET CLEAN RCA1|WET CLEAN RCA2|HF DIP|EPITAXIAL WAFER CHECK|MEASURE EPITAXY THICKNESS|MEASURE RESISTIVITY|EPITAXY PREP|OXIDE STRIP|MEASURE OXIDE THICKNESS|SPIN COAT PHOTORESIST|SOFT BAKE|ALIGN MASK LEVEL 1|EXPOSE LITHO LEVEL 1|DEVELOP PHOTORESIST|VIA OPENING INSPECTION|HARD BAKE|VIA ETCH THROUGH DIELECTRIC|STRIP RESIST|CLEAN AFTER VIA ETCH|MEASURE VIA CD|DEPOSIT BARRIER METAL|DEPOSIT METAL SEED|FILL VIA METAL|CMP METAL|MEASURE CONTACT RESISTANCE|DEPOSIT TOP METAL|ANNEAL METAL|MEASURE METAL THICKNESS|SPIN COAT PHOTORESIST|SOFT BAKE|ALIGN MASK LEVEL 2|EXPOSE LITHO LEVEL 2|DEVELOP PHOTORESIST|METAL PATTERN INSPECTION|METAL ETCH DRY|STRIP RESIST|CLEAN AFTER METAL ETCH|MEASURE LINE WIDTH|DEPOSIT PASSIVATION|CURE PASSIVATION|MEASURE PASSIVATION QUALITY|OPEN PAD WINDOW|PAD WINDOW LITHO|DEVELOP PAD WINDOW|PASSIVATION ETCH PAD OPENING|STRIP RESIST|CLEAN PAD OPENING|MEASURE PAD OPENING|BACKSIDE CLEAN|BACKSIDE GRIND|MEASURE WAFER THICKNESS|BACKSIDE ETCH CLEAN|BACKSIDE RINSE|BACKSIDE DRY|BACKSIDE METALLIZATION PREP|DEPOSIT BACKSIDE METAL|BACKSIDE ANNEAL|MEASURE BACKSIDE CONTACT|FINAL CLEAN|FINAL GEOMETRY CHECK|FINAL PARTICLE INSPECTION|ELECTRICAL PARAMETRIC TEST|LEAKAGE TEST|THRESHOLD VOLTAGE TEST|SWITCHING TEST|WAFER SORT TEST|YIELD ANALYSIS|FINAL LOT RELEASE|SHIP LOT
valid_0185,RECEIVE WAFER LOT|LOT IDENTIFICATION|PRE CLEAN INSPECTION|MEASURE INITIAL THICKNESS|PRE CLEAN WAFER|BACKSIDE CLEAN|FRONTSIDE CLEAN|WET CLEAN RCA1|WET CLEAN RCA2|HF DIP|EPITAXY PREP|EPITAXIAL DEPOSITION|MEASURE EPITAXY THICKNESS|MEASURE RESISTIVITY|EPITAXY ANNEAL|SPIN COAT PHOTORESIST|SOFT BAKE|ALIGN MASK LEVEL 1|EXPOSE LITHO LEVEL 1|DEVELOP PHOTORESIST|VIA OPENING INSPECTION|VIA ETCH THROUGH DIELECTRIC|STRIP RESIST|CLEAN AFTER VIA ETCH|MEASURE VIA CD|DEPOSIT BARRIER METAL|DEPOSIT METAL SEED|FILL VIA METAL|CMP VIA FILL|MEASURE CONTACT RESISTANCE|DEPOSIT TOP METAL|ANNEAL METAL|SPIN COAT PHOTORESIST|SOFT BAKE|ALIGN MASK LEVEL 2|EXPOSE LITHO LEVEL 2|DEVELOP PHOTORESIST|METAL PATTERN INSPECTION|METAL ETCH DRY|STRIP RESIST|CLEAN AFTER METAL ETCH|MEASURE LINE WIDTH|DEPOSIT PASSIVATION|CURE PASSIVATION|MEASURE PASSIVATION QUALITY|OPEN PAD WINDOW|PAD WINDOW LITHO|DEVELOP PAD WINDOW|PASSIVATION ETCH PAD OPENING|STRIP RESIST|CLEAN PAD OPENING|MEASURE PAD OPENING|BACKSIDE CLEAN|BACKSIDE GRIND|MEASURE WAFER THICKNESS|BACKSIDE ETCH CLEAN|BACKSIDE RINSE|BACKSIDE DRY|BACKSIDE METALLIZATION PREP|DEPOSIT BACKSIDE METAL|BACKSIDE ANNEAL|MEASURE BACKSIDE CONTACT|FINAL CLEAN|FINAL GEOMETRY CHECK|FINAL PARTICLE INSPECTION|ELECTRICAL PARAMETRIC TEST|LEAKAGE TEST|THRESHOLD VOLTAGE TEST|SWITCHING TEST|WAFER SORT TEST|YIELD ANALYSIS|FINAL LOT RELEASE|SHIP LOT
valid_0186,RECEIVE WAFER LOT|LOT IDENTIFICATION|PRE CLEAN INSPECTION|MEASURE INITIAL THICKNESS|MEASURE SURFACE PARTICLES|PRE CLEAN WAFER|BACKSIDE CLEAN|FRONTSIDE CLEAN|RCA CLEAN 1|RCA CLEAN 2|HF DIP|DRY WAFER|EPITAXIAL WAFER CHECK|MEASURE EPITAXY THICKNESS|MEASURE RESISTIVITY|EPITAXY PREP|OXIDE STRIP|MEASURE OXIDE THICKNESS|SPIN COAT PHOTORESIST|SOFT BAKE|ALIGN MASK LEVEL 1|EXPOSE LITHO LEVEL 1|DEVELOP PHOTORESIST|VIA OPENING INSPECTION|VIA ETCH THROUGH DIELECTRIC|STRIP RESIST|CLEAN AFTER VIA ETCH|MEASURE VIA CD|DEPOSIT BARRIER METAL|DEPOSIT METAL SEED|FILL VIA METAL|CMP METAL|MEASURE CONTACT RESISTANCE|DEPOSIT TOP METAL|ANNEAL METAL|MEASURE METAL THICKNESS|SPIN COAT PHOTORESIST|SOFT BAKE|ALIGN MASK LEVEL 2|EXPOSE LITHO LEVEL 2|DEVELOP PHOTORESIST|METAL PATTERN INSPECTION|METAL ETCH DRY|STRIP PHOTORESIST|CLEAN AFTER METAL ETCH|MEASURE LINE WIDTH|DEPOSIT PASSIVATION|CURE PASSIVATION|MEASURE PASSIVATION QUALITY|OPEN PAD WINDOW|PAD WINDOW LITHO|DEVELOP PAD WINDOW|PASSIVATION ETCH PAD OPENING|STRIP RESIST|CLEAN PAD OPENING|MEASURE PAD OPENING|BACKSIDE CLEAN|BACKSIDE GRIND|MEASURE WAFER THICKNESS|BACKSIDE ETCH CLEAN|BACKSIDE RINSE|BACKSIDE DRY|BACKSIDE METALLIZATION PREP|DEPOSIT BACKSIDE METAL|BACKSIDE ANNEAL|MEASURE BACKSIDE CONTACT|FINAL CLEAN|FINAL GEOMETRY CHECK|FINAL PARTICLE INSPECTION|ELECTRICAL PARAMETRIC TEST|LEAKAGE TEST|THRESHOLD VOLTAGE TEST|SWITCHING TEST|WAFER SORT TEST|YIELD ANALYSIS|FINAL LOT RELEASE|SHIP LOT
valid_0187,RECEIVE WAFER LOT|LOT IDENTIFICATION|PRE CLEAN INSPECTION|MEASURE INITIAL THICKNESS|MEASURE SURFACE PARTICLES|PRE CLEAN WAFER|BACKSIDE CLEAN|FRONTSIDE CLEAN|RCA CLEAN 1|RCA CLEAN 2|HF DIP|DRY WAFER|EPITAXY PREP|EPITAXIAL DEPOSITION|MEASURE EPITAXY THICKNESS|MEASURE RESISTIVITY|EPITAXY ANNEAL|SPIN COAT PHOTORESIST|SOFT BAKE|ALIGN MASK LEVEL 1|EXPOSE LITHO LEVEL 1|DEVELOP PHOTORESIST|FIELD PATTERN INSPECTION|METAL ETCH DRY|STRIP RESIST|CLEAN AFTER FIELD ETCH|MEASURE WINDOW CD|DEPOSIT POLYSILICON|POLYSILICON ANNEAL|MEASURE POLY THICKNESS|SPIN COAT PHOTORESIST|SOFT BAKE|ALIGN MASK LEVEL 2|EXPOSE LITHO LEVEL 2|DEVELOP PHOTORESIST|POLY PATTERN INSPECTION|POLYSILICON ETCH DRY|STRIP PHOTORESIST|CLEAN AFTER POLY ETCH|MEASURE LINE WIDTH|DEPOSIT PASSIVATION|CURE PASSIVATION|MEASURE PASSIVATION QUALITY|OPEN PAD WINDOW|PAD WINDOW LITHO|DEVELOP PAD WINDOW|PASSIVATION ETCH PAD OPENING|STRIP RESIST|CLEAN PAD OPENING|MEASURE PAD OPENING|BACKSIDE CLEAN|BACKSIDE GRIND|MEASURE WAFER THICKNESS|BACKSIDE ETCH CLEAN|BACKSIDE RINSE|BACKSIDE DRY|BACKSIDE METALLIZATION PREP|DEPOSIT BACKSIDE METAL|BACKSIDE ANNEAL|MEASURE BACKSIDE CONTACT|FINAL CLEAN|FINAL GEOMETRY CHECK|FINAL PARTICLE INSPECTION|ELECTRICAL PARAMETRIC TEST|LEAKAGE TEST|THRESHOLD VOLTAGE TEST|SWITCHING TEST|WAFER SORT TEST|YIELD ANALYSIS|FINAL LOT RELEASE|SHIP LOT
valid_0188,RECEIVE WAFER LOT|LOT IDENTIFICATION|PRE CLEAN INSPECTION|MEASURE INITIAL THICKNESS|MEASURE SURFACE PARTICLES|PRE CLEAN WAFER|BACKSIDE CLEAN|FRONTSIDE CLEAN|WET CLEAN RCA1|RCA CLEAN 2|HF DIP|DRY WAFER|EPITAXY PREP|EPITAXIAL DEPOSITION|MEASURE EPITAXY THICKNESS|MEASURE RESISTIVITY|EPITAXY ANNEAL|MEASURE JUNCTION PROFILE|DEPOSIT PAD OXIDE|ANISOTROPIC ETCH SPACER|MEASURE GATE OXIDE THICKNESS|SPIN COAT PHOTORESIST|SOFT BAKE|ALIGN MASK LEVEL 5|EXPOSE LITHO LEVEL 5|DEVELOP PHOTORESIST|VIA OPENING INSPECTION|VIA ETCH THROUGH DIELECTRIC|STRIP RESIST|CLEAN AFTER VIA ETCH|MEASURE VIA CD|DEPOSIT BARRIER METAL|DEPOSIT METAL SEED|FILL VIA METAL|CMP METAL|MEASURE CONTACT RESISTANCE|DEPOSIT TOP METAL|ANNEAL METAL|SPIN COAT PHOTORESIST|SOFT BAKE|ALIGN MASK LEVEL 6|EXPOSE LITHO LEVEL 6|DEVELOP PHOTORESIST|METAL PATTERN INSPECTION|METAL ETCH DRY|STRIP PHOTORESIST|CLEAN AFTER METAL ETCH|MEASURE LINE WIDTH|DEPOSIT PASSIVATION|CURE PASSIVATION|MEASURE PASSIVATION QUALITY|OPEN PAD WINDOW|PAD WINDOW LITHO|DEVELOP PHOTORESIST|PASSIVATION ETCH PAD OPENING|STRIP RESIST|CLEAN PAD OPENING|MEASURE PAD OPENING|BACKSIDE CLEAN|BACKSIDE GRIND|MEASURE WAFER THICKNESS|BACKSIDE ETCH CLEAN|BACKSIDE RINSE|BACKSIDE DRY|BACKSIDE METALLIZATION PREP|DEPOSIT BACKSIDE METAL|BACKSIDE ANNEAL|MEASURE BACKSIDE CONTACT|FINAL CLEAN|FINAL GEOMETRY CHECK|FINAL CD INSPECTION|FINAL PARTICLE INSPECTION|PARAMETRIC TEST|LEAKAGE TEST|SWITCHING TEST|THRESHOLD VOLTAGE TEST|SWITCHING TEST|WAFER SORT TEST|YIELD ANALYSIS|FINAL LOT RELEASE|SHIP LOT
valid_0189,RECEIVE WAFER LOT|LOT IDENTIFICATION|PRE CLEAN INSPECTION|MEASURE INITIAL THICKNESS|MEASURE SURFACE PARTICLES|PRE CLEAN WAFER|BACKSIDE CLEAN|FRONTSIDE CLEAN|WET CLEAN RCA1|RCA CLEAN 2|HF DIP|DRY WAFER|EPITAXY PREP|EPITAXIAL DEPOSITION|MEASURE EPITAXY THICKNESS|MEASURE RESISTIVITY|EPITAXY ANNEAL|MEASURE JUNCTION PROFILE|DEPOSIT PAD OXIDE|ANNEAL OXIDE|MEASURE FILM THICKNESS|SPIN COAT PHOTORESIST|SOFT BAKE|ALIGN MASK LEVEL 1|EXPOSE LITHO LEVEL 1|DEVELOP PHOTORESIST|VIA OPENING INSPECTION|HARD BAKE|VIA ETCH|STRIP RESIST|CLEAN AFTER VIA ETCH|MEASURE VIA CD|DEPOSIT PASSIVATION|CURE PASSIVATION|MEASURE PASSIVATION QUALITY|OPEN PAD WINDOW|PAD WINDOW LITHO|DEVELOP PHOTORESIST|PASSIVATION ETCH PAD OPENING|STRIP RESIST|CLEAN PAD OPENING|MEASURE PAD OPENING|BACKSIDE CLEAN|BACKSIDE GRIND|MEASURE WAFER THICKNESS|BACKSIDE ETCH CLEAN|BACKSIDE RINSE|BACKSIDE DRY|BACKSIDE METALLIZATION PREP|DEPOSIT BACKSIDE METAL|BACKSIDE ANNEAL|MEASURE BACKSIDE CONTACT|FINAL CLEAN|FINAL GEOMETRY CHECK|FINAL CD INSPECTION|FINAL PARTICLE INSPECTION|PARAMETRIC TEST|LEAKAGE TEST|SWITCHING TEST|THRESHOLD VOLTAGE TEST|SWITCHING TEST|WAFER SORT TEST|YIELD ANALYSIS|FINAL LOT RELEASE|SHIP LOT
valid_0190,RECEIVE WAFER LOT|LOT IDENTIFICATION|PRE CLEAN INSPECTION|MEASURE SURFACE PARTICLES|PRE CLEAN WAFER|BACKSIDE CLEAN|FRONTSIDE CLEAN|WET CLEAN RCA1|RCA CLEAN 2|HF DIP|DRY WAFER|EPITAXIAL WAFER CHECK|MEASURE EPITAXY THICKNESS|MEASURE RESISTIVITY|EPITAXY PREP|OXIDE STRIP|MEASURE OXIDE THICKNESS|SPIN COAT PHOTORESIST|SOFT BAKE|ALIGN MASK LEVEL 1|EXPOSE LITHO LEVEL 1|DEVELOP PHOTORESIST|VIA OPENING INSPECTION|VIA ETCH THROUGH DIELECTRIC|STRIP RESIST|CLEAN AFTER VIA ETCH|MEASURE VIA CD|DEPOSIT BARRIER METAL|DEPOSIT METAL SEED|FILL VIA METAL|CMP METAL|MEASURE CONTACT RESISTANCE|DEPOSIT TOP METAL|ANNEAL METAL|MEASURE METAL THICKNESS|SPIN COAT PHOTORESIST|SOFT BAKE|ALIGN MASK LEVEL 2|EXPOSE LITHO LEVEL 2|DEVELOP PHOTORESIST|METAL PATTERN INSPECTION|METAL ETCH DRY|STRIP RESIST|CLEAN AFTER METAL ETCH|MEASURE LINE WIDTH|DEPOSIT PASSIVATION|CURE PASSIVATION|MEASURE PASSIVATION QUALITY|OPEN PAD WINDOW|PAD WINDOW LITHO|DEVELOP PAD WINDOW|PASSIVATION ETCH PAD OPENING|STRIP RESIST|CLEAN PAD OPENING|MEASURE PAD OPENING|BACKSIDE CLEAN|BACKSIDE GRIND|MEASURE WAFER THICKNESS|BACKSIDE ETCH CLEAN|BACKSIDE RINSE|BACKSIDE DRY|BACKSIDE METALLIZATION PREP|DEPOSIT BACKSIDE METAL|BACKSIDE ANNEAL|MEASURE BACKSIDE CONTACT|FINAL CLEAN|FINAL GEOMETRY CHECK|FINAL PARTICLE INSPECTION|ELECTRICAL PARAMETRIC TEST|LEAKAGE TEST|THRESHOLD VOLTAGE TEST|SWITCHING TEST|WAFER SORT TEST|YIELD ANALYSIS|FINAL LOT RELEASE|SHIP LOT
valid_0191,RECEIVE WAFER LOT|LOT IDENTIFICATION|PRE CLEAN INSPECTION|MEASURE SURFACE PARTICLES|BACKSIDE CLEAN|FRONTSIDE CLEAN|WET CLEAN RCA1|RCA CLEAN 2|HF DIP|DRY WAFER|EPITAXY PREP|EPITAXIAL DEPOSITION|MEASURE EPITAXY THICKNESS|MEASURE RESISTIVITY|EPITAXY ANNEAL|MEASURE JUNCTION PROFILE|DEPOSIT PAD OXIDE|ANNEAL OXIDE|MEASURE OXIDE THICKNESS|SPIN COAT PHOTORESIST|SOFT BAKE|ALIGN MASK LEVEL 3|EXPOSE LITHO LEVEL 6|DEVELOP PHOTORESIST|VIA OPENING INSPECTION|VIA ETCH|STRIP RESIST|CLEAN AFTER VIA ETCH|MEASURE VIA CD|DEPOSIT BARRIER METAL|DEPOSIT METAL SEED|FILL VIA METAL|CMP VIA FILL|MEASURE CONTACT RESISTANCE|DEPOSIT TOP METAL|ANNEAL METAL|SPIN COAT PHOTORESIST|SOFT BAKE|ALIGN MASK LEVEL 3|EXPOSE LITHO LEVEL 6|DEVELOP PHOTORESIST|METAL PATTERN INSPECTION|METAL ETCH DRY|STRIP RESIST|CLEAN AFTER METAL ETCH|MEASURE LINE WIDTH|DEPOSIT PASSIVATION|CURE PASSIVATION|MEASURE PASSIVATION QUALITY|OPEN PAD WINDOW|PAD WINDOW LITHO|DEVELOP PHOTORESIST|PASSIVATION ETCH PAD OPENING|STRIP RESIST|CLEAN PAD OPENING|MEASURE PAD OPENING|BACKSIDE CLEAN|BACKSIDE GRIND|MEASURE WAFER THICKNESS|BACKSIDE ETCH CLEAN|BACKSIDE RINSE|BACKSIDE DRY|BACKSIDE METALLIZATION PREP|DEPOSIT BACKSIDE METAL|BACKSIDE ANNEAL|MEASURE BACKSIDE CONTACT|FINAL CLEAN|FINAL GEOMETRY CHECK|FINAL PARTICLE INSPECTION|ELECTRICAL PARAMETRIC TEST|LEAKAGE TEST|THRESHOLD VOLTAGE TEST|SWITCHING TEST|WAFER SORT TEST|YIELD ANALYSIS|FINAL LOT RELEASE|SHIP LOT
valid_0192,RECEIVE WAFER LOT|LOT IDENTIFICATION|PRE CLEAN INSPECTION|MEASURE SURFACE PARTICLES|PRE CLEAN WAFER|BACKSIDE CLEAN|FRONTSIDE CLEAN|WET CLEAN RCA1|RCA CLEAN 2|HF DIP|DRY WAFER|EPITAXIAL WAFER CHECK|MEASURE EPITAXY THICKNESS|MEASURE RESISTIVITY|EPITAXY PREP|OXIDE STRIP|MEASURE OXIDE THICKNESS|SPIN COAT PHOTORESIST|SOFT BAKE|ALIGN MASK LEVEL 1|EXPOSE LITHO LEVEL 1|DEVELOP PHOTORESIST|VIA OPENING INSPECTION|VIA ETCH THROUGH DIELECTRIC|STRIP RESIST|CLEAN AFTER VIA ETCH|MEASURE VIA CD|DEPOSIT BARRIER METAL|DEPOSIT METAL SEED|FILL VIA METAL|CMP METAL|MEASURE CONTACT RESISTANCE|DEPOSIT TOP METAL|ANNEAL METAL|SPIN COAT PHOTORESIST|SOFT BAKE|ALIGN MASK LEVEL 2|EXPOSE LITHO LEVEL 2|DEVELOP PHOTORESIST|METAL PATTERN INSPECTION|METAL ETCH DRY|STRIP RESIST|CLEAN AFTER METAL ETCH|MEASURE LINE WIDTH|DEPOSIT PASSIVATION|CURE PASSIVATION|MEASURE PASSIVATION QUALITY|OPEN PAD WINDOW|PAD WINDOW LITHO|DEVELOP PAD WINDOW|PASSIVATION ETCH PAD OPENING|STRIP RESIST|CLEAN PAD OPENING|MEASURE PAD OPENING|BACKSIDE CLEAN|BACKSIDE GRIND|MEASURE WAFER THICKNESS|BACKSIDE ETCH CLEAN|BACKSIDE RINSE|BACKSIDE DRY|BACKSIDE METALLIZATION PREP|DEPOSIT BACKSIDE METAL|BACKSIDE ANNEAL|MEASURE BACKSIDE CONTACT|FINAL CLEAN|FINAL GEOMETRY CHECK|FINAL PARTICLE INSPECTION|ELECTRICAL PARAMETRIC TEST|LEAKAGE TEST|THRESHOLD VOLTAGE TEST|SWITCHING TEST|WAFER SORT TEST|YIELD ANALYSIS|FINAL LOT RELEASE|SHIP LOT
valid_0193,RECEIVE WAFER LOT|LOT IDENTIFICATION|PRE CLEAN INSPECTION|MEASURE SURFACE PARTICLES|PRE CLEAN WAFER|BACKSIDE CLEAN|FRONTSIDE CLEAN|WET CLEAN RCA1|RCA CLEAN 2|HF DIP|DRY WAFER|EPITAXY PREP|EPITAXIAL DEPOSITION|MEASURE EPITAXY THICKNESS|MEASURE RESISTIVITY|EPITAXY ANNEAL|MEASURE JUNCTION PROFILE|THERMAL OXIDATION|MEASURE OXIDE THICKNESS|SPIN COAT PHOTORESIST|SOFT BAKE|ALIGN MASK LEVEL 1|EXPOSE LITHO LEVEL 1|DEVELOP PHOTORESIST|VIA OPENING INSPECTION|VIA ETCH THROUGH DIELECTRIC|STRIP RESIST|CLEAN AFTER VIA ETCH|MEASURE VIA CD|DEPOSIT BARRIER METAL|DEPOSIT METAL SEED|FILL VIA METAL|CMP METAL|MEASURE CONTACT RESISTANCE|DEPOSIT TOP METAL|ANNEAL METAL|MEASURE METAL THICKNESS|SPIN COAT PHOTORESIST|SOFT BAKE|ALIGN MASK LEVEL 2|EXPOSE LITHO LEVEL 2|DEVELOP PHOTORESIST|METAL PATTERN INSPECTION|METAL ETCH DRY|STRIP RESIST|CLEAN AFTER METAL ETCH|MEASURE LINE WIDTH|DEPOSIT PASSIVATION|CURE PASSIVATION|MEASURE PASSIVATION QUALITY|OPEN PAD WINDOW|PAD WINDOW LITHO|DEVELOP PAD WINDOW|PASSIVATION ETCH PAD OPENING|STRIP RESIST|CLEAN PAD OPENING|MEASURE PAD OPENING|BACKSIDE CLEAN|BACKSIDE GRIND|MEASURE WAFER THICKNESS|BACKSIDE ETCH CLEAN|BACKSIDE RINSE|BACKSIDE DRY|BACKSIDE METALLIZATION PREP|DEPOSIT BACKSIDE METAL|BACKSIDE ANNEAL|MEASURE BACKSIDE CONTACT|FINAL CLEAN|FINAL GEOMETRY CHECK|FINAL PARTICLE INSPECTION|ELECTRICAL PARAMETRIC TEST|LEAKAGE TEST|THRESHOLD VOLTAGE TEST|SWITCHING TEST|WAFER SORT TEST|YIELD ANALYSIS|FINAL LOT RELEASE|SHIP LOT
valid_0194,BACKSIDE CLEAN|BACKSIDE GRIND|MEASURE WAFER THICKNESS|BACKSIDE ETCH CLEAN|BACKSIDE RINSE|BACKSIDE DRY|BACKSIDE METALLIZATION PREP|DEPOSIT BACKSIDE METAL|BACKSIDE ANNEAL|MEASURE BACKSIDE CONTACT|FINAL CLEAN|FINAL GEOMETRY CHECK|FINAL CD INSPECTION|FINAL PARTICLE INSPECTION|PARAMETRIC TEST|LEAKAGE TEST|SWITCHING TEST|WAFER SORT TEST|YIELD ANALYSIS|FINAL LOT RELEASE|SHIP LOT
valid_0195,RECEIVE WAFER LOT|LOT IDENTIFICATION|INITIAL WAFER INSPECTION|MEASURE INITIAL THICKNESS|MEASURE SURFACE PARTICLES|PRE CLEAN WAFER|BACKSIDE CLEAN|FRONTSIDE CLEAN|WET CLEAN RCA1|WET CLEAN RCA2|HF DIP|DRY WAFER|EPITAXY PREP|EPITAXIAL DEPOSITION|MEASURE EPITAXY THICKNESS|MEASURE RESISTIVITY|EPITAXY ANNEAL|MEASURE JUNCTION PROFILE|DEPOSIT PAD OXIDE|ANNEAL OXIDE|MEASURE OXIDE THICKNESS|SPIN COAT PHOTORESIST|SOFT BAKE|ALIGN MASK LEVEL 3|EXPOSE LITHO LEVEL 6|DEVELOP PHOTORESIST|VIA OPENING INSPECTION|HARD BAKE|VIA ETCH|STRIP PHOTORESIST|CLEAN AFTER VIA ETCH|MEASURE VIA CD|DEPOSIT PASSIVATION|CURE PASSIVATION|MEASURE PASSIVATION QUALITY|OPEN PAD WINDOW|PAD WINDOW LITHO|DEVELOP PHOTORESIST|PASSIVATION ETCH PAD OPENING|STRIP RESIST|CLEAN PAD OPENING|MEASURE PAD OPENING|BACKSIDE CLEAN|BACKSIDE GRIND|MEASURE WAFER THICKNESS|BACKSIDE ETCH CLEAN|BACKSIDE RINSE|BACKSIDE DRY|BACKSIDE METALLIZATION PREP|DEPOSIT BACKSIDE METAL|BACKSIDE ANNEAL|MEASURE BACKSIDE CONTACT|FINAL CLEAN|FINAL GEOMETRY CHECK|FINAL PARTICLE INSPECTION|PARAMETRIC TEST|LEAKAGE TEST|SWITCHING TEST|THRESHOLD VOLTAGE TEST|SWITCHING TEST|WAFER SORT TEST|YIELD ANALYSIS|FINAL LOT RELEASE|SHIP LOT
valid_0196,RECEIVE WAFER LOT|LOT IDENTIFICATION|PRE CLEAN INSPECTION|MEASURE INITIAL THICKNESS|MEASURE SURFACE PARTICLES|PRE CLEAN WAFER|BACKSIDE CLEAN|FRONTSIDE CLEAN|WET CLEAN RCA1|WET CLEAN RCA2|HF DIP|DRY WAFER|EPITAXIAL WAFER CHECK|MEASURE EPITAXY THICKNESS|MEASURE RESISTIVITY|EPITAXY PREP|OXIDE STRIP|MEASURE OXIDE THICKNESS|SPIN COAT PHOTORESIST|SOFT BAKE|ALIGN MASK LEVEL 1|EXPOSE LITHO LEVEL 1|DEVELOP PHOTORESIST|VIA OPENING INSPECTION|VIA ETCH THROUGH DIELECTRIC|STRIP RESIST|CLEAN AFTER VIA ETCH|MEASURE VIA CD|DEPOSIT BARRIER METAL|DEPOSIT METAL SEED|FILL VIA METAL|CMP METAL|MEASURE CONTACT RESISTANCE|DEPOSIT TOP METAL|ANNEAL METAL|MEASURE METAL THICKNESS|SPIN COAT PHOTORESIST|SOFT BAKE|ALIGN MASK LEVEL 2|EXPOSE LITHO LEVEL 2|DEVELOP PHOTORESIST|METAL PATTERN INSPECTION|METAL ETCH DRY|STRIP RESIST|CLEAN AFTER METAL ETCH|MEASURE LINE WIDTH|DEPOSIT PASSIVATION|CURE PASSIVATION|MEASURE PASSIVATION QUALITY|OPEN PAD WINDOW|PAD WINDOW LITHO|DEVELOP PAD WINDOW|PASSIVATION ETCH PAD OPENING|STRIP RESIST|CLEAN PAD OPENING|MEASURE PAD OPENING|BACKSIDE CLEAN|BACKSIDE GRIND|MEASURE WAFER THICKNESS|BACKSIDE ETCH CLEAN|BACKSIDE RINSE|BACKSIDE DRY|BACKSIDE METALLIZATION PREP|DEPOSIT BACKSIDE METAL|BACKSIDE ANNEAL|MEASURE BACKSIDE CONTACT|FINAL CLEAN|FINAL GEOMETRY CHECK|FINAL PARTICLE INSPECTION|ELECTRICAL PARAMETRIC TEST|LEAKAGE TEST|THRESHOLD VOLTAGE TEST|SWITCHING TEST|WAFER SORT TEST|YIELD ANALYSIS|FINAL LOT RELEASE|SHIP LOT
valid_0197,RECEIVE WAFER LOT|LOT IDENTIFICATION|PRE CLEAN INSPECTION|MEASURE INITIAL THICKNESS|MEASURE SURFACE PARTICLES|PRE CLEAN WAFER|BACKSIDE CLEAN|FRONTSIDE CLEAN|WET CLEAN RCA1|WET CLEAN RCA2|HF DIP|DRY WAFER|EPITAXY PREP|EPITAXIAL DEPOSITION|MEASURE EPITAXY THICKNESS|MEASURE RESISTIVITY|EPITAXY ANNEAL|MEASURE JUNCTION PROFILE|DEPOSIT PAD OXIDE|ANNEAL OXIDE|MEASURE OXIDE THICKNESS|SPIN COAT PHOTORESIST|SOFT BAKE|ALIGN MASK LEVEL 1|EXPOSE LITHO LEVEL 1|DEVELOP PHOTORESIST|VIA OPENING INSPECTION|VIA ETCH|STRIP RESIST|CLEAN AFTER VIA ETCH|MEASURE VIA CD|DEPOSIT BARRIER METAL|DEPOSIT METAL SEED|FILL VIA METAL|CMP METAL|MEASURE CONTACT RESISTANCE|DEPOSIT TOP METAL|ANNEAL METAL|MEASURE METAL THICKNESS|SPIN COAT PHOTORESIST|SOFT BAKE|ALIGN MASK LEVEL 2|EXPOSE LITHO LEVEL 2|DEVELOP PHOTORESIST|METAL PATTERN INSPECTION|METAL ETCH DRY|STRIP PHOTORESIST|CLEAN AFTER METAL ETCH|MEASURE LINE WIDTH|DEPOSIT PASSIVATION|CURE PASSIVATION|MEASURE PASSIVATION QUALITY|OPEN PAD WINDOW|PAD WINDOW LITHO|DEVELOP PHOTORESIST|PASSIVATION ETCH PAD OPENING|STRIP PHOTORESIST|CLEAN PAD OPENING|MEASURE PAD OPENING|BACKSIDE CLEAN|BACKSIDE GRIND|MEASURE WAFER THICKNESS|BACKSIDE ETCH CLEAN|BACKSIDE RINSE|BACKSIDE DRY|BACKSIDE METALLIZATION PREP|DEPOSIT BACKSIDE METAL|BACKSIDE ANNEAL|MEASURE BACKSIDE CONTACT|FINAL CLEAN|FINAL GEOMETRY CHECK|FINAL PARTICLE INSPECTION|ELECTRICAL PARAMETRIC TEST|LEAKAGE TEST|THRESHOLD VOLTAGE TEST|SWITCHING TEST|WAFER SORT TEST|YIELD ANALYSIS|FINAL LOT RELEASE|SHIP LOT
valid_0198,RECEIVE WAFER LOT|LOT IDENTIFICATION|PRE CLEAN INSPECTION|MEASURE INITIAL THICKNESS|MEASURE SURFACE PARTICLES|PRE CLEAN WAFER|BACKSIDE CLEAN|FRONTSIDE CLEAN|RCA CLEAN 1|RCA CLEAN 2|HF DIP|DRY WAFER|EPITAXIAL WAFER CHECK|MEASURE EPITAXY THICKNESS|MEASURE RESISTIVITY|EPITAXY PREP|OXIDE STRIP|MEASURE OXIDE THICKNESS|SPIN COAT PHOTORESIST|SOFT BAKE|ALIGN MASK LEVEL 1|EXPOSE LITHO LEVEL 1|DEVELOP PHOTORESIST|VIA OPENING INSPECTION|VIA ETCH THROUGH DIELECTRIC|STRIP RESIST|CLEAN AFTER VIA ETCH|MEASURE VIA CD|DEPOSIT BARRIER METAL|DEPOSIT METAL SEED|FILL VIA METAL|CMP METAL|MEASURE CONTACT RESISTANCE|DEPOSIT TOP METAL|ANNEAL METAL|MEASURE METAL THICKNESS|SPIN COAT PHOTORESIST|SOFT BAKE|ALIGN MASK LEVEL 2|EXPOSE LITHO LEVEL 2|DEVELOP PHOTORESIST|METAL PATTERN INSPECTION|METAL ETCH DRY|STRIP RESIST|CLEAN AFTER METAL ETCH|MEASURE LINE WIDTH|DEPOSIT PASSIVATION|CURE PASSIVATION|MEASURE PASSIVATION QUALITY|OPEN PAD WINDOW|PAD WINDOW LITHO|DEVELOP PAD WINDOW|PASSIVATION ETCH PAD OPENING|STRIP RESIST|CLEAN PAD OPENING|MEASURE PAD OPENING|BACKSIDE CLEAN|BACKSIDE GRIND|MEASURE WAFER THICKNESS|BACKSIDE ETCH CLEAN|BACKSIDE RINSE|BACKSIDE DRY|BACKSIDE METALLIZATION PREP|DEPOSIT BACKSIDE METAL|BACKSIDE ANNEAL|MEASURE BACKSIDE CONTACT|FINAL CLEAN|FINAL GEOMETRY CHECK|FINAL PARTICLE INSPECTION|ELECTRICAL PARAMETRIC TEST|LEAKAGE TEST|THRESHOLD VOLTAGE TEST|SWITCHING TEST|WAFER SORT TEST|YIELD ANALYSIS|FINAL LOT RELEASE|SHIP LOT
valid_0199,BACKSIDE CLEAN|BACKSIDE GRIND|MEASURE THICKNESS|BACKSIDE ETCH CLEAN|BACKSIDE RINSE|BACKSIDE DRY|BACKSIDE METALLIZATION PREP|DEPOSIT BACKSIDE METAL|BACKSIDE ANNEAL|MEASURE BACKSIDE CONTACT|FINAL CLEAN|FINAL GEOMETRY CHECK|FINAL PARTICLE INSPECTION|ELECTRICAL PARAMETRIC TEST|LEAKAGE TEST|THRESHOLD VOLTAGE TEST|SWITCHING TEST|WAFER SORT TEST|YIELD ANALYSIS|FINAL LOT RELEASE|SHIP LOT
