EXAMPLE_ID,PREDICTED_SEQUENCE
valid_0000,MEASURE VIA CD|DEPOSIT BARRIER METAL|DEPOSIT METAL SEED|FILL VIA METAL|CMP METAL|MEASURE CONTACT RESISTANCE|DEPOSIT TOP METAL|ANNEAL METAL|SPIN COAT PHOTORESIST|SOFT BAKE|ALIGN MASK LEVEL 4|EXPOSE LITHO LEVEL 4|DEVELOP PHOTORESIST|METAL PATTERN INSPECTION|HARD BAKE|METAL ETCH DRY|STRIP RESIST|CLEAN AFTER METAL ETCH|MEASURE LINE WIDTH|DEPOSIT PASSIVATION|CURE PASSIVATION|MEASURE PASSIVATION QUALITY|OPEN PAD WINDOW|PAD WINDOW LITHO|DEVELOP PHOTORESIST|PASSIVATION ETCH PAD OPENING|STRIP RESIST|CLEAN PAD OPENING|MEASURE PAD OPENING|BACKSIDE GRIND|MEASURE WAFER THICKNESS|BACKSIDE ETCH CLEAN|BACKSIDE RINSE|BACKSIDE DRY|BACKSIDE METALLIZATION PREP|DEPOSIT BACKSIDE METAL|BACKSIDE ANNEAL|MEASURE BACKSIDE CONTACT|FINAL CLEAN|FINAL GEOMETRY CHECK|FINAL PARTICLE INSPECTION|ELECTRICAL PARAMETRIC TEST|LEAKAGE TEST|THRESHOLD VOLTAGE TEST|SWITCHING TEST|WAFER SORT TEST|YIELD ANALYSIS|LOT RELEASE|SHIP LOT
valid_0001,BACKSIDE GRIND|MEASURE THICKNESS|BACKSIDE ETCH CLEAN|BACKSIDE RINSE|BACKSIDE DRY|BACKSIDE METALLIZATION PREP|DEPOSIT BACKSIDE METAL|BACKSIDE ANNEAL|MEASURE BACKSIDE CONTACT|FINAL CLEAN|FINAL GEOMETRY CHECK|FINAL PARTICLE INSPECTION|ELECTRICAL PARAMETRIC TEST|LEAKAGE TEST|THRESHOLD VOLTAGE TEST|SWITCHING TEST|WAFER SORT TEST|YIELD ANALYSIS|LOT RELEASE|SHIP LOT
valid_0002,MEASURE VIA CD|DEPOSIT BARRIER METAL|ANNEAL METAL|MEASURE METAL THICKNESS|SPIN COAT PHOTORESIST|SOFT BAKE|ALIGN MASK LEVEL 4|EXPOSE LITHO LEVEL 4|DEVELOP PHOTORESIST|METAL PATTERN INSPECTION|HARD BAKE|METAL ETCH DRY|STRIP RESIST|CLEAN AFTER METAL ETCH|MEASURE LINE WIDTH|DEPOSIT PASSIVATION|CURE PASSIVATION|MEASURE PASSIVATION QUALITY|OPEN BOND PAD WINDOW|PAD WINDOW LITHO|DEVELOP PHOTORESIST|PASSIVATION ETCH PAD OPENING|STRIP RESIST|CLEAN PAD OPENING|MEASURE PAD OPENING|BACKSIDE GRIND|MEASURE WAFER THICKNESS|BACKSIDE ETCH CLEAN|BACKSIDE RINSE|BACKSIDE DRY|BACKSIDE METALLIZATION PREP|DEPOSIT BACKSIDE METAL|BACKSIDE ANNEAL|MEASURE BACKSIDE CONTACT|FINAL CLEAN|FINAL GEOMETRY CHECK|FINAL PARTICLE INSPECTION|ELECTRICAL PARAMETRIC TEST|LEAKAGE TEST|THRESHOLD VOLTAGE TEST|SWITCHING TEST|WAFER SORT TEST|YIELD ANALYSIS|LOT RELEASE|SHIP LOT
valid_0003,OPEN PAD WINDOW|PAD WINDOW LITHO|DEVELOP PAD WINDOW|PASSIVATION ETCH PAD OPENING|STRIP RESIST|CLEAN PAD OPENING|MEASURE PAD OPENING|BACKSIDE GRIND|MEASURE THICKNESS|BACKSIDE ETCH CLEAN|BACKSIDE RINSE|BACKSIDE DRY|BACKSIDE METALLIZATION PREP|DEPOSIT BACKSIDE METAL|BACKSIDE ANNEAL|MEASURE BACKSIDE CONTACT|FINAL CLEAN|FINAL GEOMETRY CHECK|FINAL PARTICLE INSPECTION|ELECTRICAL PARAMETRIC TEST|LEAKAGE TEST|THRESHOLD VOLTAGE TEST|SWITCHING TEST|WAFER SORT TEST|YIELD ANALYSIS|FINAL LOT RELEASE|SHIP LOT
valid_0004,MEASURE VIA CD|DEPOSIT BARRIER METAL|DEPOSIT METAL SEED|FILL VIA METAL|CMP VIA FILL|MEASURE CONTACT RESISTANCE|DEPOSIT TOP METAL|ANNEAL METAL|SPIN COAT PHOTORESIST|SOFT BAKE|ALIGN MASK LEVEL 4|EXPOSE LITHO LEVEL 4|DEVELOP PHOTORESIST|METAL PATTERN INSPECTION|HARD BAKE|METAL ETCH DRY|STRIP RESIST|CLEAN AFTER METAL ETCH|MEASURE LINE WIDTH|DEPOSIT PASSIVATION|CURE PASSIVATION|MEASURE PASSIVATION QUALITY|OPEN BOND PAD WINDOW|PAD WINDOW LITHO|DEVELOP PHOTORESIST|PASSIVATION ETCH PAD OPENING|STRIP RESIST|CLEAN PAD OPENING|MEASURE PAD OPENING|BACKSIDE GRIND|MEASURE WAFER THICKNESS|BACKSIDE ETCH CLEAN|BACKSIDE RINSE|BACKSIDE DRY|BACKSIDE METALLIZATION PREP|DEPOSIT BACKSIDE METAL|BACKSIDE ANNEAL|MEASURE BACKSIDE CONTACT|FINAL CLEAN|FINAL GEOMETRY CHECK|FINAL PARTICLE INSPECTION|ELECTRICAL PARAMETRIC TEST|LEAKAGE TEST|THRESHOLD VOLTAGE TEST|SWITCHING TEST|WAFER SORT TEST|YIELD ANALYSIS|LOT RELEASE|SHIP LOT
valid_0005,OPEN PAD WINDOW|PAD WINDOW LITHO|DEVELOP PAD WINDOW|PASSIVATION ETCH PAD OPENING|STRIP RESIST|CLEAN PAD OPENING|MEASURE PAD OPENING|BACKSIDE GRIND|MEASURE WAFER THICKNESS|BACKSIDE ETCH CLEAN|BACKSIDE RINSE|BACKSIDE DRY|BACKSIDE METALLIZATION PREP|DEPOSIT BACKSIDE METAL|BACKSIDE ANNEAL|MEASURE BACKSIDE CONTACT|FINAL CLEAN|FINAL GEOMETRY CHECK|FINAL PARTICLE INSPECTION|ELECTRICAL PARAMETRIC TEST|LEAKAGE TEST|THRESHOLD VOLTAGE TEST|SWITCHING TEST|WAFER SORT TEST|YIELD ANALYSIS|LOT RELEASE|SHIP LOT
valid_0006,MEASURE VIA CD|DEPOSIT BARRIER METAL|DEPOSIT METAL SEED|FILL VIA METAL|CMP METAL|MEASURE CONTACT RESISTANCE|DEPOSIT TOP METAL|ANNEAL METAL|SPIN COAT PHOTORESIST|SOFT BAKE|ALIGN MASK LEVEL 4|EXPOSE LITHO LEVEL 4|POST EXPOSE BAKE|DEVELOP PHOTORESIST|METAL PATTERN INSPECTION|METAL ETCH DRY|STRIP RESIST|CLEAN AFTER METAL ETCH|MEASURE LINE WIDTH|DEPOSIT PASSIVATION|CURE PASSIVATION|MEASURE PASSIVATION QUALITY|OPEN BOND PAD WINDOW|PAD WINDOW LITHO|DEVELOP PHOTORESIST|PASSIVATION ETCH PAD OPENING|STRIP RESIST|CLEAN PAD OPENING|MEASURE PAD OPENING|BACKSIDE GRIND|MEASURE WAFER THICKNESS|BACKSIDE ETCH CLEAN|BACKSIDE RINSE|BACKSIDE DRY|BACKSIDE METALLIZATION PREP|DEPOSIT BACKSIDE METAL|BACKSIDE ANNEAL|MEASURE BACKSIDE CONTACT|FINAL CLEAN|FINAL THICKNESS MEASURE|FINAL GEOMETRY CHECK|FINAL PARTICLE INSPECTION|ELECTRICAL PARAMETRIC TEST|LEAKAGE TEST|THRESHOLD VOLTAGE TEST|SWITCHING TEST|WAFER SORT TEST|YIELD ANALYSIS|LOT RELEASE|SHIP LOT
valid_0007,RECEIVE WAFER LOT|LOT IDENTIFICATION|INITIAL WAFER INSPECTION|MEASURE INITIAL THICKNESS|WAFER CLEAN PRE PROCESS|BACKSIDE CLEAN|RCA CLEAN 1|RCA CLEAN 2|HF DIP|DRY WAFER|WAFER CLEAN PRE-GRIND|DRY WAFER|MEASURE THICKNESS|BACKSIDE CLEAN|MEASURE BACKSIDE ROUGHNESS|EPITAXIAL WAFER CHECK|MEASURE EPITAXY THICKNESS|DRIVE IN DIFFUSION|RAPID THERMAL ANNEAL|MEASURE JUNCTION DEPTH|THERMAL OXIDATION|MEASURE OXIDE THICKNESS|SPIN COAT PHOTORESIST|SOFT BAKE|ALIGN MASK LEVEL 1|EXPOSE LITHO LEVEL 1|POST EXPOSE BAKE|DEVELOP PHOTORESIST|METAL PATTERN INSPECTION|HARD BAKE|OXIDE ETCH DRY|STRIP RESIST|CLEAN AFTER POLY ETCH|MEASURE OPENING CD|IMPLANT WELL|PRE ANNEAL CHECK|RAPID THERMAL ANNEAL|MEASURE JUNCTION PROFILE|DEPOSIT FIELD OXIDE|DENSIFY OXIDE|MEASURE FILM THICKNESS|DEPOSIT FIELD OXIDE|MEASURE PLANARITY|SPIN COAT PHOTORESIST|SOFT BAKE|ALIGN MASK LEVEL 2|EXPOSE LITHO LEVEL 2|DEVELOP PHOTORESIST|FIELD PATTERN INSPECTION|FIELD OXIDE ETCH|STRIP RESIST|CLEAN AFTER FIELD ETCH|MEASURE SURFACE UNIFORMITY|IMPLANT SOURCE REGION|IMPLANT DRAIN / CATHODE REGION|PRE ANNEAL CHECK|RAPID THERMAL ANNEAL|MEASURE SHEET RESISTANCE|DEPOSIT GATE OXIDE OR DIELECTRIC|ANNEAL DIELECTRIC|MEASURE OXIDE QUALITY|DEPOSIT POLYSILICON|ANNEAL METAL|MEASURE POLY THICKNESS|SPIN COAT PHOTORESIST|SOFT BAKE|ALIGN MASK LEVEL 3|EXPOSE LITHO LEVEL 3|DEVELOP PHOTORESIST|POLY PATTERN INSPECTION|POLYSILICON ETCH DRY|STRIP RESIST|CLEAN AFTER POLY ETCH|MEASURE GATE CD|IMPLANT CHANNEL STOP|PRE ANNEAL CHECK|RAPID THERMAL ANNEAL|MEASURE DEVICE PARAMETER|DEPOSIT INTERLEVEL DIELECTRIC|DENSIFY DIELECTRIC|MEASURE DIELECTRIC THICKNESS|CMP DIELECTRIC|MEASURE PLANARITY|SPIN COAT PHOTORESIST|SOFT BAKE|ALIGN MASK LEVEL 4|EXPOSE LITHO LEVEL 4|DEVELOP PHOTORESIST|VIA INSPECTION|HARD BAKE|DIELECTRIC ETCH VIA|STRIP PHOTORESIST|CLEAN AFTER VIA ETCH|MEASURE VIA CD|DEPOSIT BARRIER METAL|DEPOSIT METAL SEED|FILL VIA METAL|CMP METAL|MEASURE CONTACT RESISTANCE|DEPOSIT TOP METAL|ANNEAL METAL|SPIN COAT PHOTORESIST|SOFT BAKE|ALIGN MASK LEVEL 5|EXPOSE LITHO LEVEL 5|DEVELOP PHOTORESIST|METAL PATTERN INSPECTION|HARD BAKE|METAL ETCH DRY|STRIP RESIST|CLEAN AFTER METAL ETCH|MEASURE LINE WIDTH|DEPOSIT PASSIVATION|CURE PASSIVATION|MEASURE PASSIVATION THICKNESS|OPEN PAD WINDOW|PAD WINDOW LITHO|DEVELOP PHOTORESIST|PASSIVATION ETCH PAD OPENING|STRIP RESIST|CLEAN PAD OPENING|MEASURE PAD OPENING|BACKSIDE CLEAN|BACKSIDE GRIND|MEASURE THICKNESS|BACKSIDE ETCH CLEAN|BACKSIDE RINSE|BACKSIDE DRY|BACKSIDE METALLIZATION PREP|DEPOSIT BACKSIDE METAL|BACKSIDE ANNEAL|MEASURE BACKSIDE CONTACT|FINAL CLEAN|FINAL THICKNESS MEASURE|FINAL GEOMETRY CHECK|FINAL PARTICLE INSPECTION|ELECTRICAL PARAMETRIC TEST|LEAKAGE TEST|THRESHOLD VOLTAGE TEST|SWITCHING TEST|WAFER SORT TEST|YIELD ANALYSIS|LOT RELEASE|SHIP LOT
valid_0008,MEASURE VIA CD|DEPOSIT BARRIER METAL|DEPOSIT METAL SEED|FILL VIA METAL|CMP METAL|MEASURE CONTACT RESISTANCE|DEPOSIT TOP METAL|ANNEAL METAL|SPIN COAT PHOTORESIST|SOFT BAKE|ALIGN MASK LEVEL 4|EXPOSE LITHO LEVEL 4|DEVELOP PHOTORESIST|METAL PATTERN INSPECTION|HARD BAKE|METAL ETCH DRY|STRIP RESIST|CLEAN AFTER METAL ETCH|MEASURE LINE WIDTH|DEPOSIT PASSIVATION|CURE PASSIVATION|MEASURE PASSIVATION QUALITY|OPEN BOND PAD WINDOW|PAD WINDOW LITHO|DEVELOP PHOTORESIST|PASSIVATION ETCH PAD OPENING|STRIP RESIST|CLEAN PAD OPENING|MEASURE PAD OPENING|BACKSIDE GRIND|MEASURE THICKNESS|BACKSIDE ETCH CLEAN|BACKSIDE RINSE|BACKSIDE DRY|BACKSIDE METALLIZATION PREP|DEPOSIT BACKSIDE METAL|BACKSIDE ANNEAL|MEASURE BACKSIDE CONTACT|FINAL CLEAN|FINAL THICKNESS MEASURE|FINAL GEOMETRY CHECK|FINAL CD INSPECTION|FINAL PARTICLE INSPECTION|ELECTRICAL PARAMETRIC TEST|LEAKAGE TEST|THRESHOLD VOLTAGE TEST|SWITCHING TEST|WAFER SORT TEST|YIELD ANALYSIS|FINAL LOT RELEASE|SHIP LOT
valid_0009,OPEN PAD WINDOW|PAD WINDOW LITHO|DEVELOP PAD WINDOW|PASSIVATION ETCH PAD OPENING|STRIP RESIST|CLEAN PAD OPENING|MEASURE PAD OPENING|BACKSIDE GRIND|MEASURE THICKNESS|BACKSIDE ETCH CLEAN|BACKSIDE RINSE|BACKSIDE DRY|BACKSIDE METALLIZATION PREP|DEPOSIT BACKSIDE METAL|BACKSIDE ANNEAL|MEASURE BACKSIDE CONTACT|FINAL CLEAN|FINAL THICKNESS MEASURE|FINAL GEOMETRY CHECK|FINAL PARTICLE INSPECTION|ELECTRICAL PARAMETRIC TEST|LEAKAGE TEST|THRESHOLD VOLTAGE TEST|SWITCHING TEST|WAFER SORT TEST|YIELD ANALYSIS|FINAL LOT RELEASE|SHIP LOT
valid_0010,MEASURE VIA RESISTANCE|DEPOSIT BARRIER METAL|ANNEAL METAL|MEASURE METAL THICKNESS|SPIN COAT PHOTORESIST|SOFT BAKE|ALIGN MASK LEVEL 4|EXPOSE LITHO LEVEL 4|POST EXPOSE BAKE|DEVELOP PHOTORESIST|METAL PATTERN INSPECTION|HARD BAKE|METAL ETCH DRY|STRIP RESIST|CLEAN AFTER METAL ETCH|MEASURE LINE WIDTH|DEPOSIT PASSIVATION|CURE PASSIVATION|MEASURE PASSIVATION QUALITY|OPEN BOND PAD WINDOW|PAD WINDOW LITHO|DEVELOP PHOTORESIST|PASSIVATION ETCH PAD OPENING|STRIP RESIST|CLEAN PAD OPENING|MEASURE PAD OPENING|BACKSIDE GRIND|MEASURE WAFER THICKNESS|BACKSIDE ETCH CLEAN|BACKSIDE RINSE|BACKSIDE DRY|BACKSIDE METALLIZATION PREP|DEPOSIT BACKSIDE METAL|BACKSIDE ANNEAL|MEASURE BACKSIDE CONTACT|FINAL CLEAN|FINAL THICKNESS MEASURE|FINAL GEOMETRY CHECK|FINAL PARTICLE INSPECTION|ELECTRICAL PARAMETRIC TEST|LEAKAGE TEST|THRESHOLD VOLTAGE TEST|SWITCHING TEST|WAFER SORT TEST|YIELD ANALYSIS|LOT RELEASE|SHIP LOT
valid_0011,OPEN PAD WINDOW|PAD WINDOW LITHO|DEVELOP PAD WINDOW|PASSIVATION ETCH PAD OPENING|STRIP RESIST|CLEAN PAD OPENING|MEASURE PAD OPENING|BACKSIDE GRIND|MEASURE WAFER THICKNESS|BACKSIDE ETCH CLEAN|BACKSIDE RINSE|BACKSIDE DRY|BACKSIDE METALLIZATION PREP|DEPOSIT BACKSIDE METAL|BACKSIDE ANNEAL|MEASURE BACKSIDE CONTACT|FINAL CLEAN|FINAL THICKNESS MEASURE|FINAL GEOMETRY CHECK|FINAL PARTICLE INSPECTION|ELECTRICAL PARAMETRIC TEST|LEAKAGE TEST|THRESHOLD VOLTAGE TEST|SWITCHING TEST|WAFER SORT TEST|YIELD ANALYSIS|LOT RELEASE|SHIP LOT
valid_0012,MEASURE VIA RESISTANCE|DEPOSIT BARRIER METAL|ANNEAL METAL|MEASURE METAL THICKNESS|SPIN COAT PHOTORESIST|SOFT BAKE|ALIGN MASK LEVEL 4|EXPOSE LITHO LEVEL 4|POST EXPOSE BAKE|DEVELOP PHOTORESIST|METAL PATTERN INSPECTION|HARD BAKE|METAL ETCH DRY|STRIP RESIST|CLEAN AFTER METAL ETCH|MEASURE LINE WIDTH|DEPOSIT PASSIVATION|CURE PASSIVATION|MEASURE PASSIVATION QUALITY|OPEN BOND PAD WINDOW|PAD WINDOW LITHO|DEVELOP PHOTORESIST|PASSIVATION ETCH PAD OPENING|STRIP RESIST|CLEAN PAD OPENING|MEASURE PAD OPENING|BACKSIDE GRIND|MEASURE WAFER THICKNESS|BACKSIDE ETCH CLEAN|BACKSIDE RINSE|BACKSIDE DRY|BACKSIDE METALLIZATION PREP|DEPOSIT BACKSIDE METAL|BACKSIDE ANNEAL|MEASURE BACKSIDE CONTACT|FINAL CLEAN|FINAL THICKNESS MEASURE|FINAL GEOMETRY CHECK|FINAL PARTICLE INSPECTION|ELECTRICAL PARAMETRIC TEST|LEAKAGE TEST|THRESHOLD VOLTAGE TEST|SWITCHING TEST|WAFER SORT TEST|YIELD ANALYSIS|LOT RELEASE|SHIP LOT
valid_0013,OPEN PAD WINDOW LITHO|DEVELOP PAD WINDOW|PASSIVATION ETCH PAD OPENING|STRIP RESIST|CLEAN PAD OPENING|MEASURE PAD OPENING|BACKSIDE GRIND|MEASURE WAFER THICKNESS|BACKSIDE ETCH CLEAN|BACKSIDE RINSE|BACKSIDE DRY|BACKSIDE METALLIZATION PREP|DEPOSIT BACKSIDE METAL|BACKSIDE ANNEAL|MEASURE BACKSIDE CONTACT|FINAL CLEAN|FINAL THICKNESS MEASURE|FINAL GEOMETRY CHECK|FINAL PARTICLE INSPECTION|ELECTRICAL PARAMETRIC TEST|LEAKAGE TEST|THRESHOLD VOLTAGE TEST|SWITCHING TEST|WAFER SORT TEST|YIELD ANALYSIS|LOT RELEASE|SHIP LOT
valid_0014,DEPOSIT BARRIER METAL|ANNEAL METAL|MEASURE METAL THICKNESS|SPIN COAT PHOTORESIST|SOFT BAKE|ALIGN MASK LEVEL 4|EXPOSE LITHO LEVEL 4|DEVELOP PHOTORESIST|VIA OPENING INSPECTION|HARD BAKE|VIA ETCH THROUGH DIELECTRIC|STRIP RESIST|CLEAN AFTER VIA ETCH|MEASURE VIA CD|DEPOSIT TOP METAL|ANNEAL METAL|SPIN COAT PHOTORESIST|SOFT BAKE|ALIGN MASK LEVEL 5|EXPOSE LITHO LEVEL 5|DEVELOP PHOTORESIST|METAL PATTERN INSPECTION|HARD BAKE|METAL ETCH DRY|STRIP RESIST|CLEAN AFTER METAL ETCH|MEASURE LINE WIDTH|DEPOSIT PASSIVATION|CURE PASSIVATION|MEASURE PASSIVATION QUALITY|OPEN PAD WINDOW|PAD WINDOW LITHO|DEVELOP PHOTORESIST|PASSIVATION ETCH PAD OPENING|STRIP RESIST|CLEAN PAD OPENING|MEASURE PAD OPENING|BACKSIDE GRIND|MEASURE WAFER THICKNESS|BACKSIDE ETCH CLEAN|BACKSIDE RINSE|BACKSIDE DRY|BACKSIDE METALLIZATION PREP|DEPOSIT BACKSIDE METAL|BACKSIDE ANNEAL|MEASURE BACKSIDE CONTACT|FINAL CLEAN|FINAL THICKNESS MEASURE|FINAL GEOMETRY CHECK|FINAL PARTICLE INSPECTION|ELECTRICAL PARAMETRIC TEST|LEAKAGE TEST|THRESHOLD VOLTAGE TEST|SWITCHING TEST|WAFER SORT TEST|YIELD ANALYSIS|LOT RELEASE|SHIP LOT
valid_0015,OPEN PAD WINDOW|PAD WINDOW LITHO|DEVELOP PAD WINDOW|PASSIVATION ETCH PAD OPENING|STRIP RESIST|CLEAN PAD OPENING|MEASURE PAD OPENING|BACKSIDE GRIND|MEASURE WAFER THICKNESS|BACKSIDE ETCH CLEAN|BACKSIDE RINSE|BACKSIDE DRY|BACKSIDE METALLIZATION PREP|DEPOSIT BACKSIDE METAL|BACKSIDE ANNEAL|MEASURE BACKSIDE CONTACT|FINAL CLEAN|FINAL GEOMETRY CHECK|FINAL PARTICLE INSPECTION|ELECTRICAL PARAMETRIC TEST|LEAKAGE TEST|THRESHOLD VOLTAGE TEST|SWITCHING TEST|WAFER SORT TEST|YIELD ANALYSIS|LOT RELEASE|SHIP LOT
valid_0016,DEPOSIT BARRIER METAL|ANNEAL METAL|MEASURE METAL THICKNESS|SPIN COAT PHOTORESIST|SOFT BAKE|ALIGN MASK LEVEL 4|EXPOSE LITHO LEVEL 4|POST EXPOSE BAKE|DEVELOP PHOTORESIST|VIA OPENING INSPECTION|VIA ETCH THROUGH DIELECTRIC|STRIP RESIST|CLEAN AFTER VIA ETCH|MEASURE VIA CD|DEPOSIT TOP METAL|ANNEAL METAL|SPIN COAT PHOTORESIST|SOFT BAKE|ALIGN MASK LEVEL 5|EXPOSE LITHO LEVEL 5|DEVELOP PHOTORESIST|METAL PATTERN INSPECTION|HARD BAKE|METAL ETCH DRY|STRIP RESIST|CLEAN AFTER METAL ETCH|MEASURE LINE WIDTH|DEPOSIT PASSIVATION|CURE PASSIVATION|MEASURE PASSIVATION QUALITY|OPEN PAD WINDOW|PAD WINDOW LITHO|DEVELOP PHOTORESIST|PASSIVATION ETCH PAD OPENING|STRIP RESIST|CLEAN PAD OPENING|MEASURE PAD OPENING|BACKSIDE GRIND|MEASURE WAFER THICKNESS|BACKSIDE ETCH CLEAN|BACKSIDE RINSE|BACKSIDE DRY|BACKSIDE METALLIZATION PREP|DEPOSIT BACKSIDE METAL|BACKSIDE ANNEAL|MEASURE BACKSIDE CONTACT|FINAL CLEAN|FINAL THICKNESS MEASURE|FINAL GEOMETRY CHECK|FINAL PARTICLE INSPECTION|ELECTRICAL PARAMETRIC TEST|LEAKAGE TEST|THRESHOLD VOLTAGE TEST|SWITCHING TEST|WAFER SORT TEST|YIELD ANALYSIS|LOT RELEASE|SHIP LOT
valid_0017,SPIN COAT PHOTORESIST|SOFT BAKE|ALIGN MASK LEVEL 5|EXPOSE LITHO LEVEL 5|POST EXPOSE BAKE|DEVELOP PHOTORESIST|FIELD PATTERN INSPECTION|FIELD OXIDE ETCH|STRIP RESIST|CLEAN AFTER FIELD ETCH|MEASURE SURFACE UNIFORMITY|DEPOSIT GATE OXIDE OR DIELECTRIC|ANNEAL DIELECTRIC|MEASURE OXIDE QUALITY|SPIN COAT PHOTORESIST|SOFT BAKE|ALIGN MASK LEVEL 6|EXPOSE LITHO LEVEL 6|DEVELOP PHOTORESIST|METAL PATTERN INSPECTION|HARD BAKE|OXIDE ETCH|STRIP RESIST|CLEAN AFTER POLY ETCH|MEASURE GATE CD|DEPOSIT POLYSILICON|ANNEAL METAL|MEASURE POLY THICKNESS|SPIN COAT PHOTORESIST|SOFT BAKE|ALIGN MASK LEVEL 4|EXPOSE LITHO LEVEL 6|DEVELOP PHOTORESIST|POLY PATTERN INSPECTION|POLYSILICON ETCH DRY|STRIP RESIST|CLEAN AFTER POLY ETCH|MEASURE LINE WIDTH|DEPOSIT INTERLAYER DIELECTRIC|DENSIFY OXIDE|MEASURE FILM THICKNESS|CMP DIELECTRIC|MEASURE PLANARITY|SPIN COAT PHOTORESIST|SOFT BAKE|ALIGN MASK LEVEL 4|EXPOSE LITHO LEVEL 6|DEVELOP PHOTORESIST|VIA OPENING INSPECTION|VIA ETCH THROUGH DIELECTRIC|STRIP RESIST|CLEAN AFTER VIA ETCH|DEPOSIT BARRIER METAL|DEPOSIT METAL SEED|FILL VIA METAL|CMP METAL|MEASURE CONTACT RESISTANCE|DEPOSIT TOP METAL|ANNEAL METAL|SPIN COAT PHOTORESIST|SOFT BAKE|ALIGN MASK LEVEL 4|EXPOSE LITHO LEVEL 6|DEVELOP PHOTORESIST|METAL PATTERN INSPECTION|HARD BAKE|METAL ETCH DRY|STRIP RESIST|CLEAN AFTER METAL ETCH|MEASURE LINE WIDTH|DEPOSIT PASSIVATION LAYER|CURE PASSIVATION|MEASURE PASSIVATION QUALITY|OPEN PAD WINDOW|PAD WINDOW LITHO|DEVELOP PHOTORESIST|PASSIVATION ETCH PAD OPENING|STRIP RESIST|CLEAN PAD OPENING|MEASURE PAD OPENING|BACKSIDE GRIND|MEASURE THICKNESS|BACKSIDE RINSE|BACKSIDE DRY|BACKSIDE ANNEAL|MEASURE PASSIVATION QUALITY|FINAL CLEAN|FINAL THICKNESS MEASURE|FINAL GEOMETRY CHECK|FINAL PARTICLE INSPECTION|ELECTRICAL PARAMETRIC TEST|LEAKAGE TEST|THRESHOLD VOLTAGE TEST|SWITCHING TEST|DRY WAFER
valid_0018,BACKSIDE CLEAN|MEASURE BACKSIDE ROUGHNESS|DEPOSIT BARRIER METAL|ANNEAL METAL|MEASURE METAL THICKNESS|SPIN COAT PHOTORESIST|SOFT BAKE|ALIGN MASK LEVEL 4|EXPOSE LITHO LEVEL 4|POST EXPOSE BAKE|DEVELOP PHOTORESIST|METAL PATTERN INSPECTION|METAL ETCH DRY|STRIP RESIST|CLEAN AFTER METAL ETCH|MEASURE LINE WIDTH|DEPOSIT PASSIVATION|CURE PASSIVATION|MEASURE PASSIVATION QUALITY|OPEN PAD WINDOW|PAD WINDOW LITHO|DEVELOP PHOTORESIST|PASSIVATION ETCH PAD OPENING|STRIP RESIST|CLEAN PAD OPENING|MEASURE PAD OPENING|BACKSIDE CLEAN|BACKSIDE GRIND|MEASURE THICKNESS|BACKSIDE ETCH CLEAN|BACKSIDE RINSE|BACKSIDE DRY|BACKSIDE METALLIZATION PREP|DEPOSIT BACKSIDE METAL|BACKSIDE ANNEAL|MEASURE BACKSIDE CONTACT|FINAL CLEAN|FINAL GEOMETRY CHECK|FINAL PARTICLE INSPECTION|ELECTRICAL PARAMETRIC TEST|LEAKAGE TEST|THRESHOLD VOLTAGE TEST|SWITCHING TEST|WAFER SORT TEST|YIELD ANALYSIS|FINAL LOT RELEASE|SHIP LOT
valid_0019,OPEN PAD WINDOW|STRIP PHOTORESIST|CLEAN PAD OPENING|MEASURE PAD OPENING|BACKSIDE GRIND|MEASURE THICKNESS|BACKSIDE ETCH CLEAN|BACKSIDE RINSE|BACKSIDE DRY|BACKSIDE METALLIZATION PREP|DEPOSIT BACKSIDE METAL|BACKSIDE ANNEAL|MEASURE BACKSIDE CONTACT|FINAL CLEAN|FINAL GEOMETRY CHECK|FINAL PARTICLE INSPECTION|ELECTRICAL PARAMETRIC TEST|LEAKAGE TEST|THRESHOLD VOLTAGE TEST|SWITCHING TEST|WAFER SORT TEST|YIELD ANALYSIS|FINAL LOT RELEASE|SHIP LOT
valid_0020,MEASURE VIA CD|DEPOSIT BARRIER METAL|DEPOSIT METAL SEED|FILL VIA METAL|CMP METAL|MEASURE CONTACT RESISTANCE|DEPOSIT TOP METAL|ANNEAL METAL|SPIN COAT PHOTORESIST|SOFT BAKE|ALIGN MASK LEVEL 4|EXPOSE LITHO LEVEL 4|DEVELOP PHOTORESIST|METAL PATTERN INSPECTION|HARD BAKE|METAL ETCH DRY|STRIP RESIST|CLEAN AFTER METAL ETCH|MEASURE LINE WIDTH|DEPOSIT PASSIVATION|CURE PASSIVATION|MEASURE PASSIVATION QUALITY|OPEN PAD WINDOW|PAD WINDOW LITHO|DEVELOP PHOTORESIST|PASSIVATION ETCH PAD OPENING|STRIP RESIST|CLEAN PAD OPENING|MEASURE PAD OPENING|BACKSIDE GRIND|MEASURE THICKNESS|BACKSIDE ETCH CLEAN|BACKSIDE RINSE|BACKSIDE DRY|BACKSIDE METALLIZATION PREP|DEPOSIT BACKSIDE METAL|BACKSIDE ANNEAL|MEASURE BACKSIDE CONTACT|FINAL CLEAN|FINAL THICKNESS MEASURE|FINAL GEOMETRY CHECK|FINAL PARTICLE INSPECTION|ELECTRICAL PARAMETRIC TEST|LEAKAGE TEST|THRESHOLD VOLTAGE TEST|SWITCHING TEST|WAFER SORT TEST|YIELD ANALYSIS|FINAL LOT RELEASE|SHIP LOT
valid_0021,RECEIVE WAFER LOT|LOT IDENTIFICATION|INITIAL WAFER INSPECTION|MEASURE INITIAL THICKNESS|WAFER CLEAN PRE PROCESS|RCA CLEAN 1|RCA CLEAN 2|HF DIP|WAFER CLEAN PRE-GRIND|DRY WAFER|MEASURE THICKNESS|EPITAXIAL WAFER CHECK|MEASURE EPITAXY THICKNESS|MEASURE RESISTIVITY|EPITAXIAL REWORK CHECK|THERMAL OXIDATION|MEASURE OXIDE THICKNESS|SPIN COAT PHOTORESIST|SOFT BAKE|ALIGN MASK LEVEL 1|EXPOSE LITHO LEVEL 1|DEVELOP PHOTORESIST|METAL PATTERN INSPECTION|HARD BAKE|OXIDE ETCH DRY|STRIP RESIST|CLEAN AFTER POLY ETCH|MEASURE OPENING CD|IMPLANT WELL|PRE ANNEAL CHECK|DRIVE IN DIFFUSION|RAPID THERMAL ANNEAL|MEASURE JUNCTION DEPTH|THERMAL OXIDATION|SPIN COAT PHOTORESIST|SOFT BAKE|ALIGN MASK LEVEL 2|EXPOSE LITHO LEVEL 2|DEVELOP PHOTORESIST|VIA INSPECTION|VIA ETCH THROUGH DIELECTRIC|STRIP RESIST|CLEAN AFTER VIA ETCH|MEASURE VIA CD|DEPOSIT BARRIER METAL|DEPOSIT METAL SEED|FILL VIA METAL|CMP VIA FILL|MEASURE CONTACT RESISTANCE|DEPOSIT TOP METAL|ANNEAL METAL|MEASURE METAL THICKNESS|SPIN COAT PHOTORESIST|SOFT BAKE|ALIGN MASK LEVEL 3|EXPOSE LITHO LEVEL 3|DEVELOP PHOTORESIST|METAL PATTERN INSPECTION|METAL ETCH DRY|STRIP RESIST|CLEAN AFTER METAL ETCH|MEASURE LINE WIDTH|DEPOSIT PASSIVATION|CURE PASSIVATION|MEASURE PASSIVATION QUALITY|OPEN PAD WINDOW|PAD WINDOW LITHO|DEVELOP PHOTORESIST|PASSIVATION ETCH PAD OPENING|STRIP RESIST|CLEAN PAD OPENING|MEASURE PAD OPENING|BACKSIDE GRIND|MEASURE THICKNESS|BACKSIDE ETCH CLEAN|BACKSIDE RINSE|BACKSIDE DRY|BACKSIDE METALLIZATION PREP|DEPOSIT BACKSIDE METAL|BACKSIDE ANNEAL|MEASURE BACKSIDE CONTACT|FINAL CLEAN|FINAL THICKNESS MEASURE|FINAL GEOMETRY CHECK|FINAL PARTICLE INSPECTION|ELECTRICAL PARAMETRIC TEST|LEAKAGE TEST|THRESHOLD VOLTAGE TEST|SWITCHING TEST|WAFER SORT TEST|YIELD ANALYSIS|LOT RELEASE|SHIP LOT
valid_0022,MEASURE VIA CD|DEPOSIT BARRIER METAL|DEPOSIT METAL SEED|FILL VIA METAL|CMP VIA FILL|MEASURE CONTACT RESISTANCE|DEPOSIT TOP METAL|ANNEAL METAL|SPIN COAT PHOTORESIST|SOFT BAKE|ALIGN MASK LEVEL 4|EXPOSE LITHO LEVEL 4|POST EXPOSE BAKE|DEVELOP PHOTORESIST|METAL PATTERN INSPECTION|METAL ETCH DRY|STRIP RESIST|CLEAN AFTER METAL ETCH|MEASURE LINE WIDTH|DEPOSIT PASSIVATION|CURE PASSIVATION|MEASURE PASSIVATION QUALITY|OPEN BOND PAD WINDOW|PAD WINDOW LITHO|DEVELOP PHOTORESIST|PASSIVATION ETCH PAD OPENING|STRIP RESIST|CLEAN PAD OPENING|MEASURE PAD OPENING|BACKSIDE GRIND|MEASURE WAFER THICKNESS|BACKSIDE ETCH CLEAN|BACKSIDE RINSE|BACKSIDE DRY|BACKSIDE METALLIZATION PREP|DEPOSIT BACKSIDE METAL|BACKSIDE ANNEAL|MEASURE BACKSIDE CONTACT|FINAL CLEAN|FINAL GEOMETRY CHECK|FINAL CD INSPECTION|ELECTRICAL PARAMETRIC TEST|LEAKAGE TEST|THRESHOLD VOLTAGE TEST|SWITCHING TEST|WAFER SORT TEST|YIELD ANALYSIS|LOT RELEASE|SHIP LOT
valid_0023,OPEN PAD WINDOW|PAD WINDOW LITHO|DEVELOP PAD WINDOW|PASSIVATION ETCH PAD OPENING|STRIP RESIST|CLEAN PAD OPENING|MEASURE PAD OPENING|BACKSIDE GRIND|MEASURE WAFER THICKNESS|BACKSIDE ETCH CLEAN|BACKSIDE RINSE|BACKSIDE DRY|BACKSIDE METALLIZATION PREP|DEPOSIT BACKSIDE METAL|BACKSIDE ANNEAL|MEASURE BACKSIDE CONTACT|FINAL CLEAN|FINAL GEOMETRY CHECK|FINAL PARTICLE INSPECTION|ELECTRICAL PARAMETRIC TEST|LEAKAGE TEST|THRESHOLD VOLTAGE TEST|SWITCHING TEST|WAFER SORT TEST|YIELD ANALYSIS|LOT RELEASE|SHIP LOT
valid_0024,MEASURE VIA CD|DEPOSIT BARRIER METAL|DEPOSIT METAL SEED|FILL VIA METAL|CMP METAL|MEASURE CONTACT RESISTANCE|DEPOSIT TOP METAL|ANNEAL METAL|SPIN COAT PHOTORESIST|SOFT BAKE|ALIGN MASK LEVEL 4|EXPOSE LITHO LEVEL 4|POST EXPOSE BAKE|DEVELOP PHOTORESIST|METAL PATTERN INSPECTION|METAL ETCH DRY|STRIP RESIST|CLEAN AFTER METAL ETCH|MEASURE LINE WIDTH|DEPOSIT PASSIVATION|CURE PASSIVATION|MEASURE PASSIVATION QUALITY|OPEN PAD WINDOW|PAD WINDOW LITHO|DEVELOP PHOTORESIST|PASSIVATION ETCH PAD OPENING|STRIP RESIST|CLEAN PAD OPENING|MEASURE PAD OPENING|BACKSIDE GRIND|MEASURE THICKNESS|BACKSIDE ETCH CLEAN|BACKSIDE RINSE|BACKSIDE DRY|BACKSIDE METALLIZATION PREP|DEPOSIT BACKSIDE METAL|BACKSIDE ANNEAL|MEASURE BACKSIDE CONTACT|FINAL CLEAN|FINAL THICKNESS MEASURE|FINAL GEOMETRY CHECK|FINAL PARTICLE INSPECTION|ELECTRICAL PARAMETRIC TEST|LEAKAGE TEST|THRESHOLD VOLTAGE TEST|SWITCHING TEST|WAFER SORT TEST|YIELD ANALYSIS|FINAL LOT RELEASE|SHIP LOT
valid_0025,OPEN PAD WINDOW|PAD WINDOW LITHO|DEVELOP PAD WINDOW|PASSIVATION ETCH PAD OPENING|STRIP RESIST|CLEAN PAD OPENING|MEASURE PAD OPENING|BACKSIDE GRIND|MEASURE THICKNESS|BACKSIDE ETCH CLEAN|BACKSIDE RINSE|BACKSIDE DRY|BACKSIDE METALLIZATION PREP|DEPOSIT BACKSIDE METAL|BACKSIDE ANNEAL|MEASURE BACKSIDE CONTACT|FINAL CLEAN|FINAL THICKNESS MEASURE|FINAL GEOMETRY CHECK|FINAL PARTICLE INSPECTION|ELECTRICAL PARAMETRIC TEST|LEAKAGE TEST|THRESHOLD VOLTAGE TEST|SWITCHING TEST|WAFER SORT TEST|YIELD ANALYSIS|FINAL LOT RELEASE|SHIP LOT
valid_0026,RECEIVE WAFER LOT|LOT IDENTIFICATION|INITIAL WAFER INSPECTION|MEASURE INITIAL THICKNESS|WAFER CLEAN PRE PROCESS|WET CLEAN RCA1|RCA CLEAN 2|HF DIP|DRY WAFER|WAFER CLEAN PRE-GRIND|DRY WAFER|MEASURE THICKNESS|CMP METAL|MEASURE SURFACE PLANARITY|SUBSTRATE CHECK|EPITAXY PREP|EPITAXIAL DEPOSITION|MEASURE EPITAXY THICKNESS|CMP METAL|MEASURE SURFACE PLANARITY|SPIN COAT PHOTORESIST|SOFT BAKE|ALIGN MASK LEVEL 1|EXPOSE LITHO LEVEL 1|DEVELOP PHOTORESIST|PATTERN INSPECTION LEVEL 1|HARD BAKE|OXIDE ETCH DRY|STRIP RESIST|CLEAN AFTER POLY ETCH|MEASURE LINE WIDTH|IMPLANT WELL|PRE ANNEAL CHECK|RAPID THERMAL ANNEAL|MEASURE JUNCTION DEPTH|DEPOSIT FIELD OXIDE|DENSIFY OXIDE|MEASURE FILM THICKNESS|DEPOSIT FIELD OXIDE|MEASURE SURFACE PLANARITY|SPIN COAT PHOTORESIST|SOFT BAKE|ALIGN MASK LEVEL 2|EXPOSE LITHO LEVEL 2|DEVELOP PHOTORESIST|FIELD PATTERN INSPECTION|FIELD OXIDE ETCH|STRIP RESIST|CLEAN AFTER FIELD ETCH|MEASURE SURFACE UNIFORMITY|IMPLANT SOURCE REGION|IMPLANT DRAIN / CATHODE REGION|PRE ANNEAL CHECK|RAPID THERMAL ANNEAL|MEASURE SHEET RESISTANCE|DEPOSIT GATE OXIDE OR DIELECTRIC|ANNEAL DIELECTRIC|MEASURE OXIDE QUALITY|DEPOSIT POLYSILICON|ANNEAL METAL|MEASURE POLY THICKNESS|SPIN COAT PHOTORESIST|SOFT BAKE|ALIGN MASK LEVEL 3|EXPOSE LITHO LEVEL 3|DEVELOP PHOTORESIST|POLY PATTERN INSPECTION|POLYSILICON ETCH DRY|STRIP RESIST|CLEAN AFTER POLY ETCH|MEASURE GATE CD|IMPLANT CHANNEL STOP|PRE ANNEAL CHECK|RAPID THERMAL ANNEAL|MEASURE DEVICE PARAMETER|DEPOSIT INTERLEVEL DIELECTRIC|DENSIFY DIELECTRIC|MEASURE FILM THICKNESS|CMP DIELECTRIC|MEASURE SURFACE PLANARITY|SPIN COAT PHOTORESIST|SOFT BAKE|ALIGN MASK LEVEL 4|EXPOSE LITHO LEVEL 4|DEVELOP PHOTORESIST|VIA OPENING INSPECTION|VIA ETCH THROUGH DIELECTRIC|STRIP RESIST|CLEAN AFTER VIA ETCH|MEASURE VIA CD|DEPOSIT BARRIER METAL|DEPOSIT METAL SEED|FILL VIA METAL|CMP METAL|MEASURE CONTACT RESISTANCE|DEPOSIT TOP METAL|ANNEAL METAL|SPIN COAT PHOTORESIST|SOFT BAKE|ALIGN MASK LEVEL 5|EXPOSE LITHO LEVEL 5|DEVELOP PHOTORESIST|METAL PATTERN INSPECTION|METAL ETCH DRY|STRIP RESIST|CLEAN AFTER METAL ETCH|MEASURE LINE WIDTH|DEPOSIT PASSIVATION|CURE PASSIVATION|MEASURE PASSIVATION QUALITY|OPEN PAD WINDOW|PAD WINDOW LITHO|DEVELOP PHOTORESIST|PASSIVATION ETCH PAD OPENING|STRIP RESIST|CLEAN PAD OPENING|MEASURE PAD OPENING|BACKSIDE GRIND|MEASURE THICKNESS|BACKSIDE ETCH CLEAN|BACKSIDE RINSE|BACKSIDE DRY|BACKSIDE METALLIZATION PREP|DEPOSIT BACKSIDE METAL|BACKSIDE ANNEAL|MEASURE BACKSIDE CONTACT|FINAL CLEAN|FINAL THICKNESS MEASURE|FINAL GEOMETRY CHECK|FINAL PARTICLE INSPECTION|ELECTRICAL PARAMETRIC TEST|LEAKAGE TEST|THRESHOLD VOLTAGE TEST|SWITCHING TEST|WAFER SORT TEST|YIELD ANALYSIS|LOT RELEASE|SHIP LOT
valid_0027,RECEIVE WAFER LOT|LOT IDENTIFICATION|INITIAL WAFER INSPECTION|MEASURE INITIAL THICKNESS|WAFER CLEAN PRE PROCESS|WET CLEAN RCA1|RCA CLEAN 2|HF DIP|DRY WAFER|WAFER CLEAN PRE-GRIND|DRY WAFER|MEASURE THICKNESS|ETCH SILICON OR OXIDE WINDOW|STRIP RESIST|CLEAN AFTER ETCH|MEASURE OPENING CD|IMPLANT WELL|PRE ANNEAL CHECK|RAPID THERMAL ANNEAL|MEASURE JUNCTION DEPTH|DEPOSIT FIELD OXIDE|DENSIFY OXIDE|MEASURE FILM THICKNESS|DEPOSIT FIELD OXIDE|MEASURE SURFACE PLANARITY|SPIN COAT PHOTORESIST|SOFT BAKE|ALIGN MASK LEVEL 5|EXPOSE LITHO LEVEL 5|DEVELOP PHOTORESIST|FIELD PATTERN INSPECTION|FIELD OXIDE ETCH|STRIP RESIST|CLEAN AFTER FIELD ETCH|MEASURE SURFACE UNIFORMITY|IMPLANT SOURCE REGION|IMPLANT DRAIN / CATHODE REGION|PRE ANNEAL CHECK|RAPID THERMAL ANNEAL|MEASURE SHEET RESISTANCE|DEPOSIT GATE OXIDE OR DIELECTRIC|ANNEAL DIELECTRIC|MEASURE OXIDE QUALITY|DEPOSIT POLYSILICON|ANNEAL METAL|MEASURE POLY THICKNESS|SPIN COAT PHOTORESIST|SOFT BAKE|ALIGN MASK LEVEL 6|EXPOSE LITHO LEVEL 6|DEVELOP PHOTORESIST|POLY PATTERN INSPECTION|POLYSILICON ETCH DRY|STRIP RESIST|CLEAN AFTER POLY ETCH|MEASURE GATE CD|IMPLANT CHANNEL STOP|PRE ANNEAL CHECK|RAPID THERMAL ANNEAL|MEASURE DEVICE PARAMETER|DEPOSIT INTERLEVEL DIELECTRIC|DENSIFY DIELECTRIC|MEASURE FILM THICKNESS|CMP DIELECTRIC|MEASURE SURFACE PLANARITY|SPIN COAT PHOTORESIST|SOFT BAKE|ALIGN MASK LEVEL 4|EXPOSE LITHO LEVEL 6|DEVELOP PHOTORESIST|VIA OPENING INSPECTION|DIELECTRIC ETCH VIA|STRIP RESIST|CLEAN AFTER VIA ETCH|MEASURE VIA CD|DEPOSIT BARRIER METAL|DEPOSIT METAL SEED|FILL VIA METAL|CMP METAL|MEASURE CONTACT RESISTANCE|DEPOSIT TOP METAL|ANNEAL METAL|SPIN COAT PHOTORESIST|SOFT BAKE|ALIGN MASK LEVEL 4|EXPOSE LITHO LEVEL 6|DEVELOP PHOTORESIST|METAL PATTERN INSPECTION|METAL ETCH DRY|STRIP RESIST|CLEAN AFTER METAL ETCH|MEASURE LINE WIDTH|DEPOSIT PASSIVATION|CURE PASSIVATION|MEASURE PASSIVATION THICKNESS|OPEN BOND PAD WINDOW|PAD WINDOW LITHO|DEVELOP PHOTORESIST|PASSIVATION ETCH PAD OPENING|STRIP RESIST|CLEAN PAD OPENING|MEASURE PAD OPENING|BACKSIDE GRIND|MEASURE THICKNESS|BACKSIDE ETCH CLEAN|BACKSIDE RINSE|BACKSIDE DRY|BACKSIDE METALLIZATION PREP|DEPOSIT BACKSIDE METAL|BACKSIDE ANNEAL|MEASURE BACKSIDE CONTACT|FINAL CLEAN|FINAL THICKNESS MEASURE|FINAL GEOMETRY CHECK|FINAL PARTICLE INSPECTION|ELECTRICAL PARAMETRIC TEST|LEAKAGE TEST|THRESHOLD VOLTAGE TEST|SWITCHING TEST|WAFER SORT TEST|YIELD ANALYSIS|LOT RELEASE|SHIP LOT
valid_0028,MEASURE VIA CD|DEPOSIT BARRIER METAL|DEPOSIT METAL SEED|FILL VIA METAL|CMP METAL|MEASURE CONTACT RESISTANCE|DEPOSIT TOP METAL|ANNEAL METAL|SPIN COAT PHOTORESIST|SOFT BAKE|ALIGN MASK LEVEL 4|EXPOSE LITHO LEVEL 4|DEVELOP PHOTORESIST|METAL PATTERN INSPECTION|METAL ETCH DRY|STRIP RESIST|CLEAN AFTER METAL ETCH|MEASURE LINE WIDTH|DEPOSIT PASSIVATION|CURE PASSIVATION|MEASURE PASSIVATION QUALITY|OPEN BOND PAD WINDOW|PAD WINDOW LITHO|DEVELOP PHOTORESIST|PASSIVATION ETCH PAD OPENING|STRIP RESIST|CLEAN PAD OPENING|MEASURE PAD OPENING|BACKSIDE GRIND|MEASURE WAFER THICKNESS|BACKSIDE ETCH CLEAN|BACKSIDE RINSE|BACKSIDE DRY|BACKSIDE METALLIZATION PREP|DEPOSIT BACKSIDE METAL|BACKSIDE ANNEAL|MEASURE BACKSIDE CONTACT|FINAL CLEAN|FINAL THICKNESS MEASURE|FINAL GEOMETRY CHECK|FINAL PARTICLE INSPECTION|ELECTRICAL PARAMETRIC TEST|LEAKAGE TEST|THRESHOLD VOLTAGE TEST|SWITCHING TEST|WAFER SORT TEST|YIELD ANALYSIS|LOT RELEASE|SHIP LOT
valid_0029,OPEN PAD WINDOW|PASSIVATION ETCH PAD OPENING|STRIP RESIST|CLEAN PAD OPENING|MEASURE PAD OPENING|BACKSIDE GRIND|MEASURE WAFER THICKNESS|BACKSIDE ETCH CLEAN|BACKSIDE RINSE|BACKSIDE DRY|BACKSIDE METALLIZATION PREP|DEPOSIT BACKSIDE METAL|BACKSIDE ANNEAL|MEASURE BACKSIDE CONTACT|FINAL CLEAN|FINAL THICKNESS MEASURE|FINAL GEOMETRY CHECK|FINAL PARTICLE INSPECTION|ELECTRICAL PARAMETRIC TEST|LEAKAGE TEST|THRESHOLD VOLTAGE TEST|SWITCHING TEST|WAFER SORT TEST|YIELD ANALYSIS|LOT RELEASE|SHIP LOT
valid_0030,MEASURE VIA CD|DEPOSIT BARRIER METAL|ANNEAL METAL|MEASURE METAL THICKNESS|SPIN COAT PHOTORESIST|SOFT BAKE|ALIGN MASK LEVEL 4|EXPOSE LITHO LEVEL 4|DEVELOP PHOTORESIST|METAL PATTERN INSPECTION|HARD BAKE|METAL ETCH DRY|STRIP RESIST|CLEAN AFTER METAL ETCH|MEASURE LINE WIDTH|DEPOSIT PASSIVATION|CURE PASSIVATION|MEASURE PASSIVATION QUALITY|OPEN BOND PAD WINDOW|PAD WINDOW LITHO|DEVELOP PHOTORESIST|PASSIVATION ETCH PAD OPENING|STRIP RESIST|CLEAN PAD OPENING|MEASURE PAD OPENING|BACKSIDE GRIND|MEASURE WAFER THICKNESS|BACKSIDE ETCH CLEAN|BACKSIDE RINSE|BACKSIDE DRY|BACKSIDE METALLIZATION PREP|DEPOSIT BACKSIDE METAL|BACKSIDE ANNEAL|MEASURE BACKSIDE CONTACT|FINAL CLEAN|FINAL THICKNESS MEASURE|FINAL GEOMETRY CHECK|FINAL CD INSPECTION|FINAL PARTICLE INSPECTION|ELECTRICAL PARAMETRIC TEST|LEAKAGE TEST|THRESHOLD VOLTAGE TEST|SWITCHING TEST|WAFER SORT TEST|YIELD ANALYSIS|LOT RELEASE|SHIP LOT
valid_0031,OPEN PAD WINDOW|DEVELOP PHOTORESIST|PASSIVATION ETCH PAD OPENING|STRIP RESIST|CLEAN PAD OPENING|MEASURE PAD OPENING|BACKSIDE GRIND|MEASURE WAFER THICKNESS|BACKSIDE ETCH CLEAN|BACKSIDE RINSE|BACKSIDE DRY|BACKSIDE METALLIZATION PREP|DEPOSIT BACKSIDE METAL|BACKSIDE ANNEAL|MEASURE BACKSIDE CONTACT|FINAL CLEAN|FINAL THICKNESS MEASURE|FINAL GEOMETRY CHECK|FINAL CD INSPECTION|FINAL PARTICLE INSPECTION|ELECTRICAL PARAMETRIC TEST|LEAKAGE TEST|THRESHOLD VOLTAGE TEST|SWITCHING TEST|WAFER SORT TEST|YIELD ANALYSIS|LOT RELEASE|SHIP LOT
valid_0032,MEASURE VIA CD|DEPOSIT BARRIER METAL|ANNEAL METAL|MEASURE METAL THICKNESS|SPIN COAT PHOTORESIST|SOFT BAKE|ALIGN MASK LEVEL 4|EXPOSE LITHO LEVEL 4|POST EXPOSE BAKE|DEVELOP PHOTORESIST|METAL PATTERN INSPECTION|HARD BAKE|METAL ETCH DRY|STRIP RESIST|CLEAN AFTER METAL ETCH|MEASURE LINE WIDTH|DEPOSIT PASSIVATION|CURE PASSIVATION|MEASURE PASSIVATION QUALITY|OPEN BOND PAD WINDOW|PAD WINDOW LITHO|DEVELOP PHOTORESIST|PASSIVATION ETCH PAD OPENING|STRIP RESIST|CLEAN PAD OPENING|MEASURE PAD OPENING|BACKSIDE GRIND|MEASURE WAFER THICKNESS|BACKSIDE ETCH CLEAN|BACKSIDE RINSE|BACKSIDE DRY|BACKSIDE METALLIZATION PREP|DEPOSIT BACKSIDE METAL|BACKSIDE ANNEAL|MEASURE BACKSIDE CONTACT|FINAL CLEAN|FINAL THICKNESS MEASURE|FINAL GEOMETRY CHECK|FINAL PARTICLE INSPECTION|ELECTRICAL PARAMETRIC TEST|LEAKAGE TEST|THRESHOLD VOLTAGE TEST|SWITCHING TEST|WAFER SORT TEST|YIELD ANALYSIS|LOT RELEASE|SHIP LOT
valid_0033,OPEN PAD WINDOW|DEVELOP PHOTORESIST|PASSIVATION ETCH PAD OPENING|STRIP RESIST|CLEAN PAD OPENING|MEASURE PAD OPENING|BACKSIDE GRIND|MEASURE WAFER THICKNESS|BACKSIDE ETCH CLEAN|BACKSIDE RINSE|BACKSIDE DRY|BACKSIDE METALLIZATION PREP|DEPOSIT BACKSIDE METAL|BACKSIDE ANNEAL|MEASURE BACKSIDE CONTACT|FINAL CLEAN|FINAL THICKNESS MEASURE|FINAL GEOMETRY CHECK|FINAL PARTICLE INSPECTION|ELECTRICAL PARAMETRIC TEST|LEAKAGE TEST|THRESHOLD VOLTAGE TEST|SWITCHING TEST|WAFER SORT TEST|YIELD ANALYSIS|LOT RELEASE|SHIP LOT
valid_0034,DEPOSIT BARRIER METAL|ANNEAL METAL|MEASURE METAL THICKNESS|SPIN COAT PHOTORESIST|SOFT BAKE|ALIGN MASK LEVEL 4|EXPOSE LITHO LEVEL 4|DEVELOP PHOTORESIST|METAL PATTERN INSPECTION|HARD BAKE|METAL ETCH DRY|STRIP RESIST|CLEAN AFTER METAL ETCH|MEASURE LINE WIDTH|DEPOSIT PASSIVATION|CURE PASSIVATION|MEASURE PASSIVATION QUALITY|OPEN PAD WINDOW|PAD WINDOW LITHO|DEVELOP PHOTORESIST|PASSIVATION ETCH PAD OPENING|STRIP RESIST|CLEAN PAD OPENING|MEASURE PAD OPENING|BACKSIDE GRIND|MEASURE THICKNESS|BACKSIDE ETCH CLEAN|BACKSIDE RINSE|BACKSIDE DRY|BACKSIDE METALLIZATION PREP|DEPOSIT BACKSIDE METAL|BACKSIDE ANNEAL|MEASURE BACKSIDE CONTACT|FINAL CLEAN|FINAL GEOMETRY CHECK|FINAL PARTICLE INSPECTION|ELECTRICAL PARAMETRIC TEST|LEAKAGE TEST|THRESHOLD VOLTAGE TEST|SWITCHING TEST|WAFER SORT TEST|YIELD ANALYSIS|FINAL LOT RELEASE|SHIP LOT
valid_0035,RECEIVE WAFER LOT|LOT IDENTIFICATION|PRE CLEAN INSPECTION|MEASURE INITIAL GEOMETRY|MEASURE SURFACE PARTICLES|WAFER CLEAN PRE PROCESS|FRONTSIDE CLEAN|WET CLEAN RCA1|WET CLEAN RCA2|HF DIP|BACKSIDE GRIND|MEASURE THICKNESS|BACKSIDE ETCH CLEAN|BACKSIDE RINSE|BACKSIDE DRY|BACKSIDE METALLIZATION PREP|DEPOSIT BACKSIDE METAL|BACKSIDE ANNEAL|MEASURE BACKSIDE CONTACT|FINAL CLEAN|FINAL GEOMETRY CHECK|FINAL PARTICLE INSPECTION|ELECTRICAL PARAMETRIC TEST|LEAKAGE TEST|THRESHOLD VOLTAGE TEST|SWITCHING TEST|WAFER SORT TEST|YIELD ANALYSIS|FINAL LOT RELEASE|SHIP LOT
valid_0036,DEPOSIT BARRIER METAL|ANNEAL METAL|MEASURE METAL THICKNESS|SPIN COAT PHOTORESIST|SOFT BAKE|ALIGN MASK LEVEL 4|EXPOSE LITHO LEVEL 4|POST EXPOSE BAKE|DEVELOP PHOTORESIST|METAL PATTERN INSPECTION|METAL ETCH DRY|STRIP RESIST|CLEAN AFTER METAL ETCH|MEASURE LINE WIDTH|DEPOSIT PASSIVATION|CURE PASSIVATION|MEASURE PASSIVATION QUALITY|OPEN BOND PAD WINDOW|PAD WINDOW LITHO|DEVELOP PHOTORESIST|PASSIVATION ETCH PAD OPENING|STRIP RESIST|CLEAN PAD OPENING|MEASURE PAD OPENING|BACKSIDE GRIND|MEASURE WAFER THICKNESS|BACKSIDE ETCH CLEAN|BACKSIDE RINSE|BACKSIDE DRY|BACKSIDE METALLIZATION PREP|DEPOSIT BACKSIDE METAL|BACKSIDE ANNEAL|MEASURE BACKSIDE CONTACT|FINAL CLEAN|FINAL GEOMETRY CHECK|FINAL PARTICLE INSPECTION|ELECTRICAL PARAMETRIC TEST|LEAKAGE TEST|THRESHOLD VOLTAGE TEST|SWITCHING TEST|WAFER SORT TEST|YIELD ANALYSIS|LOT RELEASE|SHIP LOT
valid_0037,OPEN PAD WINDOW|DEVELOP PAD WINDOW|PASSIVATION ETCH PAD OPENING|STRIP RESIST|CLEAN PAD OPENING|MEASURE PAD OPENING|BACKSIDE GRIND|MEASURE THICKNESS|BACKSIDE ETCH CLEAN|BACKSIDE RINSE|BACKSIDE DRY|BACKSIDE METALLIZATION PREP|DEPOSIT BACKSIDE METAL|BACKSIDE ANNEAL|MEASURE BACKSIDE CONTACT|FINAL CLEAN|FINAL GEOMETRY CHECK|FINAL PARTICLE INSPECTION|ELECTRICAL PARAMETRIC TEST|LEAKAGE TEST|THRESHOLD VOLTAGE TEST|SWITCHING TEST|WAFER SORT TEST|YIELD ANALYSIS|FINAL LOT RELEASE|SHIP LOT
valid_0038,MEASURE VIA CD|DEPOSIT BARRIER METAL|DEPOSIT METAL SEED|FILL VIA METAL|CMP METAL|MEASURE CONTACT RESISTANCE|DEPOSIT TOP METAL|ANNEAL METAL|SPIN COAT PHOTORESIST|SOFT BAKE|ALIGN MASK LEVEL 4|EXPOSE LITHO LEVEL 4|DEVELOP PHOTORESIST|METAL PATTERN INSPECTION|HARD BAKE|METAL ETCH DRY|STRIP RESIST|CLEAN AFTER METAL ETCH|MEASURE LINE WIDTH|DEPOSIT PASSIVATION|CURE PASSIVATION|MEASURE PASSIVATION QUALITY|OPEN PAD WINDOW|PAD WINDOW LITHO|DEVELOP PHOTORESIST|PASSIVATION ETCH PAD OPENING|STRIP RESIST|CLEAN PAD OPENING|MEASURE PAD OPENING|BACKSIDE GRIND|MEASURE WAFER THICKNESS|BACKSIDE ETCH CLEAN|BACKSIDE RINSE|BACKSIDE DRY|BACKSIDE METALLIZATION PREP|DEPOSIT BACKSIDE METAL|BACKSIDE ANNEAL|MEASURE BACKSIDE CONTACT|FINAL CLEAN|FINAL GEOMETRY CHECK|FINAL PARTICLE INSPECTION|ELECTRICAL PARAMETRIC TEST|LEAKAGE TEST|THRESHOLD VOLTAGE TEST|SWITCHING TEST|WAFER SORT TEST|YIELD ANALYSIS|LOT RELEASE|SHIP LOT
valid_0039,RECEIVE WAFER LOT|LOT IDENTIFICATION|INITIAL WAFER INSPECTION|MEASURE INITIAL GEOMETRY|MEASURE SURFACE PARTICLES|WAFER CLEAN PRE PROCESS|WET CLEAN RCA1|WET CLEAN RCA2|HF DIP|DRY WAFER|EPITAXIAL WAFER CHECK|MEASURE EPITAXY THICKNESS|MEASURE RESISTIVITY|EPITAXIAL REWORK CHECK|DEPOSIT FIELD OXIDE|DENSIFY OXIDE|MEASURE FILM THICKNESS|SPIN COAT PHOTORESIST|SOFT BAKE|ALIGN MASK LEVEL 1|EXPOSE LITHO LEVEL 1|DEVELOP PHOTORESIST|FIELD PATTERN INSPECTION|FIELD OXIDE ETCH|STRIP RESIST|CLEAN AFTER FIELD ETCH|MEASURE SURFACE UNIFORMITY|DEPOSIT GATE OXIDE OR DIELECTRIC|ANNEAL DIELECTRIC|MEASURE OXIDE QUALITY|DEPOSIT POLYSILICON|ANNEAL METAL|MEASURE POLY THICKNESS|SPIN COAT PHOTORESIST|SOFT BAKE|ALIGN MASK LEVEL 2|EXPOSE LITHO LEVEL 2|DEVELOP PHOTORESIST|POLY PATTERN INSPECTION|POLYSILICON ETCH DRY|STRIP RESIST|CLEAN AFTER POLY ETCH|MEASURE GATE CD|IMPLANT SOURCE DRAIN|LIGHT ANNEAL|MEASURE SHEET RESISTANCE|DEPOSIT SPACER DIELECTRIC|CMP DIELECTRIC|MEASURE SPACER WIDTH|OPEN BOND PAD WINDOW|PAD WINDOW LITHO|DEVELOP PAD WINDOW|HARD BAKE|PASSIVATION ETCH PAD OPENING|STRIP RESIST|CLEAN PAD OPENING|MEASURE PAD OPENING|DEPOSIT INTERLAYER DIELECTRIC|DENSIFY DIELECTRIC|MEASURE DIELECTRIC THICKNESS|CMP DIELECTRIC|MEASURE PLANARITY|SPIN COAT PHOTORESIST|SOFT BAKE|ALIGN MASK LEVEL 3|EXPOSE LITHO LEVEL 3|DEVELOP PHOTORESIST|VIA OPENING INSPECTION|VIA ETCH THROUGH DIELECTRIC|STRIP RESIST|CLEAN AFTER VIA ETCH|MEASURE VIA CD|DEPOSIT BARRIER METAL|DEPOSIT METAL SEED|FILL VIA METAL|CMP VIA FILL|MEASURE CONTACT RESISTANCE|DEPOSIT TOP METAL|ANNEAL METAL|MEASURE METAL THICKNESS|SPIN COAT PHOTORESIST|SOFT BAKE|ALIGN MASK LEVEL 4|EXPOSE LITHO LEVEL 4|DEVELOP PHOTORESIST|METAL PATTERN INSPECTION|HARD BAKE|METAL ETCH DRY|STRIP RESIST|CLEAN AFTER METAL ETCH|MEASURE LINE WIDTH|DEPOSIT PASSIVATION|CURE PASSIVATION|MEASURE PASSIVATION QUALITY|OPEN BOND PAD WINDOW|PAD WINDOW LITHO|DEVELOP PAD WINDOW|PASSIVATION ETCH PAD OPENING|STRIP RESIST|CLEAN PAD OPENING|MEASURE PAD OPENING|BACKSIDE GRIND|MEASURE WAFER THICKNESS|BACKSIDE ETCH CLEAN|BACKSIDE RINSE|BACKSIDE DRY|BACKSIDE METALLIZATION PREP|DEPOSIT BACKSIDE METAL|BACKSIDE ANNEAL|MEASURE BACKSIDE CONTACT|FINAL CLEAN|FINAL GEOMETRY CHECK|FINAL PARTICLE INSPECTION|ELECTRICAL PARAMETRIC TEST|LEAKAGE TEST|THRESHOLD VOLTAGE TEST|SWITCHING TEST|WAFER SORT TEST|YIELD ANALYSIS|LOT RELEASE|SHIP LOT
valid_0040,MEASURE VIA RESISTANCE|DEPOSIT BARRIER METAL|ANNEAL METAL|MEASURE METAL THICKNESS|SPIN COAT PHOTORESIST|SOFT BAKE|ALIGN MASK LEVEL 4|EXPOSE LITHO LEVEL 4|DEVELOP PHOTORESIST|METAL PATTERN INSPECTION|HARD BAKE|METAL ETCH DRY|STRIP RESIST|CLEAN AFTER METAL ETCH|MEASURE LINE WIDTH|DEPOSIT PASSIVATION|CURE PASSIVATION|MEASURE PASSIVATION QUALITY|OPEN BOND PAD WINDOW|PAD WINDOW LITHO|DEVELOP PHOTORESIST|PASSIVATION ETCH PAD OPENING|STRIP RESIST|CLEAN PAD OPENING|MEASURE PAD OPENING|BACKSIDE GRIND|MEASURE WAFER THICKNESS|BACKSIDE ETCH CLEAN|BACKSIDE RINSE|BACKSIDE DRY|BACKSIDE METALLIZATION PREP|DEPOSIT BACKSIDE METAL|BACKSIDE ANNEAL|MEASURE BACKSIDE CONTACT|FINAL CLEAN|FINAL GEOMETRY CHECK|FINAL PARTICLE INSPECTION|ELECTRICAL PARAMETRIC TEST|LEAKAGE TEST|THRESHOLD VOLTAGE TEST|SWITCHING TEST|WAFER SORT TEST|YIELD ANALYSIS|LOT RELEASE|SHIP LOT
valid_0041,OPEN PAD WINDOW|DEVELOP PHOTORESIST|PASSIVATION ETCH PAD OPENING|STRIP RESIST|CLEAN PAD OPENING|MEASURE PAD OPENING|BACKSIDE GRIND|MEASURE WAFER THICKNESS|BACKSIDE ETCH CLEAN|BACKSIDE RINSE|BACKSIDE DRY|BACKSIDE METALLIZATION PREP|DEPOSIT BACKSIDE METAL|BACKSIDE ANNEAL|MEASURE BACKSIDE CONTACT|FINAL CLEAN|FINAL GEOMETRY CHECK|FINAL PARTICLE INSPECTION|ELECTRICAL PARAMETRIC TEST|LEAKAGE TEST|THRESHOLD VOLTAGE TEST|SWITCHING TEST|WAFER SORT TEST|YIELD ANALYSIS|LOT RELEASE|SHIP LOT
valid_0042,MEASURE VIA CD|DEPOSIT BARRIER METAL|DEPOSIT METAL SEED|FILL VIA METAL|CMP METAL|MEASURE CONTACT RESISTANCE|DEPOSIT TOP METAL|ANNEAL METAL|SPIN COAT PHOTORESIST|SOFT BAKE|ALIGN MASK LEVEL 4|EXPOSE LITHO LEVEL 4|POST EXPOSE BAKE|DEVELOP PHOTORESIST|METAL PATTERN INSPECTION|METAL ETCH DRY|STRIP RESIST|CLEAN AFTER METAL ETCH|MEASURE LINE WIDTH|DEPOSIT PASSIVATION|CURE PASSIVATION|MEASURE PASSIVATION QUALITY|OPEN PAD WINDOW|PAD WINDOW LITHO|DEVELOP PAD WINDOW|PASSIVATION ETCH PAD OPENING|STRIP RESIST|CLEAN PAD OPENING|MEASURE PAD OPENING|BACKSIDE GRIND|MEASURE WAFER THICKNESS|BACKSIDE ETCH CLEAN|BACKSIDE RINSE|BACKSIDE DRY|BACKSIDE METALLIZATION PREP|DEPOSIT BACKSIDE METAL|BACKSIDE ANNEAL|MEASURE BACKSIDE CONTACT|FINAL CLEAN|FINAL THICKNESS MEASURE|FINAL GEOMETRY CHECK|FINAL PARTICLE INSPECTION|ELECTRICAL PARAMETRIC TEST|LEAKAGE TEST|THRESHOLD VOLTAGE TEST|SWITCHING TEST|WAFER SORT TEST|YIELD ANALYSIS|LOT RELEASE|SHIP LOT
valid_0043,RECEIVE WAFER LOT|LOT IDENTIFICATION|PRE CLEAN INSPECTION|MEASURE INITIAL THICKNESS|MEASURE SURFACE PARTICLES|WAFER CLEAN PRE PROCESS|WET CLEAN RCA1|WET CLEAN RCA2|HF DIP|DRY WAFER|EPITAXIAL WAFER CHECK|MEASURE EPITAXY THICKNESS|MEASURE RESISTIVITY|EPITAXIAL REWORK CHECK|DEPOSIT FIELD OXIDE|DENSIFY OXIDE|MEASURE FILM THICKNESS|SPIN COAT PHOTORESIST|SOFT BAKE|ALIGN MASK LEVEL 1|EXPOSE LITHO LEVEL 1|POST EXPOSE BAKE|DEVELOP PHOTORESIST|FIELD PATTERN INSPECTION|FIELD OXIDE ETCH|STRIP RESIST|CLEAN AFTER FIELD ETCH|MEASURE SURFACE UNIFORMITY|DEPOSIT GATE OXIDE OR DIELECTRIC|ANNEAL DIELECTRIC|MEASURE OXIDE QUALITY|DEPOSIT POLYSILICON|ANNEAL METAL|MEASURE POLY THICKNESS|SPIN COAT PHOTORESIST|SOFT BAKE|ALIGN MASK LEVEL 2|EXPOSE LITHO LEVEL 2|DEVELOP PHOTORESIST|POLY PATTERN INSPECTION|POLYSILICON ETCH DRY|STRIP RESIST|CLEAN AFTER POLY ETCH|MEASURE GATE CD|IMPLANT SOURCE DRAIN|LIGHT ANNEAL|MEASURE SHEET RESISTANCE|DEPOSIT SPACER DIELECTRIC|CMP DIELECTRIC|MEASURE SPACER WIDTH|OPEN PAD WINDOW|PAD WINDOW LITHO|DEVELOP PHOTORESIST|EPITAXY PREP|PASSIVATION ETCH|MEASURE PASSIVATION THICKNESS|PAD WINDOW LITHO|STRIP RESIST|CLEAN PAD OPENING|MEASURE PAD OPENING|DEPOSIT INTERLAYER DIELECTRIC|DENSIFY OXIDE|MEASURE DIELECTRIC THICKNESS|CMP DIELECTRIC|MEASURE PLANARITY|SPIN COAT PHOTORESIST|SOFT BAKE|ALIGN MASK LEVEL 3|EXPOSE LITHO LEVEL 3|DEVELOP PHOTORESIST|VIA INSPECTION|VIA ETCH THROUGH DIELECTRIC|STRIP RESIST|CLEAN AFTER VIA ETCH|MEASURE VIA CD|DEPOSIT BARRIER METAL|DEPOSIT METAL SEED|FILL VIA METAL|CMP METAL|DEPOSIT TOP METAL|ANNEAL METAL|MEASURE METAL THICKNESS|SPIN COAT PHOTORESIST|SOFT BAKE|ALIGN MASK LEVEL 4|EXPOSE LITHO LEVEL 4|DEVELOP PHOTORESIST|METAL PATTERN INSPECTION|METAL ETCH DRY|STRIP RESIST|CLEAN AFTER METAL ETCH|MEASURE LINE WIDTH|DEPOSIT PASSIVATION LAYER|CURE PASSIVATION|MEASURE PASSIVATION THICKNESS|OPEN BOND PAD WINDOW|PAD WINDOW LITHO|DEVELOP PHOTORESIST|PASSIVATION ETCH PAD OPENING|STRIP RESIST|CLEAN PAD OPENING|MEASURE PAD OPENING|BACKSIDE GRIND|MEASURE WAFER THICKNESS|BACKSIDE ETCH CLEAN|BACKSIDE RINSE|BACKSIDE DRY|BACKSIDE METALLIZATION PREP|DEPOSIT BACKSIDE METAL|BACKSIDE ANNEAL|MEASURE BACKSIDE CONTACT|FINAL CLEAN|FINAL THICKNESS MEASURE|FINAL GEOMETRY CHECK|FINAL PARTICLE INSPECTION|ELECTRICAL PARAMETRIC TEST|LEAKAGE TEST|THRESHOLD VOLTAGE TEST|SWITCHING TEST|WAFER SORT TEST|YIELD ANALYSIS|LOT RELEASE|SHIP LOT
valid_0044,MEASURE VIA CD|DEPOSIT BARRIER METAL|DEPOSIT METAL SEED|FILL VIA METAL|CMP METAL|MEASURE CONTACT RESISTANCE|DEPOSIT TOP METAL|ANNEAL METAL|SPIN COAT PHOTORESIST|SOFT BAKE|ALIGN MASK LEVEL 4|EXPOSE LITHO LEVEL 4|DEVELOP PHOTORESIST|METAL PATTERN INSPECTION|HARD BAKE|METAL ETCH DRY|STRIP RESIST|CLEAN AFTER METAL ETCH|MEASURE LINE WIDTH|DEPOSIT PASSIVATION|CURE PASSIVATION|MEASURE PASSIVATION QUALITY|OPEN PAD WINDOW|PAD WINDOW LITHO|DEVELOP PHOTORESIST|PASSIVATION ETCH PAD OPENING|STRIP RESIST|CLEAN PAD OPENING|MEASURE PAD OPENING|BACKSIDE GRIND|MEASURE WAFER THICKNESS|BACKSIDE ETCH CLEAN|BACKSIDE RINSE|BACKSIDE DRY|BACKSIDE METALLIZATION PREP|DEPOSIT BACKSIDE METAL|BACKSIDE ANNEAL|MEASURE BACKSIDE CONTACT|FINAL CLEAN|FINAL THICKNESS MEASURE|FINAL GEOMETRY CHECK|FINAL CD INSPECTION|FINAL PARTICLE INSPECTION|ELECTRICAL PARAMETRIC TEST|LEAKAGE TEST|THRESHOLD VOLTAGE TEST|SWITCHING TEST|WAFER SORT TEST|YIELD ANALYSIS|LOT RELEASE|SHIP LOT
valid_0045,OPEN PAD WINDOW|PAD WINDOW LITHO|DEVELOP PAD WINDOW|PASSIVATION ETCH PAD OPENING|STRIP RESIST|CLEAN PAD OPENING|MEASURE PAD OPENING|BACKSIDE GRIND|MEASURE WAFER THICKNESS|BACKSIDE ETCH CLEAN|BACKSIDE RINSE|BACKSIDE DRY|BACKSIDE METALLIZATION PREP|DEPOSIT BACKSIDE METAL|BACKSIDE ANNEAL|MEASURE BACKSIDE CONTACT|FINAL CLEAN|FINAL THICKNESS MEASURE|FINAL GEOMETRY CHECK|FINAL PARTICLE INSPECTION|ELECTRICAL PARAMETRIC TEST|LEAKAGE TEST|THRESHOLD VOLTAGE TEST|SWITCHING TEST|WAFER SORT TEST|YIELD ANALYSIS|LOT RELEASE|SHIP LOT
valid_0046,DEPOSIT BARRIER METAL|ANNEAL METAL|MEASURE METAL THICKNESS|SPIN COAT PHOTORESIST|SOFT BAKE|ALIGN MASK LEVEL 4|EXPOSE LITHO LEVEL 4|DEVELOP PHOTORESIST|METAL PATTERN INSPECTION|HARD BAKE|METAL ETCH DRY|STRIP RESIST|CLEAN AFTER METAL ETCH|MEASURE LINE WIDTH|DEPOSIT PASSIVATION|CURE PASSIVATION|MEASURE PASSIVATION QUALITY|OPEN BOND PAD WINDOW|PAD WINDOW LITHO|DEVELOP PHOTORESIST|PASSIVATION ETCH PAD OPENING|STRIP RESIST|CLEAN PAD OPENING|MEASURE PAD OPENING|BACKSIDE GRIND|MEASURE WAFER THICKNESS|BACKSIDE ETCH CLEAN|BACKSIDE RINSE|BACKSIDE DRY|BACKSIDE METALLIZATION PREP|DEPOSIT BACKSIDE METAL|BACKSIDE ANNEAL|MEASURE BACKSIDE CONTACT|FINAL CLEAN|FINAL GEOMETRY CHECK|FINAL PARTICLE INSPECTION|ELECTRICAL PARAMETRIC TEST|LEAKAGE TEST|THRESHOLD VOLTAGE TEST|SWITCHING TEST|WAFER SORT TEST|YIELD ANALYSIS|LOT RELEASE|SHIP LOT
valid_0047,OPEN PAD WINDOW|PASSIVATION ETCH PAD OPENING|STRIP RESIST|CLEAN PAD OPENING|MEASURE PAD OPENING|BACKSIDE GRIND|MEASURE WAFER THICKNESS|BACKSIDE ETCH CLEAN|BACKSIDE RINSE|BACKSIDE DRY|BACKSIDE METALLIZATION PREP|DEPOSIT BACKSIDE METAL|BACKSIDE ANNEAL|MEASURE BACKSIDE CONTACT|FINAL CLEAN|FINAL GEOMETRY CHECK|FINAL PARTICLE INSPECTION|ELECTRICAL PARAMETRIC TEST|LEAKAGE TEST|THRESHOLD VOLTAGE TEST|SWITCHING TEST|WAFER SORT TEST|YIELD ANALYSIS|LOT RELEASE|SHIP LOT
valid_0048,MEASURE VIA CD|DEPOSIT BARRIER METAL|DEPOSIT METAL SEED|FILL VIA METAL|CMP METAL|MEASURE CONTACT RESISTANCE|DEPOSIT TOP METAL|ANNEAL METAL|SPIN COAT PHOTORESIST|SOFT BAKE|ALIGN MASK LEVEL 4|EXPOSE LITHO LEVEL 4|DEVELOP PHOTORESIST|METAL PATTERN INSPECTION|METAL ETCH DRY|STRIP RESIST|CLEAN AFTER METAL ETCH|MEASURE LINE WIDTH|DEPOSIT PASSIVATION|CURE PASSIVATION|MEASURE PASSIVATION QUALITY|OPEN PAD WINDOW|PAD WINDOW LITHO|DEVELOP PHOTORESIST|PASSIVATION ETCH PAD OPENING|STRIP RESIST|CLEAN PAD OPENING|MEASURE PAD OPENING|BACKSIDE GRIND|MEASURE WAFER THICKNESS|BACKSIDE ETCH CLEAN|BACKSIDE RINSE|BACKSIDE DRY|BACKSIDE METALLIZATION PREP|DEPOSIT BACKSIDE METAL|BACKSIDE ANNEAL|MEASURE BACKSIDE CONTACT|FINAL CLEAN|FINAL GEOMETRY CHECK|FINAL PARTICLE INSPECTION|ELECTRICAL PARAMETRIC TEST|LEAKAGE TEST|THRESHOLD VOLTAGE TEST|SWITCHING TEST|WAFER SORT TEST|YIELD ANALYSIS|LOT RELEASE|SHIP LOT
valid_0049,OPEN PAD WINDOW|PAD WINDOW LITHO|DEVELOP PAD WINDOW|PASSIVATION ETCH PAD OPENING|STRIP RESIST|CLEAN PAD OPENING|MEASURE PAD OPENING|BACKSIDE GRIND|MEASURE WAFER THICKNESS|BACKSIDE ETCH CLEAN|BACKSIDE RINSE|BACKSIDE DRY|BACKSIDE METALLIZATION PREP|DEPOSIT BACKSIDE METAL|BACKSIDE ANNEAL|MEASURE BACKSIDE CONTACT|FINAL CLEAN|FINAL GEOMETRY CHECK|FINAL PARTICLE INSPECTION|ELECTRICAL PARAMETRIC TEST|LEAKAGE TEST|THRESHOLD VOLTAGE TEST|SWITCHING TEST|WAFER SORT TEST|YIELD ANALYSIS|LOT RELEASE|SHIP LOT
valid_0050,MEASURE VIA RESISTANCE|DEPOSIT BARRIER METAL|ANNEAL METAL|MEASURE METAL THICKNESS|SPIN COAT PHOTORESIST|SOFT BAKE|ALIGN MASK LEVEL 4|EXPOSE LITHO LEVEL 4|DEVELOP PHOTORESIST|METAL PATTERN INSPECTION|HARD BAKE|METAL ETCH DRY|STRIP RESIST|CLEAN AFTER METAL ETCH|MEASURE LINE WIDTH|DEPOSIT PASSIVATION|CURE PASSIVATION|MEASURE PASSIVATION QUALITY|OPEN PAD WINDOW|PAD WINDOW LITHO|DEVELOP PHOTORESIST|PASSIVATION ETCH PAD OPENING|STRIP RESIST|CLEAN PAD OPENING|MEASURE PAD OPENING|BACKSIDE GRIND|MEASURE WAFER THICKNESS|BACKSIDE ETCH CLEAN|BACKSIDE RINSE|BACKSIDE DRY|BACKSIDE METALLIZATION PREP|DEPOSIT BACKSIDE METAL|BACKSIDE ANNEAL|MEASURE BACKSIDE CONTACT|FINAL CLEAN|FINAL GEOMETRY CHECK|FINAL PARTICLE INSPECTION|ELECTRICAL PARAMETRIC TEST|LEAKAGE TEST|THRESHOLD VOLTAGE TEST|SWITCHING TEST|WAFER SORT TEST|YIELD ANALYSIS|LOT RELEASE|SHIP LOT
valid_0051,RECEIVE WAFER LOT|LOT IDENTIFICATION|INITIAL WAFER INSPECTION|MEASURE INITIAL GEOMETRY|WAFER CLEAN PRE PROCESS|BACKSIDE CLEAN|FRONTSIDE CLEAN|WET CLEAN RCA1|WET CLEAN RCA2|HF DIP|DRY WAFER|WAFER CLEAN PRE-GRIND|DRY WAFER|MEASURE THICKNESS|ETCH SILICON OR OXIDE WINDOW|LEAKAGE TEST|DRY WAFER BACKSIDE|BACKSIDE CLEAN|MEASURE PASSIVATION QUALITY|THERMAL OXIDATION|MEASURE OXIDE THICKNESS|SPIN COAT PHOTORESIST|SOFT BAKE|ALIGN MASK LEVEL 1|EXPOSE LITHO LEVEL 1|DEVELOP PHOTORESIST|METAL PATTERN INSPECTION|HARD BAKE|OXIDE ETCH DRY|STRIP RESIST|CLEAN AFTER POLY ETCH|MEASURE OPENING CD|DEPOSIT FIELD OXIDE|DENSIFY OXIDE|MEASURE FILM THICKNESS|DEPOSIT FIELD OXIDE|MEASURE SURFACE PLANARITY|SPIN COAT PHOTORESIST|SOFT BAKE|ALIGN MASK LEVEL 2|EXPOSE LITHO LEVEL 2|DEVELOP PHOTORESIST|FIELD PATTERN INSPECTION|FIELD OXIDE ETCH|STRIP RESIST|CLEAN AFTER FIELD ETCH|MEASURE SURFACE UNIFORMITY|DEPOSIT GATE OXIDE OR DIELECTRIC|ANNEAL DIELECTRIC|MEASURE OXIDE QUALITY|DEPOSIT POLYSILICON|ANNEAL METAL|MEASURE POLY THICKNESS|SPIN COAT PHOTORESIST|SOFT BAKE|ALIGN MASK LEVEL 3|EXPOSE LITHO LEVEL 3|DEVELOP PHOTORESIST|POLY PATTERN INSPECTION|POLYSILICON ETCH DRY|STRIP RESIST|CLEAN AFTER POLY ETCH|MEASURE GATE CD|DEPOSIT INTERLAYER DIELECTRIC|DENSIFY OXIDE|MEASURE DIELECTRIC THICKNESS|CMP DIELECTRIC|MEASURE SURFACE PLANARITY|SPIN COAT PHOTORESIST|SOFT BAKE|ALIGN MASK LEVEL 4|EXPOSE LITHO LEVEL 4|DEVELOP PHOTORESIST|VIA INSPECTION|VIA ETCH THROUGH DIELECTRIC|STRIP RESIST|CLEAN AFTER VIA ETCH|MEASURE VIA CD|DEPOSIT BARRIER METAL|DEPOSIT METAL SEED|FILL VIA METAL|CMP METAL|MEASURE CONTACT RESISTANCE|DEPOSIT TOP METAL|ANNEAL METAL|MEASURE METAL THICKNESS|SPIN COAT PHOTORESIST|SOFT BAKE|ALIGN MASK LEVEL 5|EXPOSE LITHO LEVEL 5|DEVELOP PHOTORESIST|METAL PATTERN INSPECTION|HARD BAKE|METAL ETCH DRY|STRIP RESIST|CLEAN AFTER METAL ETCH|MEASURE LINE WIDTH|DEPOSIT PASSIVATION|CURE PASSIVATION|MEASURE PASSIVATION THICKNESS|OPEN PAD WINDOW|PAD WINDOW LITHO|DEVELOP PHOTORESIST|PASSIVATION ETCH PAD OPENING|STRIP RESIST|CLEAN PAD OPENING|MEASURE PAD OPENING|BACKSIDE GRIND|MEASURE THICKNESS|BACKSIDE ETCH CLEAN|BACKSIDE RINSE|BACKSIDE DRY|BACKSIDE METALLIZATION PREP|DEPOSIT BACKSIDE METAL|BACKSIDE ANNEAL|MEASURE BACKSIDE CONTACT|FINAL CLEAN|FINAL GEOMETRY CHECK|FINAL PARTICLE INSPECTION|ELECTRICAL PARAMETRIC TEST|LEAKAGE TEST|THRESHOLD VOLTAGE TEST|SWITCHING TEST|WAFER SORT TEST|YIELD ANALYSIS|LOT RELEASE|SHIP LOT
valid_0052,RECEIVE WAFER LOT|LOT IDENTIFICATION|INITIAL WAFER INSPECTION|MEASURE INITIAL THICKNESS|MEASURE SURFACE PARTICLES|WAFER CLEAN PRE PROCESS|BACKSIDE CLEAN|WET CLEAN RCA1|WET CLEAN RCA2|HF DIP|DRY WAFER|WAFER CLEAN PRE-GRIND|MEASURE WAFER THICKNESS|MEASURE THICKNESS|ELECTRICAL PARAMETRIC TEST|LEAKAGE TEST|THRESHOLD VOLTAGE TEST|SWITCHING TEST|WAFER SORT TEST|YIELD ANALYSIS|BACKSIDE CLEAN|BACKSIDE GRIND|MEASURE BACKSIDE ROUGHNESS|BACKSIDE ETCH CLEAN|BACKSIDE RINSE|BACKSIDE DRY|BACKSIDE METALLIZATION PREP|DEPOSIT BACKSIDE METAL|BACKSIDE ANNEAL|MEASURE BACKSIDE CONTACT|FRONTSIDE CLEAN|FRONTSIDE CLEAN|MEASURE THICKNESS|FRONTSIDE CLEAN|BACKSIDE CLEAN|BACKSIDE CLEAN|BACKSIDE RINSE|BACKSIDE DRY|BACKSIDE ANNEAL|MEASURE BACKSIDE CONTACT|EPITAXY PREP|PASSIVATION ETCH|MEASURE PASSIVATION QUALITY|OPEN PAD WINDOW|PAD WINDOW LITHO|DEVELOP PHOTORESIST|PASSIVATION ETCH PAD OPENING|STRIP RESIST|CLEAN PAD OPENING|MEASURE PAD OPENING|BACKSIDE CLEAN|BACKSIDE GRIND|MEASURE BACKSIDE ROUGHNESS|BACKSIDE ETCH CLEAN|BACKSIDE RINSE|BACKSIDE DRY|BACKSIDE ANNEAL|MEASURE BACKSIDE CONTACT|FINAL CLEAN|FINAL THICKNESS MEASURE|FINAL GEOMETRY CHECK|FINAL CD INSPECTION|FINAL PARTICLE INSPECTION|ELECTRICAL PARAMETRIC TEST|LEAKAGE TEST|THRESHOLD VOLTAGE TEST|SWITCHING TEST|YIELD ANALYSIS|FINAL LOT RELEASE|SHIP LOT
valid_0053,OPEN PAD WINDOW|PAD WINDOW LITHO|DEVELOP PAD WINDOW|PASSIVATION ETCH PAD OPENING|STRIP RESIST|CLEAN PAD OPENING|MEASURE PAD OPENING|BACKSIDE GRIND|MEASURE WAFER THICKNESS|BACKSIDE ETCH CLEAN|BACKSIDE RINSE|BACKSIDE DRY|BACKSIDE METALLIZATION PREP|DEPOSIT BACKSIDE METAL|BACKSIDE ANNEAL|MEASURE BACKSIDE CONTACT|FINAL CLEAN|FINAL THICKNESS MEASURE|FINAL GEOMETRY CHECK|FINAL CD INSPECTION|FINAL PARTICLE INSPECTION|ELECTRICAL PARAMETRIC TEST|LEAKAGE TEST|THRESHOLD VOLTAGE TEST|SWITCHING TEST|WAFER SORT TEST|YIELD ANALYSIS|LOT RELEASE|SHIP LOT
valid_0054,DEPOSIT METAL SEED|FILL VIA METAL|CMP METAL|MEASURE CONTACT RESISTANCE|DEPOSIT TOP METAL|ANNEAL METAL|SPIN COAT PHOTORESIST|SOFT BAKE|ALIGN MASK LEVEL 4|EXPOSE LITHO LEVEL 4|DEVELOP PHOTORESIST|METAL PATTERN INSPECTION|HARD BAKE|METAL ETCH DRY|STRIP RESIST|CLEAN AFTER METAL ETCH|MEASURE LINE WIDTH|DEPOSIT PASSIVATION|CURE PASSIVATION|MEASURE PASSIVATION QUALITY|OPEN PAD WINDOW|PAD WINDOW LITHO|DEVELOP PHOTORESIST|PASSIVATION ETCH PAD OPENING|STRIP RESIST|CLEAN PAD OPENING|MEASURE PAD OPENING|BACKSIDE GRIND|MEASURE THICKNESS|BACKSIDE ETCH CLEAN|BACKSIDE RINSE|BACKSIDE DRY|BACKSIDE METALLIZATION PREP|DEPOSIT BACKSIDE METAL|BACKSIDE ANNEAL|MEASURE BACKSIDE CONTACT|FINAL CLEAN|FINAL THICKNESS MEASURE|FINAL GEOMETRY CHECK|FINAL PARTICLE INSPECTION|ELECTRICAL PARAMETRIC TEST|LEAKAGE TEST|THRESHOLD VOLTAGE TEST|SWITCHING TEST|WAFER SORT TEST|YIELD ANALYSIS|FINAL LOT RELEASE|SHIP LOT
valid_0055,OPEN PAD WINDOW|STRIP RESIST|CLEAN PAD OPENING|MEASURE PAD OPENING|BACKSIDE GRIND|MEASURE THICKNESS|BACKSIDE ETCH CLEAN|BACKSIDE RINSE|BACKSIDE DRY|BACKSIDE METALLIZATION PREP|DEPOSIT BACKSIDE METAL|BACKSIDE ANNEAL|MEASURE BACKSIDE CONTACT|FINAL CLEAN|FINAL GEOMETRY CHECK|FINAL PARTICLE INSPECTION|ELECTRICAL PARAMETRIC TEST|LEAKAGE TEST|THRESHOLD VOLTAGE TEST|SWITCHING TEST|WAFER SORT TEST|YIELD ANALYSIS|FINAL LOT RELEASE|SHIP LOT
valid_0056,MEASURE VIA CD|DEPOSIT BARRIER METAL|DEPOSIT METAL SEED|FILL VIA METAL|CMP METAL|MEASURE CONTACT RESISTANCE|DEPOSIT TOP METAL|ANNEAL METAL|SPIN COAT PHOTORESIST|SOFT BAKE|ALIGN MASK LEVEL 4|EXPOSE LITHO LEVEL 4|DEVELOP PHOTORESIST|METAL PATTERN INSPECTION|HARD BAKE|METAL ETCH DRY|STRIP RESIST|CLEAN AFTER METAL ETCH|MEASURE LINE WIDTH|DEPOSIT PASSIVATION|CURE PASSIVATION|MEASURE PASSIVATION QUALITY|OPEN PAD WINDOW|PAD WINDOW LITHO|DEVELOP PHOTORESIST|PASSIVATION ETCH PAD OPENING|STRIP RESIST|CLEAN PAD OPENING|MEASURE PAD OPENING|BACKSIDE GRIND|MEASURE WAFER THICKNESS|BACKSIDE ETCH CLEAN|BACKSIDE RINSE|BACKSIDE DRY|BACKSIDE METALLIZATION PREP|DEPOSIT BACKSIDE METAL|BACKSIDE ANNEAL|MEASURE BACKSIDE CONTACT|FINAL CLEAN|FINAL THICKNESS MEASURE|FINAL GEOMETRY CHECK|FINAL PARTICLE INSPECTION|ELECTRICAL PARAMETRIC TEST|LEAKAGE TEST|THRESHOLD VOLTAGE TEST|SWITCHING TEST|WAFER SORT TEST|YIELD ANALYSIS|LOT RELEASE|SHIP LOT
valid_0057,BACKSIDE CLEAN|MEASURE BACKSIDE ROUGHNESS|BACKSIDE GRIND|MEASURE THICKNESS|BACKSIDE ETCH CLEAN|BACKSIDE RINSE|BACKSIDE DRY|BACKSIDE METALLIZATION PREP|DEPOSIT BACKSIDE METAL|BACKSIDE ANNEAL|MEASURE BACKSIDE CONTACT|FINAL CLEAN|FINAL GEOMETRY CHECK|FINAL PARTICLE INSPECTION|ELECTRICAL PARAMETRIC TEST|LEAKAGE TEST|THRESHOLD VOLTAGE TEST|SWITCHING TEST|WAFER SORT TEST|YIELD ANALYSIS|FINAL LOT RELEASE|SHIP LOT
valid_0058,MEASURE VIA CD|DEPOSIT BARRIER METAL|DEPOSIT METAL SEED|FILL VIA METAL|CMP METAL|MEASURE CONTACT RESISTANCE|DEPOSIT TOP METAL|ANNEAL METAL|SPIN COAT PHOTORESIST|SOFT BAKE|ALIGN MASK LEVEL 4|EXPOSE LITHO LEVEL 4|DEVELOP PHOTORESIST|METAL PATTERN INSPECTION|HARD BAKE|METAL ETCH DRY|STRIP RESIST|CLEAN AFTER METAL ETCH|MEASURE LINE WIDTH|DEPOSIT PASSIVATION|CURE PASSIVATION|MEASURE PASSIVATION QUALITY|OPEN PAD WINDOW|PAD WINDOW LITHO|DEVELOP PHOTORESIST|PASSIVATION ETCH PAD OPENING|STRIP RESIST|CLEAN PAD OPENING|MEASURE PAD OPENING|BACKSIDE GRIND|MEASURE WAFER THICKNESS|BACKSIDE ETCH CLEAN|BACKSIDE RINSE|BACKSIDE DRY|BACKSIDE METALLIZATION PREP|DEPOSIT BACKSIDE METAL|BACKSIDE ANNEAL|MEASURE BACKSIDE CONTACT|FINAL CLEAN|FINAL GEOMETRY CHECK|FINAL CD INSPECTION|ELECTRICAL PARAMETRIC TEST|LEAKAGE TEST|THRESHOLD VOLTAGE TEST|SWITCHING TEST|WAFER SORT TEST|YIELD ANALYSIS|LOT RELEASE|SHIP LOT
valid_0059,RECEIVE WAFER LOT|LOT IDENTIFICATION|INITIAL WAFER INSPECTION|MEASURE INITIAL GEOMETRY|MEASURE SURFACE PARTICLES|WAFER CLEAN PRE PROCESS|BACKSIDE CLEAN|RCA CLEAN 1|RCA CLEAN 2|HF DIP|DRY WAFER|WAFER CLEAN PRE-GRIND|DRY WAFER|MEASURE THICKNESS|ETCH SILICON OR OXIDE WINDOW|LEAKAGE TEST|DRY WAFER BACKSIDE|BACKSIDE CLEAN|MEASURE PASSIVATION QUALITY|THERMAL OXIDATION|MEASURE OXIDE THICKNESS|SPIN COAT PHOTORESIST|SOFT BAKE|ALIGN MASK LEVEL 1|EXPOSE LITHO LEVEL 1|DEVELOP PHOTORESIST|METAL PATTERN INSPECTION|HARD BAKE|OXIDE ETCH DRY|STRIP RESIST|CLEAN AFTER POLY ETCH|MEASURE GATE CD|DEPOSIT POLYSILICON|ANNEAL METAL|MEASURE POLY THICKNESS|SPIN COAT PHOTORESIST|SOFT BAKE|ALIGN MASK LEVEL 2|EXPOSE LITHO LEVEL 2|DEVELOP PHOTORESIST|POLY PATTERN INSPECTION|HARD BAKE|POLYSILICON ETCH DRY|STRIP RESIST|CLEAN AFTER POLY ETCH|MEASURE LINE WIDTH|IMPLANT SOURCE REGION|PRE ANNEAL CHECK|DRIVE IN DIFFUSION|RAPID THERMAL ANNEAL|MEASURE SHEET RESISTANCE|IMPLANT DRAIN / CATHODE REGION|ANNEAL DIELECTRIC|MEASURE PASSIVATION QUALITY|SPIN COAT PHOTORESIST|SOFT BAKE|ALIGN MASK LEVEL 3|EXPOSE LITHO LEVEL 3|DEVELOP PHOTORESIST|VIA OPENING INSPECTION|HARD BAKE|VIA ETCH THROUGH DIELECTRIC|STRIP RESIST|CLEAN AFTER VIA ETCH|DEPOSIT BARRIER METAL|DEPOSIT METAL SEED|FILL VIA METAL|CMP VIA FILL|MEASURE CONTACT RESISTANCE|DEPOSIT TOP METAL|ANNEAL METAL|SPIN COAT PHOTORESIST|SOFT BAKE|ALIGN MASK LEVEL 4|EXPOSE LITHO LEVEL 4|DEVELOP PHOTORESIST|METAL PATTERN INSPECTION|HARD BAKE|METAL ETCH DRY|STRIP RESIST|CLEAN AFTER METAL ETCH|MEASURE LINE WIDTH|DEPOSIT PASSIVATION|CURE PASSIVATION|MEASURE PASSIVATION THICKNESS|OPEN PAD WINDOW|PAD WINDOW LITHO|DEVELOP PHOTORESIST|PASSIVATION ETCH PAD OPENING|STRIP RESIST|CLEAN PAD OPENING|MEASURE PAD OPENING|BACKSIDE GRIND|MEASURE THICKNESS|BACKSIDE ETCH CLEAN|BACKSIDE RINSE|BACKSIDE DRY|BACKSIDE METALLIZATION PREP|DEPOSIT BACKSIDE METAL|BACKSIDE ANNEAL|MEASURE BACKSIDE CONTACT|FINAL CLEAN|FINAL GEOMETRY CHECK|FINAL PARTICLE INSPECTION|ELECTRICAL PARAMETRIC TEST|LEAKAGE TEST|THRESHOLD VOLTAGE TEST|SWITCHING TEST|WAFER SORT TEST|YIELD ANALYSIS|LOT RELEASE|SHIP LOT
valid_0060,MEASURE VIA CD|DEPOSIT BARRIER METAL|DEPOSIT METAL SEED|FILL VIA METAL|CMP METAL|MEASURE CONTACT RESISTANCE|DEPOSIT TOP METAL|ANNEAL METAL|SPIN COAT PHOTORESIST|SOFT BAKE|ALIGN MASK LEVEL 4|EXPOSE LITHO LEVEL 4|DEVELOP PHOTORESIST|METAL PATTERN INSPECTION|HARD BAKE|METAL ETCH DRY|STRIP RESIST|CLEAN AFTER METAL ETCH|MEASURE LINE WIDTH|DEPOSIT PASSIVATION|CURE PASSIVATION|MEASURE PASSIVATION QUALITY|OPEN PAD WINDOW|PAD WINDOW LITHO|DEVELOP PHOTORESIST|PASSIVATION ETCH PAD OPENING|STRIP RESIST|CLEAN PAD OPENING|MEASURE PAD OPENING|BACKSIDE GRIND|MEASURE WAFER THICKNESS|BACKSIDE ETCH CLEAN|BACKSIDE RINSE|BACKSIDE DRY|BACKSIDE METALLIZATION PREP|DEPOSIT BACKSIDE METAL|BACKSIDE ANNEAL|MEASURE BACKSIDE CONTACT|FINAL CLEAN|FINAL GEOMETRY CHECK|FINAL CD INSPECTION|FINAL PARTICLE INSPECTION|ELECTRICAL PARAMETRIC TEST|LEAKAGE TEST|THRESHOLD VOLTAGE TEST|SWITCHING TEST|WAFER SORT TEST|YIELD ANALYSIS|LOT RELEASE|SHIP LOT
valid_0061,OPEN PAD WINDOW|PAD WINDOW LITHO|DEVELOP PHOTORESIST|PASSIVATION ETCH PAD OPENING|STRIP RESIST|CLEAN PAD OPENING|MEASURE PAD OPENING|BACKSIDE GRIND|MEASURE WAFER THICKNESS|BACKSIDE ETCH CLEAN|BACKSIDE RINSE|BACKSIDE DRY|BACKSIDE METALLIZATION PREP|DEPOSIT BACKSIDE METAL|BACKSIDE ANNEAL|MEASURE BACKSIDE CONTACT|FINAL CLEAN|FINAL GEOMETRY CHECK|FINAL PARTICLE INSPECTION|ELECTRICAL PARAMETRIC TEST|LEAKAGE TEST|THRESHOLD VOLTAGE TEST|SWITCHING TEST|WAFER SORT TEST|YIELD ANALYSIS|LOT RELEASE|SHIP LOT
valid_0062,DEPOSIT BARRIER METAL|ANNEAL METAL|MEASURE METAL THICKNESS|SPIN COAT PHOTORESIST|SOFT BAKE|ALIGN MASK LEVEL 4|EXPOSE LITHO LEVEL 4|DEVELOP PHOTORESIST|METAL PATTERN INSPECTION|HARD BAKE|METAL ETCH DRY|STRIP RESIST|CLEAN AFTER METAL ETCH|MEASURE LINE WIDTH|DEPOSIT PASSIVATION|CURE PASSIVATION|MEASURE PASSIVATION QUALITY|OPEN PAD WINDOW|PAD WINDOW LITHO|DEVELOP PHOTORESIST|PASSIVATION ETCH PAD OPENING|STRIP RESIST|CLEAN PAD OPENING|MEASURE PAD OPENING|BACKSIDE GRIND|MEASURE WAFER THICKNESS|BACKSIDE ETCH CLEAN|BACKSIDE RINSE|BACKSIDE DRY|BACKSIDE METALLIZATION PREP|DEPOSIT BACKSIDE METAL|BACKSIDE ANNEAL|MEASURE BACKSIDE CONTACT|FINAL CLEAN|FINAL THICKNESS MEASURE|FINAL GEOMETRY CHECK|FINAL PARTICLE INSPECTION|ELECTRICAL PARAMETRIC TEST|LEAKAGE TEST|THRESHOLD VOLTAGE TEST|SWITCHING TEST|WAFER SORT TEST|YIELD ANALYSIS|LOT RELEASE|SHIP LOT
valid_0063,OPEN PAD WINDOW|PAD WINDOW LITHO|DEVELOP PAD WINDOW|PASSIVATION ETCH PAD OPENING|STRIP RESIST|CLEAN PAD OPENING|MEASURE PAD OPENING|BACKSIDE GRIND|MEASURE WAFER THICKNESS|BACKSIDE ETCH CLEAN|BACKSIDE RINSE|BACKSIDE DRY|BACKSIDE METALLIZATION PREP|DEPOSIT BACKSIDE METAL|BACKSIDE ANNEAL|MEASURE BACKSIDE CONTACT|FINAL CLEAN|FINAL GEOMETRY CHECK|FINAL PARTICLE INSPECTION|ELECTRICAL PARAMETRIC TEST|LEAKAGE TEST|THRESHOLD VOLTAGE TEST|SWITCHING TEST|WAFER SORT TEST|YIELD ANALYSIS|LOT RELEASE|SHIP LOT
valid_0064,MEASURE VIA CD|DEPOSIT BARRIER METAL|DEPOSIT METAL SEED|FILL VIA METAL|CMP METAL|MEASURE CONTACT RESISTANCE|DEPOSIT TOP METAL|ANNEAL METAL|SPIN COAT PHOTORESIST|SOFT BAKE|ALIGN MASK LEVEL 4|EXPOSE LITHO LEVEL 4|DEVELOP PHOTORESIST|METAL PATTERN INSPECTION|HARD BAKE|METAL ETCH DRY|STRIP RESIST|CLEAN AFTER METAL ETCH|MEASURE LINE WIDTH|DEPOSIT PASSIVATION|CURE PASSIVATION|MEASURE PASSIVATION QUALITY|OPEN BOND PAD WINDOW|PAD WINDOW LITHO|DEVELOP PHOTORESIST|PASSIVATION ETCH PAD OPENING|STRIP RESIST|CLEAN PAD OPENING|MEASURE PAD OPENING|BACKSIDE GRIND|MEASURE WAFER THICKNESS|BACKSIDE ETCH CLEAN|BACKSIDE RINSE|BACKSIDE DRY|BACKSIDE METALLIZATION PREP|DEPOSIT BACKSIDE METAL|BACKSIDE ANNEAL|MEASURE BACKSIDE CONTACT|FINAL CLEAN|FINAL GEOMETRY CHECK|FINAL CD INSPECTION|ELECTRICAL PARAMETRIC TEST|LEAKAGE TEST|THRESHOLD VOLTAGE TEST|SWITCHING TEST|WAFER SORT TEST|YIELD ANALYSIS|FINAL LOT RELEASE|SHIP LOT
valid_0065,OPEN PAD WINDOW|DEVELOP PAD WINDOW|PASSIVATION ETCH PAD OPENING|STRIP RESIST|CLEAN PAD OPENING|MEASURE PAD OPENING|BACKSIDE GRIND|MEASURE WAFER THICKNESS|BACKSIDE ETCH CLEAN|BACKSIDE RINSE|BACKSIDE DRY|BACKSIDE METALLIZATION PREP|DEPOSIT BACKSIDE METAL|BACKSIDE ANNEAL|MEASURE BACKSIDE CONTACT|FINAL CLEAN|FINAL GEOMETRY CHECK|FINAL PARTICLE INSPECTION|ELECTRICAL PARAMETRIC TEST|LEAKAGE TEST|THRESHOLD VOLTAGE TEST|SWITCHING TEST|WAFER SORT TEST|YIELD ANALYSIS|LOT RELEASE|SHIP LOT
valid_0066,MEASURE VIA CD|DEPOSIT BARRIER METAL|DEPOSIT METAL SEED|FILL VIA METAL|CMP METAL|MEASURE CONTACT RESISTANCE|DEPOSIT TOP METAL|ANNEAL METAL|SPIN COAT PHOTORESIST|SOFT BAKE|ALIGN MASK LEVEL 4|EXPOSE LITHO LEVEL 4|DEVELOP PHOTORESIST|METAL PATTERN INSPECTION|METAL ETCH DRY|STRIP RESIST|CLEAN AFTER METAL ETCH|MEASURE LINE WIDTH|DEPOSIT PASSIVATION|CURE PASSIVATION|MEASURE PASSIVATION QUALITY|OPEN PAD WINDOW|PAD WINDOW LITHO|DEVELOP PHOTORESIST|PASSIVATION ETCH PAD OPENING|STRIP RESIST|CLEAN PAD OPENING|MEASURE PAD OPENING|BACKSIDE GRIND|MEASURE THICKNESS|BACKSIDE ETCH CLEAN|BACKSIDE RINSE|BACKSIDE DRY|BACKSIDE METALLIZATION PREP|DEPOSIT BACKSIDE METAL|BACKSIDE ANNEAL|MEASURE BACKSIDE CONTACT|FINAL CLEAN|FINAL THICKNESS MEASURE|FINAL GEOMETRY CHECK|FINAL PARTICLE INSPECTION|ELECTRICAL PARAMETRIC TEST|LEAKAGE TEST|THRESHOLD VOLTAGE TEST|SWITCHING TEST|WAFER SORT TEST|YIELD ANALYSIS|FINAL LOT RELEASE|SHIP LOT
valid_0067,OPEN PAD WINDOW|DEVELOP PHOTORESIST|PASSIVATION ETCH PAD OPENING|STRIP RESIST|CLEAN PAD OPENING|MEASURE PAD OPENING|BACKSIDE GRIND|MEASURE THICKNESS|BACKSIDE ETCH CLEAN|BACKSIDE RINSE|BACKSIDE DRY|BACKSIDE METALLIZATION PREP|DEPOSIT BACKSIDE METAL|BACKSIDE ANNEAL|MEASURE BACKSIDE CONTACT|FINAL CLEAN|FINAL THICKNESS MEASURE|FINAL GEOMETRY CHECK|FINAL PARTICLE INSPECTION|ELECTRICAL PARAMETRIC TEST|LEAKAGE TEST|THRESHOLD VOLTAGE TEST|SWITCHING TEST|WAFER SORT TEST|YIELD ANALYSIS|FINAL LOT RELEASE|SHIP LOT
valid_0068,MEASURE VIA CD|DEPOSIT BARRIER METAL|DEPOSIT METAL SEED|FILL VIA METAL|CMP METAL|MEASURE CONTACT RESISTANCE|DEPOSIT TOP METAL|ANNEAL METAL|SPIN COAT PHOTORESIST|SOFT BAKE|ALIGN MASK LEVEL 4|EXPOSE LITHO LEVEL 4|POST EXPOSE BAKE|DEVELOP PHOTORESIST|METAL PATTERN INSPECTION|METAL ETCH DRY|STRIP RESIST|CLEAN AFTER METAL ETCH|MEASURE LINE WIDTH|DEPOSIT PASSIVATION|CURE PASSIVATION|MEASURE PASSIVATION QUALITY|OPEN BOND PAD WINDOW|PAD WINDOW LITHO|DEVELOP PHOTORESIST|PASSIVATION ETCH PAD OPENING|STRIP RESIST|CLEAN PAD OPENING|MEASURE PAD OPENING|BACKSIDE GRIND|MEASURE WAFER THICKNESS|BACKSIDE ETCH CLEAN|BACKSIDE RINSE|BACKSIDE DRY|BACKSIDE METALLIZATION PREP|DEPOSIT BACKSIDE METAL|BACKSIDE ANNEAL|MEASURE BACKSIDE CONTACT|FINAL CLEAN|FINAL THICKNESS MEASURE|FINAL GEOMETRY CHECK|FINAL CD INSPECTION|FINAL PARTICLE INSPECTION|ELECTRICAL PARAMETRIC TEST|LEAKAGE TEST|THRESHOLD VOLTAGE TEST|SWITCHING TEST|WAFER SORT TEST|YIELD ANALYSIS|LOT RELEASE|SHIP LOT
valid_0069,RECEIVE WAFER LOT|LOT IDENTIFICATION|PRE CLEAN INSPECTION|MEASURE INITIAL THICKNESS|MEASURE SURFACE PARTICLES|WAFER CLEAN PRE PROCESS|BACKSIDE CLEAN|WET CLEAN RCA1|RCA CLEAN 2|HF DIP|DRY WAFER|WAFER CLEAN PRE-GRIND|DRY WAFER|MEASURE THICKNESS|ETCH SILICON OR OXIDE WINDOW|LEAKAGE TEST|DRY WAFER BACKSIDE|BACKSIDE CLEAN|MEASURE PASSIVATION QUALITY|THERMAL OXIDATION|MEASURE OXIDE THICKNESS|WET CLEAN RCA1|WET CLEAN RCA2|HF DIP|OXIDE STRIP|FRONTSIDE CLEAN|MEASURE SURFACE UNIFORMITY|DEPOSIT POLYSILICON|ANNEAL METAL|MEASURE POLY THICKNESS|SPIN COAT PHOTORESIST|SOFT BAKE|ALIGN MASK LEVEL 1|EXPOSE LITHO LEVEL 1|POST EXPOSE BAKE|DEVELOP PHOTORESIST|POLY PATTERN INSPECTION|HARD BAKE|POLYSILICON ETCH DRY|STRIP RESIST|CLEAN AFTER POLY ETCH|MEASURE GATE CD|DEPOSIT INTERLAYER DIELECTRIC|DENSIFY OXIDE|MEASURE FILM THICKNESS|CMP DIELECTRIC|MEASURE PLANARITY|SPIN COAT PHOTORESIST|SOFT BAKE|ALIGN MASK LEVEL 2|EXPOSE LITHO LEVEL 2|DEVELOP PHOTORESIST|VIA OPENING INSPECTION|VIA ETCH THROUGH DIELECTRIC|STRIP RESIST|CLEAN AFTER VIA ETCH|MEASURE VIA CD|DEPOSIT BARRIER METAL|DEPOSIT METAL SEED|FILL VIA METAL|CMP METAL|MEASURE CONTACT RESISTANCE|DEPOSIT TOP METAL|ANNEAL METAL|MEASURE METAL THICKNESS|SPIN COAT PHOTORESIST|SOFT BAKE|ALIGN MASK LEVEL 3|EXPOSE LITHO LEVEL 3|DEVELOP PHOTORESIST|METAL PATTERN INSPECTION|HARD BAKE|METAL ETCH DRY|STRIP RESIST|CLEAN AFTER METAL ETCH|MEASURE LINE WIDTH|DEPOSIT PASSIVATION LAYER|CURE PASSIVATION|MEASURE PASSIVATION QUALITY|OPEN PAD WINDOW|PAD WINDOW LITHO|DEVELOP PHOTORESIST|PASSIVATION ETCH PAD OPENING|STRIP RESIST|CLEAN PAD OPENING|MEASURE PAD OPENING|BACKSIDE GRIND|MEASURE THICKNESS|BACKSIDE ETCH CLEAN|BACKSIDE RINSE|BACKSIDE DRY|BACKSIDE METALLIZATION PREP|DEPOSIT BACKSIDE METAL|BACKSIDE ANNEAL|MEASURE BACKSIDE CONTACT|FINAL CLEAN|FINAL THICKNESS MEASURE|FINAL GEOMETRY CHECK|FINAL PARTICLE INSPECTION|ELECTRICAL PARAMETRIC TEST|LEAKAGE TEST|THRESHOLD VOLTAGE TEST|SWITCHING TEST|WAFER SORT TEST|YIELD ANALYSIS|LOT RELEASE|SHIP LOT
valid_0070,MEASURE VIA CD|DEPOSIT BARRIER METAL|DEPOSIT METAL SEED|FILL VIA METAL|CMP METAL|MEASURE CONTACT RESISTANCE|DEPOSIT TOP METAL|ANNEAL METAL|SPIN COAT PHOTORESIST|SOFT BAKE|ALIGN MASK LEVEL 4|EXPOSE LITHO LEVEL 4|POST EXPOSE BAKE|DEVELOP PHOTORESIST|METAL PATTERN INSPECTION|METAL ETCH DRY|STRIP RESIST|CLEAN AFTER METAL ETCH|MEASURE LINE WIDTH|DEPOSIT PASSIVATION|CURE PASSIVATION|MEASURE PASSIVATION QUALITY|OPEN BOND PAD WINDOW|PAD WINDOW LITHO|DEVELOP PHOTORESIST|PASSIVATION ETCH PAD OPENING|STRIP RESIST|CLEAN PAD OPENING|MEASURE PAD OPENING|BACKSIDE GRIND|MEASURE WAFER THICKNESS|BACKSIDE ETCH CLEAN|BACKSIDE RINSE|BACKSIDE DRY|BACKSIDE METALLIZATION PREP|DEPOSIT BACKSIDE METAL|BACKSIDE ANNEAL|MEASURE BACKSIDE CONTACT|FINAL CLEAN|FINAL GEOMETRY CHECK|FINAL PARTICLE INSPECTION|ELECTRICAL PARAMETRIC TEST|LEAKAGE TEST|THRESHOLD VOLTAGE TEST|SWITCHING TEST|WAFER SORT TEST|YIELD ANALYSIS|LOT RELEASE|SHIP LOT
valid_0071,OPEN PAD WINDOW|PAD WINDOW LITHO|DEVELOP PAD WINDOW|PASSIVATION ETCH PAD OPENING|STRIP RESIST|CLEAN PAD OPENING|MEASURE PAD OPENING|BACKSIDE GRIND|MEASURE WAFER THICKNESS|BACKSIDE ETCH CLEAN|BACKSIDE RINSE|BACKSIDE DRY|BACKSIDE METALLIZATION PREP|DEPOSIT BACKSIDE METAL|BACKSIDE ANNEAL|MEASURE BACKSIDE CONTACT|FINAL CLEAN|FINAL GEOMETRY CHECK|FINAL PARTICLE INSPECTION|ELECTRICAL PARAMETRIC TEST|LEAKAGE TEST|THRESHOLD VOLTAGE TEST|SWITCHING TEST|WAFER SORT TEST|YIELD ANALYSIS|LOT RELEASE|SHIP LOT
valid_0072,MEASURE VIA CD|DEPOSIT BARRIER METAL|DEPOSIT METAL SEED|FILL VIA METAL|CMP METAL|MEASURE CONTACT RESISTANCE|DEPOSIT TOP METAL|ANNEAL METAL|SPIN COAT PHOTORESIST|SOFT BAKE|ALIGN MASK LEVEL 4|EXPOSE LITHO LEVEL 4|POST EXPOSE BAKE|DEVELOP PHOTORESIST|METAL PATTERN INSPECTION|METAL ETCH DRY|STRIP RESIST|CLEAN AFTER METAL ETCH|MEASURE LINE WIDTH|DEPOSIT PASSIVATION|CURE PASSIVATION|MEASURE PASSIVATION QUALITY|OPEN BOND PAD WINDOW|PAD WINDOW LITHO|DEVELOP PHOTORESIST|PASSIVATION ETCH PAD OPENING|STRIP RESIST|CLEAN PAD OPENING|MEASURE PAD OPENING|BACKSIDE GRIND|MEASURE WAFER THICKNESS|BACKSIDE ETCH CLEAN|BACKSIDE RINSE|BACKSIDE DRY|BACKSIDE METALLIZATION PREP|DEPOSIT BACKSIDE METAL|BACKSIDE ANNEAL|MEASURE BACKSIDE CONTACT|FINAL CLEAN|FINAL THICKNESS MEASURE|FINAL GEOMETRY CHECK|FINAL CD INSPECTION|FINAL PARTICLE INSPECTION|ELECTRICAL PARAMETRIC TEST|LEAKAGE TEST|THRESHOLD VOLTAGE TEST|SWITCHING TEST|WAFER SORT TEST|YIELD ANALYSIS|LOT RELEASE|SHIP LOT
valid_0073,OPEN PAD WINDOW|PAD WINDOW LITHO|DEVELOP PAD WINDOW|PASSIVATION ETCH PAD OPENING|STRIP RESIST|CLEAN PAD OPENING|MEASURE PAD OPENING|BACKSIDE GRIND|MEASURE WAFER THICKNESS|BACKSIDE ETCH CLEAN|BACKSIDE RINSE|BACKSIDE DRY|BACKSIDE METALLIZATION PREP|DEPOSIT BACKSIDE METAL|BACKSIDE ANNEAL|MEASURE BACKSIDE CONTACT|FINAL CLEAN|FINAL THICKNESS MEASURE|FINAL GEOMETRY CHECK|FINAL CD INSPECTION|FINAL PARTICLE INSPECTION|ELECTRICAL PARAMETRIC TEST|LEAKAGE TEST|THRESHOLD VOLTAGE TEST|SWITCHING TEST|WAFER SORT TEST|YIELD ANALYSIS|FINAL LOT RELEASE|SHIP LOT
valid_0074,HARD BAKE|MEASURE THICKNESS|IMPLANT SOURCE REGION|LIGHT ANNEAL|MEASURE SHEET RESISTANCE|DEPOSIT GATE OXIDE OR DIELECTRIC|ANNEAL DIELECTRIC|MEASURE OXIDE QUALITY|DEPOSIT POLYSILICON|ANNEAL METAL|MEASURE POLY THICKNESS|SPIN COAT PHOTORESIST|SOFT BAKE|ALIGN MASK LEVEL 4|EXPOSE LITHO LEVEL 4|DEVELOP PHOTORESIST|POLY PATTERN INSPECTION|POLYSILICON ETCH DRY|STRIP RESIST|CLEAN AFTER POLY ETCH|MEASURE GATE CD|IMPLANT CHANNEL STOP|PRE ANNEAL CHECK|RAPID THERMAL ANNEAL|MEASURE DEVICE PARAMETER|DEPOSIT INTERLEVEL DIELECTRIC|DENSIFY OXIDE|MEASURE DIELECTRIC THICKNESS|CMP INTERLAYER DIELECTRIC|MEASURE SURFACE PLANARITY|SPIN COAT PHOTORESIST|SOFT BAKE|ALIGN MASK LEVEL 5|EXPOSE LITHO LEVEL 5|DEVELOP PHOTORESIST|VIA OPENING INSPECTION|VIA ETCH THROUGH DIELECTRIC|STRIP RESIST|CLEAN AFTER VIA ETCH|MEASURE VIA CD|DEPOSIT BARRIER METAL|DEPOSIT METAL SEED|FILL VIA METAL|CMP METAL|MEASURE CONTACT RESISTANCE|DEPOSIT TOP METAL|ANNEAL METAL|SPIN COAT PHOTORESIST|SOFT BAKE|ALIGN MASK LEVEL 6|EXPOSE LITHO LEVEL 6|DEVELOP PHOTORESIST|METAL PATTERN INSPECTION|METAL ETCH DRY|STRIP RESIST|CLEAN AFTER METAL ETCH|MEASURE LINE WIDTH|DEPOSIT PASSIVATION|CURE PASSIVATION|MEASURE PASSIVATION QUALITY|OPEN PAD WINDOW|PAD WINDOW LITHO|DEVELOP PHOTORESIST|PASSIVATION ETCH PAD OPENING|STRIP RESIST|CLEAN PAD OPENING|MEASURE PAD OPENING|BACKSIDE GRIND|MEASURE WAFER THICKNESS|BACKSIDE ETCH CLEAN|BACKSIDE RINSE|BACKSIDE DRY|BACKSIDE METALLIZATION PREP|DEPOSIT BACKSIDE METAL|BACKSIDE ANNEAL|MEASURE BACKSIDE CONTACT|FINAL CLEAN|FINAL THICKNESS MEASURE|FINAL GEOMETRY CHECK|FINAL PARTICLE INSPECTION|ELECTRICAL PARAMETRIC TEST|LEAKAGE TEST|THRESHOLD VOLTAGE TEST|SWITCHING TEST|WAFER SORT TEST|YIELD ANALYSIS|LOT RELEASE|SHIP LOT
valid_0075,RECEIVE WAFER LOT|LOT IDENTIFICATION|INITIAL WAFER INSPECTION|MEASURE INITIAL THICKNESS|MEASURE SURFACE PARTICLES|WAFER CLEAN PRE PROCESS|BACKSIDE CLEAN|FRONTSIDE CLEAN|RCA CLEAN 1|WET CLEAN RCA2|HF DIP|DRY WAFER|WAFER CLEAN PRE-GRIND|MEASURE WAFER THICKNESS|MEASURE THICKNESS|ETCH SILICON OR OXIDE WINDOW|LEAKAGE TEST|DRY WAFER BACKSIDE|BACKSIDE CLEAN|MEASURE PASSIVATION QUALITY|THERMAL OXIDATION|MEASURE OXIDE THICKNESS|SPIN COAT PHOTORESIST|SOFT BAKE|ALIGN MASK LEVEL 1|EXPOSE LITHO LEVEL 1|DEVELOP PHOTORESIST|PATTERN INSPECTION LEVEL 1|HARD BAKE|OXIDE ETCH DRY|STRIP RESIST|CLEAN AFTER POLY ETCH|MEASURE GATE CD|DEPOSIT POLYSILICON|ANNEAL METAL|MEASURE POLY THICKNESS|SPIN COAT PHOTORESIST|SOFT BAKE|ALIGN MASK LEVEL 2|EXPOSE LITHO LEVEL 2|DEVELOP PHOTORESIST|POLY PATTERN INSPECTION|POLYSILICON ETCH DRY|STRIP RESIST|CLEAN AFTER POLY ETCH|MEASURE LINE WIDTH|IMPLANT SOURCE REGION|PRE ANNEAL CHECK|LIGHT ANNEAL|MEASURE SHEET RESISTANCE|IMPLANT DRAIN / CATHODE REGION|ANISOTROPIC ETCH SPACER|MEASURE DEVICE PARAMETER|DEPOSIT GATE OXIDE OR DIELECTRIC|ANNEAL DIELECTRIC|MEASURE OXIDE QUALITY|DEPOSIT POLYSILICON|ANNEAL METAL|MEASURE POLY THICKNESS|SPIN COAT PHOTORESIST|SOFT BAKE|ALIGN MASK LEVEL 3|EXPOSE LITHO LEVEL 3|DEVELOP PHOTORESIST|POLY PATTERN INSPECTION|POLYSILICON ETCH DRY|STRIP RESIST|CLEAN AFTER POLY ETCH|MEASURE VIA CD|DEPOSIT INTERLAYER DIELECTRIC|DENSIFY OXIDE|MEASURE DIELECTRIC THICKNESS|CMP DIELECTRIC|MEASURE SURFACE PLANARITY|SPIN COAT PHOTORESIST|SOFT BAKE|ALIGN MASK LEVEL 4|EXPOSE LITHO LEVEL 4|DEVELOP PHOTORESIST|VIA OPENING INSPECTION|VIA ETCH THROUGH DIELECTRIC|STRIP RESIST|CLEAN AFTER VIA ETCH|MEASURE VIA CD|DEPOSIT BARRIER METAL|DEPOSIT METAL SEED|FILL VIA METAL|CMP METAL|DEPOSIT TOP METAL|ANNEAL METAL|MEASURE METAL THICKNESS|SPIN COAT PHOTORESIST|SOFT BAKE|ALIGN MASK LEVEL 5|EXPOSE LITHO LEVEL 5|DEVELOP PHOTORESIST|METAL PATTERN INSPECTION|METAL ETCH DRY|STRIP RESIST|CLEAN AFTER METAL ETCH|MEASURE LINE WIDTH|DEPOSIT PASSIVATION LAYER|CURE PASSIVATION|MEASURE PASSIVATION QUALITY|OPEN BOND PAD WINDOW|PAD WINDOW LITHO|DEVELOP PAD WINDOW|PASSIVATION ETCH PAD OPENING|STRIP RESIST|CLEAN PAD OPENING|MEASURE PAD OPENING|BACKSIDE GRIND|MEASURE THICKNESS|BACKSIDE ETCH CLEAN|BACKSIDE RINSE|BACKSIDE DRY|BACKSIDE METALLIZATION PREP|DEPOSIT BACKSIDE METAL|BACKSIDE ANNEAL|MEASURE BACKSIDE CONTACT|FINAL CLEAN|FINAL THICKNESS MEASURE|FINAL GEOMETRY CHECK|FINAL PARTICLE INSPECTION|ELECTRICAL PARAMETRIC TEST|LEAKAGE TEST|THRESHOLD VOLTAGE TEST|SWITCHING TEST|WAFER SORT TEST|YIELD ANALYSIS|LOT RELEASE|SHIP LOT
valid_0076,DEPOSIT METAL SEED|FILL VIA METAL|CMP METAL|MEASURE CONTACT RESISTANCE|DEPOSIT TOP METAL|ANNEAL METAL|SPIN COAT PHOTORESIST|SOFT BAKE|ALIGN MASK LEVEL 4|EXPOSE LITHO LEVEL 4|POST EXPOSE BAKE|DEVELOP PHOTORESIST|METAL PATTERN INSPECTION|METAL ETCH DRY|STRIP RESIST|CLEAN AFTER METAL ETCH|MEASURE LINE WIDTH|DEPOSIT PASSIVATION|CURE PASSIVATION|MEASURE PASSIVATION QUALITY|OPEN PAD WINDOW|PAD WINDOW LITHO|DEVELOP PAD WINDOW|PASSIVATION ETCH PAD OPENING|STRIP RESIST|CLEAN PAD OPENING|MEASURE PAD OPENING|BACKSIDE GRIND|MEASURE THICKNESS|BACKSIDE ETCH CLEAN|BACKSIDE RINSE|BACKSIDE DRY|BACKSIDE METALLIZATION PREP|DEPOSIT BACKSIDE METAL|BACKSIDE ANNEAL|MEASURE BACKSIDE CONTACT|FINAL CLEAN|FINAL THICKNESS MEASURE|FINAL GEOMETRY CHECK|FINAL PARTICLE INSPECTION|ELECTRICAL PARAMETRIC TEST|LEAKAGE TEST|THRESHOLD VOLTAGE TEST|SWITCHING TEST|WAFER SORT TEST|YIELD ANALYSIS|FINAL LOT RELEASE|SHIP LOT
valid_0077,OPEN PAD WINDOW|DEVELOP PHOTORESIST|PASSIVATION ETCH PAD OPENING|STRIP RESIST|CLEAN PAD OPENING|MEASURE PAD OPENING|BACKSIDE GRIND|MEASURE THICKNESS|BACKSIDE ETCH CLEAN|BACKSIDE RINSE|BACKSIDE DRY|BACKSIDE METALLIZATION PREP|DEPOSIT BACKSIDE METAL|BACKSIDE ANNEAL|MEASURE BACKSIDE CONTACT|FINAL CLEAN|FINAL THICKNESS MEASURE|FINAL GEOMETRY CHECK|FINAL PARTICLE INSPECTION|ELECTRICAL PARAMETRIC TEST|LEAKAGE TEST|THRESHOLD VOLTAGE TEST|SWITCHING TEST|WAFER SORT TEST|YIELD ANALYSIS|FINAL LOT RELEASE|SHIP LOT
valid_0078,MEASURE VIA CD|DEPOSIT BARRIER METAL|DEPOSIT METAL SEED|FILL VIA METAL|CMP METAL|MEASURE CONTACT RESISTANCE|DEPOSIT TOP METAL|ANNEAL METAL|SPIN COAT PHOTORESIST|SOFT BAKE|ALIGN MASK LEVEL 4|EXPOSE LITHO LEVEL 4|DEVELOP PHOTORESIST|METAL PATTERN INSPECTION|METAL ETCH DRY|STRIP RESIST|CLEAN AFTER METAL ETCH|MEASURE LINE WIDTH|DEPOSIT PASSIVATION|CURE PASSIVATION|MEASURE PASSIVATION QUALITY|OPEN PAD WINDOW|PAD WINDOW LITHO|DEVELOP PHOTORESIST|PASSIVATION ETCH PAD OPENING|STRIP RESIST|CLEAN PAD OPENING|MEASURE PAD OPENING|BACKSIDE GRIND|MEASURE WAFER THICKNESS|BACKSIDE ETCH CLEAN|BACKSIDE RINSE|BACKSIDE DRY|BACKSIDE METALLIZATION PREP|DEPOSIT BACKSIDE METAL|BACKSIDE ANNEAL|MEASURE BACKSIDE CONTACT|FINAL CLEAN|FINAL GEOMETRY CHECK|FINAL CD INSPECTION|ELECTRICAL PARAMETRIC TEST|LEAKAGE TEST|THRESHOLD VOLTAGE TEST|SWITCHING TEST|WAFER SORT TEST|YIELD ANALYSIS|LOT RELEASE|SHIP LOT
valid_0079,OPEN PAD WINDOW|PAD WINDOW LITHO|DEVELOP PAD WINDOW|PASSIVATION ETCH PAD OPENING|STRIP RESIST|CLEAN PAD OPENING|MEASURE PAD OPENING|BACKSIDE GRIND|MEASURE WAFER THICKNESS|BACKSIDE ETCH CLEAN|BACKSIDE RINSE|BACKSIDE DRY|BACKSIDE METALLIZATION PREP|DEPOSIT BACKSIDE METAL|BACKSIDE ANNEAL|MEASURE BACKSIDE CONTACT|FINAL CLEAN|FINAL GEOMETRY CHECK|FINAL PARTICLE INSPECTION|ELECTRICAL PARAMETRIC TEST|LEAKAGE TEST|THRESHOLD VOLTAGE TEST|SWITCHING TEST|WAFER SORT TEST|YIELD ANALYSIS|LOT RELEASE|SHIP LOT
valid_0080,MEASURE VIA CD|DEPOSIT BARRIER METAL|DEPOSIT METAL SEED|FILL VIA METAL|CMP METAL|MEASURE CONTACT RESISTANCE|DEPOSIT TOP METAL|ANNEAL METAL|SPIN COAT PHOTORESIST|SOFT BAKE|ALIGN MASK LEVEL 4|EXPOSE LITHO LEVEL 4|POST EXPOSE BAKE|DEVELOP PHOTORESIST|METAL PATTERN INSPECTION|METAL ETCH DRY|STRIP RESIST|CLEAN AFTER METAL ETCH|MEASURE LINE WIDTH|DEPOSIT PASSIVATION|CURE PASSIVATION|MEASURE PASSIVATION QUALITY|OPEN PAD WINDOW|PAD WINDOW LITHO|DEVELOP PAD WINDOW|PASSIVATION ETCH PAD OPENING|STRIP RESIST|CLEAN PAD OPENING|MEASURE PAD OPENING|BACKSIDE GRIND|MEASURE WAFER THICKNESS|BACKSIDE ETCH CLEAN|BACKSIDE RINSE|BACKSIDE DRY|BACKSIDE METALLIZATION PREP|DEPOSIT BACKSIDE METAL|BACKSIDE ANNEAL|MEASURE BACKSIDE CONTACT|FINAL CLEAN|FINAL THICKNESS MEASURE|FINAL GEOMETRY CHECK|FINAL PARTICLE INSPECTION|ELECTRICAL PARAMETRIC TEST|LEAKAGE TEST|THRESHOLD VOLTAGE TEST|SWITCHING TEST|WAFER SORT TEST|YIELD ANALYSIS|LOT RELEASE|SHIP LOT
valid_0081,OPEN PAD WINDOW|PAD WINDOW LITHO|DEVELOP PAD WINDOW|PASSIVATION ETCH PAD OPENING|STRIP RESIST|CLEAN PAD OPENING|MEASURE PAD OPENING|BACKSIDE GRIND|MEASURE WAFER THICKNESS|BACKSIDE ETCH CLEAN|BACKSIDE RINSE|BACKSIDE DRY|BACKSIDE METALLIZATION PREP|DEPOSIT BACKSIDE METAL|BACKSIDE ANNEAL|MEASURE BACKSIDE CONTACT|FINAL CLEAN|FINAL THICKNESS MEASURE|FINAL GEOMETRY CHECK|FINAL PARTICLE INSPECTION|ELECTRICAL PARAMETRIC TEST|LEAKAGE TEST|THRESHOLD VOLTAGE TEST|SWITCHING TEST|WAFER SORT TEST|YIELD ANALYSIS|LOT RELEASE|SHIP LOT
valid_0082,MEASURE VIA CD|DEPOSIT BARRIER METAL|DEPOSIT METAL SEED|FILL VIA METAL|CMP METAL|MEASURE CONTACT RESISTANCE|DEPOSIT TOP METAL|ANNEAL METAL|SPIN COAT PHOTORESIST|SOFT BAKE|ALIGN MASK LEVEL 4|EXPOSE LITHO LEVEL 4|DEVELOP PHOTORESIST|METAL PATTERN INSPECTION|METAL ETCH DRY|STRIP RESIST|CLEAN AFTER METAL ETCH|MEASURE LINE WIDTH|DEPOSIT PASSIVATION|CURE PASSIVATION|MEASURE PASSIVATION QUALITY|OPEN PAD WINDOW|PAD WINDOW LITHO|DEVELOP PHOTORESIST|PASSIVATION ETCH PAD OPENING|STRIP RESIST|CLEAN PAD OPENING|MEASURE PAD OPENING|BACKSIDE GRIND|MEASURE WAFER THICKNESS|BACKSIDE ETCH CLEAN|BACKSIDE RINSE|BACKSIDE DRY|BACKSIDE METALLIZATION PREP|DEPOSIT BACKSIDE METAL|BACKSIDE ANNEAL|MEASURE BACKSIDE CONTACT|FINAL CLEAN|FINAL GEOMETRY CHECK|FINAL PARTICLE INSPECTION|ELECTRICAL PARAMETRIC TEST|LEAKAGE TEST|THRESHOLD VOLTAGE TEST|SWITCHING TEST|WAFER SORT TEST|YIELD ANALYSIS|LOT RELEASE|SHIP LOT
valid_0083,OPEN PAD WINDOW|DEVELOP PAD WINDOW|PASSIVATION ETCH PAD OPENING|STRIP RESIST|CLEAN PAD OPENING|MEASURE PAD OPENING|BACKSIDE GRIND|MEASURE WAFER THICKNESS|BACKSIDE ETCH CLEAN|BACKSIDE RINSE|BACKSIDE DRY|BACKSIDE METALLIZATION PREP|DEPOSIT BACKSIDE METAL|BACKSIDE ANNEAL|MEASURE BACKSIDE CONTACT|FINAL CLEAN|FINAL GEOMETRY CHECK|FINAL PARTICLE INSPECTION|ELECTRICAL PARAMETRIC TEST|LEAKAGE TEST|THRESHOLD VOLTAGE TEST|SWITCHING TEST|WAFER SORT TEST|YIELD ANALYSIS|LOT RELEASE|SHIP LOT
valid_0084,BACKSIDE CLEAN|MEASURE PASSIVATION QUALITY|DEPOSIT BARRIER METAL|DEPOSIT METAL SEED|FILL VIA METAL|CMP METAL|MEASURE CONTACT RESISTANCE|DEPOSIT TOP METAL|ANNEAL METAL|SPIN COAT PHOTORESIST|SOFT BAKE|ALIGN MASK LEVEL 4|EXPOSE LITHO LEVEL 4|POST EXPOSE BAKE|DEVELOP PHOTORESIST|METAL PATTERN INSPECTION|METAL ETCH DRY|STRIP RESIST|CLEAN AFTER METAL ETCH|MEASURE LINE WIDTH|DEPOSIT PASSIVATION|CURE PASSIVATION|MEASURE PASSIVATION QUALITY|OPEN PAD WINDOW|PAD WINDOW LITHO|DEVELOP PHOTORESIST|PASSIVATION ETCH PAD OPENING|STRIP RESIST|CLEAN PAD OPENING|MEASURE PAD OPENING|BACKSIDE CLEAN|BACKSIDE GRIND|MEASURE THICKNESS|BACKSIDE ETCH CLEAN|BACKSIDE RINSE|BACKSIDE DRY|BACKSIDE METALLIZATION PREP|DEPOSIT BACKSIDE METAL|BACKSIDE ANNEAL|MEASURE BACKSIDE CONTACT|FINAL CLEAN|FINAL THICKNESS MEASURE|FINAL GEOMETRY CHECK|FINAL PARTICLE INSPECTION|ELECTRICAL PARAMETRIC TEST|LEAKAGE TEST|THRESHOLD VOLTAGE TEST|SWITCHING TEST|WAFER SORT TEST|YIELD ANALYSIS|FINAL LOT RELEASE|SHIP LOT
valid_0085,OPEN PAD WINDOW|DEVELOP PAD WINDOW|PASSIVATION ETCH PAD OPENING|STRIP RESIST|CLEAN PAD OPENING|MEASURE PAD OPENING|BACKSIDE CLEAN|BACKSIDE GRIND|MEASURE WAFER THICKNESS|BACKSIDE ETCH CLEAN|BACKSIDE RINSE|BACKSIDE DRY|BACKSIDE METALLIZATION PREP|DEPOSIT BACKSIDE METAL|BACKSIDE ANNEAL|MEASURE BACKSIDE CONTACT|FINAL CLEAN|FINAL THICKNESS MEASURE|FINAL GEOMETRY CHECK|FINAL PARTICLE INSPECTION|ELECTRICAL PARAMETRIC TEST|LEAKAGE TEST|THRESHOLD VOLTAGE TEST|SWITCHING TEST|WAFER SORT TEST|YIELD ANALYSIS|LOT RELEASE|SHIP LOT
valid_0086,MEASURE VIA CD|DEPOSIT BARRIER METAL|DEPOSIT METAL SEED|FILL VIA METAL|CMP METAL|MEASURE CONTACT RESISTANCE|DEPOSIT TOP METAL|ANNEAL METAL|SPIN COAT PHOTORESIST|SOFT BAKE|ALIGN MASK LEVEL 4|EXPOSE LITHO LEVEL 4|DEVELOP PHOTORESIST|METAL PATTERN INSPECTION|HARD BAKE|METAL ETCH DRY|STRIP RESIST|CLEAN AFTER METAL ETCH|MEASURE LINE WIDTH|DEPOSIT PASSIVATION|CURE PASSIVATION|MEASURE PASSIVATION QUALITY|OPEN PAD WINDOW|PAD WINDOW LITHO|DEVELOP PHOTORESIST|PASSIVATION ETCH PAD OPENING|STRIP RESIST|CLEAN PAD OPENING|MEASURE PAD OPENING|BACKSIDE GRIND|MEASURE THICKNESS|BACKSIDE ETCH CLEAN|BACKSIDE RINSE|BACKSIDE DRY|BACKSIDE METALLIZATION PREP|DEPOSIT BACKSIDE METAL|BACKSIDE ANNEAL|MEASURE BACKSIDE CONTACT|FINAL CLEAN|FINAL GEOMETRY CHECK|FINAL PARTICLE INSPECTION|ELECTRICAL PARAMETRIC TEST|LEAKAGE TEST|THRESHOLD VOLTAGE TEST|SWITCHING TEST|WAFER SORT TEST|YIELD ANALYSIS|FINAL LOT RELEASE|SHIP LOT
valid_0087,OPEN PAD WINDOW|PAD WINDOW LITHO|DEVELOP PAD WINDOW|PASSIVATION ETCH PAD OPENING|STRIP RESIST|CLEAN PAD OPENING|MEASURE PAD OPENING|BACKSIDE GRIND|MEASURE THICKNESS|BACKSIDE ETCH CLEAN|BACKSIDE RINSE|BACKSIDE DRY|BACKSIDE METALLIZATION PREP|DEPOSIT BACKSIDE METAL|BACKSIDE ANNEAL|MEASURE BACKSIDE CONTACT|FINAL CLEAN|FINAL GEOMETRY CHECK|FINAL PARTICLE INSPECTION|ELECTRICAL PARAMETRIC TEST|LEAKAGE TEST|THRESHOLD VOLTAGE TEST|SWITCHING TEST|WAFER SORT TEST|YIELD ANALYSIS|FINAL LOT RELEASE|SHIP LOT
valid_0088,BACKSIDE CLEAN|MEASURE PASSIVATION QUALITY|DEPOSIT BARRIER METAL|DEPOSIT METAL SEED|FILL VIA METAL|CMP METAL|MEASURE CONTACT RESISTANCE|DEPOSIT TOP METAL|ANNEAL METAL|SPIN COAT PHOTORESIST|SOFT BAKE|ALIGN MASK LEVEL 4|EXPOSE LITHO LEVEL 4|DEVELOP PHOTORESIST|METAL PATTERN INSPECTION|METAL ETCH DRY|STRIP RESIST|CLEAN AFTER METAL ETCH|MEASURE LINE WIDTH|DEPOSIT PASSIVATION|CURE PASSIVATION|MEASURE PASSIVATION QUALITY|OPEN PAD WINDOW|PAD WINDOW LITHO|DEVELOP PAD WINDOW|PASSIVATION ETCH PAD OPENING|STRIP RESIST|CLEAN PAD OPENING|MEASURE PAD OPENING|BACKSIDE CLEAN|BACKSIDE GRIND|MEASURE THICKNESS|BACKSIDE ETCH CLEAN|BACKSIDE RINSE|BACKSIDE DRY|BACKSIDE METALLIZATION PREP|DEPOSIT BACKSIDE METAL|BACKSIDE ANNEAL|MEASURE BACKSIDE CONTACT|FINAL CLEAN|FINAL GEOMETRY CHECK|FINAL PARTICLE INSPECTION|ELECTRICAL PARAMETRIC TEST|LEAKAGE TEST|THRESHOLD VOLTAGE TEST|SWITCHING TEST|WAFER SORT TEST|YIELD ANALYSIS|FINAL LOT RELEASE|SHIP LOT
valid_0089,OPEN PAD WINDOW|DEVELOP PHOTORESIST|PASSIVATION ETCH PAD OPENING|STRIP RESIST|CLEAN PAD OPENING|MEASURE PAD OPENING|BACKSIDE GRIND|MEASURE WAFER THICKNESS|BACKSIDE ETCH CLEAN|BACKSIDE RINSE|BACKSIDE DRY|BACKSIDE METALLIZATION PREP|DEPOSIT BACKSIDE METAL|BACKSIDE ANNEAL|MEASURE BACKSIDE CONTACT|FINAL CLEAN|FINAL GEOMETRY CHECK|FINAL PARTICLE INSPECTION|ELECTRICAL PARAMETRIC TEST|LEAKAGE TEST|THRESHOLD VOLTAGE TEST|SWITCHING TEST|WAFER SORT TEST|YIELD ANALYSIS|LOT RELEASE|SHIP LOT
valid_0090,MEASURE VIA CD|DEPOSIT BARRIER METAL|DEPOSIT METAL SEED|FILL VIA METAL|CMP METAL|MEASURE CONTACT RESISTANCE|DEPOSIT TOP METAL|ANNEAL METAL|SPIN COAT PHOTORESIST|SOFT BAKE|ALIGN MASK LEVEL 4|EXPOSE LITHO LEVEL 4|DEVELOP PHOTORESIST|METAL PATTERN INSPECTION|HARD BAKE|METAL ETCH DRY|STRIP RESIST|CLEAN AFTER METAL ETCH|MEASURE LINE WIDTH|DEPOSIT PASSIVATION|CURE PASSIVATION|MEASURE PASSIVATION QUALITY|OPEN BOND PAD WINDOW|PAD WINDOW LITHO|DEVELOP PHOTORESIST|PASSIVATION ETCH PAD OPENING|STRIP RESIST|CLEAN PAD OPENING|MEASURE PAD OPENING|BACKSIDE GRIND|MEASURE WAFER THICKNESS|BACKSIDE ETCH CLEAN|BACKSIDE RINSE|BACKSIDE DRY|BACKSIDE METALLIZATION PREP|DEPOSIT BACKSIDE METAL|BACKSIDE ANNEAL|MEASURE BACKSIDE CONTACT|FINAL CLEAN|FINAL THICKNESS MEASURE|FINAL GEOMETRY CHECK|FINAL PARTICLE INSPECTION|ELECTRICAL PARAMETRIC TEST|LEAKAGE TEST|THRESHOLD VOLTAGE TEST|SWITCHING TEST|WAFER SORT TEST|YIELD ANALYSIS|LOT RELEASE|SHIP LOT
valid_0091,OPEN PAD WINDOW|DEVELOP PHOTORESIST|PASSIVATION ETCH PAD OPENING|STRIP RESIST|CLEAN PAD OPENING|MEASURE PAD OPENING|BACKSIDE GRIND|MEASURE WAFER THICKNESS|BACKSIDE ETCH CLEAN|BACKSIDE RINSE|BACKSIDE DRY|BACKSIDE METALLIZATION PREP|DEPOSIT BACKSIDE METAL|BACKSIDE ANNEAL|MEASURE BACKSIDE CONTACT|FINAL CLEAN|FINAL THICKNESS MEASURE|FINAL GEOMETRY CHECK|FINAL PARTICLE INSPECTION|ELECTRICAL PARAMETRIC TEST|LEAKAGE TEST|THRESHOLD VOLTAGE TEST|SWITCHING TEST|WAFER SORT TEST|YIELD ANALYSIS|LOT RELEASE|SHIP LOT
valid_0092,MEASURE VIA CD|DEPOSIT BARRIER METAL|DEPOSIT METAL SEED|FILL VIA METAL|CMP METAL|MEASURE CONTACT RESISTANCE|DEPOSIT TOP METAL|ANNEAL METAL|SPIN COAT PHOTORESIST|SOFT BAKE|ALIGN MASK LEVEL 4|EXPOSE LITHO LEVEL 4|DEVELOP PHOTORESIST|METAL PATTERN INSPECTION|HARD BAKE|METAL ETCH DRY|STRIP RESIST|CLEAN AFTER METAL ETCH|MEASURE LINE WIDTH|DEPOSIT PASSIVATION|CURE PASSIVATION|MEASURE PASSIVATION QUALITY|OPEN PAD WINDOW|PAD WINDOW LITHO|DEVELOP PHOTORESIST|PASSIVATION ETCH PAD OPENING|STRIP RESIST|CLEAN PAD OPENING|MEASURE PAD OPENING|BACKSIDE GRIND|MEASURE WAFER THICKNESS|BACKSIDE ETCH CLEAN|BACKSIDE RINSE|BACKSIDE DRY|BACKSIDE METALLIZATION PREP|DEPOSIT BACKSIDE METAL|BACKSIDE ANNEAL|MEASURE BACKSIDE CONTACT|FINAL CLEAN|FINAL THICKNESS MEASURE|FINAL GEOMETRY CHECK|FINAL CD INSPECTION|FINAL PARTICLE INSPECTION|ELECTRICAL PARAMETRIC TEST|LEAKAGE TEST|THRESHOLD VOLTAGE TEST|SWITCHING TEST|WAFER SORT TEST|YIELD ANALYSIS|LOT RELEASE|SHIP LOT
valid_0093,RECEIVE WAFER LOT|LOT IDENTIFICATION|INITIAL WAFER INSPECTION|MEASURE INITIAL THICKNESS|MEASURE SURFACE PARTICLES|WAFER CLEAN PRE PROCESS|FRONTSIDE CLEAN|WET CLEAN RCA1|WET CLEAN RCA2|HF DIP|DRY WAFER|WAFER CLEAN PRE-GRIND|DRY WAFER|MEASURE THICKNESS|ETCH SILICON OR OXIDE WINDOW|LEAKAGE TEST|DRY WAFER BACKSIDE|BACKSIDE CLEAN|MEASURE PASSIVATION QUALITY|THERMAL OXIDATION|MEASURE OXIDE THICKNESS|SPIN COAT PHOTORESIST|SOFT BAKE|ALIGN MASK LEVEL 1|EXPOSE LITHO LEVEL 1|DEVELOP PHOTORESIST|METAL PATTERN INSPECTION|HARD BAKE|OXIDE ETCH DRY|STRIP RESIST|CLEAN AFTER POLY ETCH|MEASURE GATE CD|DEPOSIT POLYSILICON|ANNEAL METAL|MEASURE POLY THICKNESS|SPIN COAT PHOTORESIST|SOFT BAKE|ALIGN MASK LEVEL 2|EXPOSE LITHO LEVEL 2|DEVELOP PHOTORESIST|POLY PATTERN INSPECTION|HARD BAKE|POLYSILICON ETCH DRY|STRIP RESIST|CLEAN AFTER POLY ETCH|MEASURE LINE WIDTH|IMPLANT SOURCE REGION|PRE ANNEAL CHECK|DRIVE IN DIFFUSION|RAPID THERMAL ANNEAL|MEASURE SHEET RESISTANCE|IMPLANT DRAIN / CATHODE REGION|ANNEAL DIELECTRIC|MEASURE PASSIVATION QUALITY|SPIN COAT PHOTORESIST|SOFT BAKE|ALIGN MASK LEVEL 3|EXPOSE LITHO LEVEL 3|DEVELOP PHOTORESIST|VIA OPENING INSPECTION|VIA ETCH THROUGH DIELECTRIC|STRIP RESIST|CLEAN AFTER VIA ETCH|MEASURE VIA CD|DEPOSIT BARRIER METAL|DEPOSIT METAL SEED|FILL VIA METAL|CMP METAL|MEASURE CONTACT RESISTANCE|DEPOSIT TOP METAL|ANNEAL METAL|MEASURE METAL THICKNESS|SPIN COAT PHOTORESIST|SOFT BAKE|ALIGN MASK LEVEL 4|EXPOSE LITHO LEVEL 4|DEVELOP PHOTORESIST|METAL PATTERN INSPECTION|HARD BAKE|METAL ETCH DRY|STRIP RESIST|CLEAN AFTER METAL ETCH|MEASURE LINE WIDTH|DEPOSIT PASSIVATION LAYER|CURE PASSIVATION|MEASURE PASSIVATION THICKNESS|OPEN PAD WINDOW|PAD WINDOW LITHO|DEVELOP PHOTORESIST|PASSIVATION ETCH PAD OPENING|STRIP RESIST|CLEAN PAD OPENING|MEASURE PAD OPENING|BACKSIDE GRIND|MEASURE THICKNESS|BACKSIDE ANNEAL|MEASURE PASSIVATION QUALITY|DEPOSIT PASSIVATION LAYER|CURE PASSIVATION|MEASURE PASSIVATION THICKNESS|OPEN BOND PAD WINDOW|OPEN PAD WINDOW LITHO|DEVELOP PHOTORESIST|PASSIVATION ETCH PAD OPENING|STRIP RESIST|CLEAN PAD OPENING|MEASURE PAD OPENING|BACKSIDE CLEAN|MEASURE PASSIVATION QUALITY|FINAL CLEAN|FINAL THICKNESS MEASURE|FINAL GEOMETRY CHECK|FINAL PARTICLE INSPECTION|ELECTRICAL PARAMETRIC TEST|LEAKAGE TEST|THRESHOLD VOLTAGE TEST|SWITCHING TEST|WAFER SORT TEST|YIELD ANALYSIS|LOT RELEASE|SHIP LOT
valid_0094,DEPOSIT BARRIER METAL|ANNEAL METAL|MEASURE METAL THICKNESS|SPIN COAT PHOTORESIST|SOFT BAKE|ALIGN MASK LEVEL 4|EXPOSE LITHO LEVEL 4|POST EXPOSE BAKE|DEVELOP PHOTORESIST|METAL PATTERN INSPECTION|METAL ETCH DRY|STRIP RESIST|CLEAN AFTER METAL ETCH|MEASURE LINE WIDTH|DEPOSIT PASSIVATION|CURE PASSIVATION|MEASURE PASSIVATION QUALITY|OPEN PAD WINDOW|PAD WINDOW LITHO|DEVELOP PHOTORESIST|PASSIVATION ETCH PAD OPENING|STRIP RESIST|CLEAN PAD OPENING|MEASURE PAD OPENING|BACKSIDE GRIND|MEASURE WAFER THICKNESS|BACKSIDE ETCH CLEAN|BACKSIDE RINSE|BACKSIDE DRY|BACKSIDE METALLIZATION PREP|DEPOSIT BACKSIDE METAL|BACKSIDE ANNEAL|MEASURE BACKSIDE CONTACT|FINAL CLEAN|FINAL THICKNESS MEASURE|FINAL GEOMETRY CHECK|FINAL PARTICLE INSPECTION|ELECTRICAL PARAMETRIC TEST|LEAKAGE TEST|THRESHOLD VOLTAGE TEST|SWITCHING TEST|WAFER SORT TEST|YIELD ANALYSIS|LOT RELEASE|SHIP LOT
valid_0095,RECEIVE WAFER LOT|LOT IDENTIFICATION|INITIAL WAFER INSPECTION|MEASURE SURFACE PARTICLES|WAFER CLEAN PRE PROCESS|RCA CLEAN 1|WET CLEAN RCA2|HF DIP|WAFER CLEAN PRE-GRIND|ETCH SILICON OR OXIDE WINDOW|DRY WAFER|DRY WAFER|MEASURE SURFACE UNIFORMITY|FRONTSIDE CLEAN|MEASURE RESISTIVITY|IMPLANT WELL|PRE ANNEAL CHECK|RAPID THERMAL ANNEAL|MEASURE JUNCTION DEPTH|DEPOSIT FIELD OXIDE|DENSIFY OXIDE|MEASURE FILM THICKNESS|SPIN COAT PHOTORESIST|SOFT BAKE|ALIGN MASK LEVEL 5|EXPOSE LITHO LEVEL 5|DEVELOP PHOTORESIST|FIELD PATTERN INSPECTION|FIELD OXIDE ETCH|STRIP RESIST|CLEAN AFTER FIELD ETCH|MEASURE SURFACE UNIFORMITY|DEPOSIT GATE OXIDE OR DIELECTRIC|ANNEAL DIELECTRIC|MEASURE OXIDE QUALITY|DEPOSIT POLYSILICON|ANNEAL METAL|MEASURE POLY THICKNESS|SPIN COAT PHOTORESIST|SOFT BAKE|ALIGN MASK LEVEL 6|EXPOSE LITHO LEVEL 6|DEVELOP PHOTORESIST|POLY PATTERN INSPECTION|POLYSILICON ETCH DRY|STRIP RESIST|CLEAN AFTER POLY ETCH|MEASURE GATE CD|DEPOSIT INTERLAYER DIELECTRIC|DENSIFY DIELECTRIC|MEASURE FILM THICKNESS|CMP DIELECTRIC|MEASURE SURFACE PLANARITY|SPIN COAT PHOTORESIST|SOFT BAKE|ALIGN MASK LEVEL 4|EXPOSE LITHO LEVEL 6|DEVELOP PHOTORESIST|VIA OPENING INSPECTION|VIA ETCH THROUGH DIELECTRIC|STRIP RESIST|CLEAN AFTER VIA ETCH|MEASURE VIA CD|DEPOSIT BARRIER METAL|DEPOSIT METAL SEED|FILL VIA METAL|CMP METAL|MEASURE CONTACT RESISTANCE|DEPOSIT TOP METAL|ANNEAL METAL|MEASURE METAL THICKNESS|SPIN COAT PHOTORESIST|SOFT BAKE|ALIGN MASK LEVEL 4|EXPOSE LITHO LEVEL 6|DEVELOP PHOTORESIST|METAL PATTERN INSPECTION|METAL ETCH DRY|STRIP RESIST|CLEAN AFTER METAL ETCH|MEASURE LINE WIDTH|DEPOSIT PASSIVATION LAYER|CURE PASSIVATION|MEASURE PASSIVATION THICKNESS|OPEN BOND PAD WINDOW|PAD WINDOW LITHO|DEVELOP PHOTORESIST|PASSIVATION ETCH PAD OPENING|STRIP RESIST|CLEAN PAD OPENING|MEASURE PAD OPENING|BACKSIDE GRIND|MEASURE WAFER THICKNESS|BACKSIDE ETCH CLEAN|BACKSIDE RINSE|BACKSIDE DRY|BACKSIDE METALLIZATION PREP|DEPOSIT BACKSIDE METAL|BACKSIDE ANNEAL|MEASURE BACKSIDE CONTACT|FINAL CLEAN|FINAL GEOMETRY CHECK|FINAL PARTICLE INSPECTION|ELECTRICAL PARAMETRIC TEST|LEAKAGE TEST|THRESHOLD VOLTAGE TEST|SWITCHING TEST|WAFER SORT TEST|YIELD ANALYSIS|LOT RELEASE|SHIP LOT
valid_0096,DEPOSIT BARRIER METAL|ANNEAL METAL|MEASURE METAL THICKNESS|SPIN COAT PHOTORESIST|SOFT BAKE|ALIGN MASK LEVEL 4|EXPOSE LITHO LEVEL 4|POST EXPOSE BAKE|DEVELOP PHOTORESIST|METAL PATTERN INSPECTION|METAL ETCH DRY|STRIP RESIST|CLEAN AFTER METAL ETCH|MEASURE LINE WIDTH|DEPOSIT PASSIVATION|CURE PASSIVATION|MEASURE PASSIVATION QUALITY|OPEN BOND PAD WINDOW|PAD WINDOW LITHO|DEVELOP PHOTORESIST|PASSIVATION ETCH PAD OPENING|STRIP RESIST|CLEAN PAD OPENING|MEASURE PAD OPENING|BACKSIDE GRIND|MEASURE WAFER THICKNESS|BACKSIDE ETCH CLEAN|BACKSIDE RINSE|BACKSIDE DRY|BACKSIDE METALLIZATION PREP|DEPOSIT BACKSIDE METAL|BACKSIDE ANNEAL|MEASURE BACKSIDE CONTACT|FINAL CLEAN|FINAL GEOMETRY CHECK|FINAL PARTICLE INSPECTION|ELECTRICAL PARAMETRIC TEST|LEAKAGE TEST|THRESHOLD VOLTAGE TEST|SWITCHING TEST|WAFER SORT TEST|YIELD ANALYSIS|LOT RELEASE|SHIP LOT
valid_0097,OPEN PAD WINDOW|PASSIVATION ETCH PAD OPENING|STRIP RESIST|CLEAN PAD OPENING|MEASURE PAD OPENING|BACKSIDE GRIND|MEASURE WAFER THICKNESS|BACKSIDE ETCH CLEAN|BACKSIDE RINSE|BACKSIDE DRY|BACKSIDE METALLIZATION PREP|DEPOSIT BACKSIDE METAL|BACKSIDE ANNEAL|MEASURE BACKSIDE CONTACT|FINAL CLEAN|FINAL GEOMETRY CHECK|FINAL PARTICLE INSPECTION|ELECTRICAL PARAMETRIC TEST|LEAKAGE TEST|THRESHOLD VOLTAGE TEST|SWITCHING TEST|WAFER SORT TEST|YIELD ANALYSIS|LOT RELEASE|SHIP LOT
valid_0098,MEASURE VIA CD|DEPOSIT BARRIER METAL|DEPOSIT METAL SEED|FILL VIA METAL|CMP METAL|MEASURE CONTACT RESISTANCE|DEPOSIT TOP METAL|ANNEAL METAL|SPIN COAT PHOTORESIST|SOFT BAKE|ALIGN MASK LEVEL 4|EXPOSE LITHO LEVEL 4|DEVELOP PHOTORESIST|METAL PATTERN INSPECTION|HARD BAKE|METAL ETCH DRY|STRIP RESIST|CLEAN AFTER METAL ETCH|MEASURE LINE WIDTH|DEPOSIT PASSIVATION|CURE PASSIVATION|MEASURE PASSIVATION QUALITY|OPEN PAD WINDOW|PAD WINDOW LITHO|DEVELOP PAD WINDOW|PASSIVATION ETCH PAD OPENING|STRIP RESIST|CLEAN PAD OPENING|MEASURE PAD OPENING|BACKSIDE GRIND|MEASURE WAFER THICKNESS|BACKSIDE ETCH CLEAN|BACKSIDE RINSE|BACKSIDE DRY|BACKSIDE METALLIZATION PREP|DEPOSIT BACKSIDE METAL|BACKSIDE ANNEAL|MEASURE BACKSIDE CONTACT|FINAL CLEAN|FINAL THICKNESS MEASURE|FINAL GEOMETRY CHECK|FINAL PARTICLE INSPECTION|ELECTRICAL PARAMETRIC TEST|LEAKAGE TEST|THRESHOLD VOLTAGE TEST|SWITCHING TEST|WAFER SORT TEST|YIELD ANALYSIS|LOT RELEASE|SHIP LOT
valid_0099,OPEN PAD WINDOW|PAD WINDOW LITHO|DEVELOP PAD WINDOW|PASSIVATION ETCH PAD OPENING|STRIP RESIST|CLEAN PAD OPENING|MEASURE PAD OPENING|BACKSIDE GRIND|MEASURE WAFER THICKNESS|BACKSIDE ETCH CLEAN|BACKSIDE RINSE|BACKSIDE DRY|BACKSIDE METALLIZATION PREP|DEPOSIT BACKSIDE METAL|BACKSIDE ANNEAL|MEASURE BACKSIDE CONTACT|FINAL CLEAN|FINAL THICKNESS MEASURE|FINAL GEOMETRY CHECK|FINAL PARTICLE INSPECTION|ELECTRICAL PARAMETRIC TEST|LEAKAGE TEST|THRESHOLD VOLTAGE TEST|SWITCHING TEST|WAFER SORT TEST|YIELD ANALYSIS|LOT RELEASE|SHIP LOT
valid_0100,MEASURE VIA CD|DEPOSIT BARRIER METAL|DEPOSIT METAL SEED|FILL VIA METAL|CMP METAL|MEASURE CONTACT RESISTANCE|DEPOSIT TOP METAL|ANNEAL METAL|SPIN COAT PHOTORESIST|SOFT BAKE|ALIGN MASK LEVEL 4|EXPOSE LITHO LEVEL 4|DEVELOP PHOTORESIST|METAL PATTERN INSPECTION|METAL ETCH DRY|STRIP RESIST|CLEAN AFTER METAL ETCH|MEASURE LINE WIDTH|DEPOSIT PASSIVATION|CURE PASSIVATION|MEASURE PASSIVATION QUALITY|OPEN PAD WINDOW|PAD WINDOW LITHO|DEVELOP PHOTORESIST|PASSIVATION ETCH PAD OPENING|STRIP RESIST|CLEAN PAD OPENING|MEASURE PAD OPENING|BACKSIDE GRIND|MEASURE WAFER THICKNESS|BACKSIDE ETCH CLEAN|BACKSIDE RINSE|BACKSIDE DRY|BACKSIDE METALLIZATION PREP|DEPOSIT BACKSIDE METAL|BACKSIDE ANNEAL|MEASURE BACKSIDE CONTACT|FINAL CLEAN|FINAL THICKNESS MEASURE|FINAL GEOMETRY CHECK|FINAL PARTICLE INSPECTION|ELECTRICAL PARAMETRIC TEST|LEAKAGE TEST|THRESHOLD VOLTAGE TEST|SWITCHING TEST|WAFER SORT TEST|YIELD ANALYSIS|LOT RELEASE|SHIP LOT
valid_0101,OPEN PAD WINDOW|PAD WINDOW LITHO|DEVELOP PAD WINDOW|PASSIVATION ETCH PAD OPENING|STRIP RESIST|CLEAN PAD OPENING|MEASURE PAD OPENING|BACKSIDE GRIND|MEASURE WAFER THICKNESS|BACKSIDE ETCH CLEAN|BACKSIDE RINSE|BACKSIDE DRY|BACKSIDE METALLIZATION PREP|DEPOSIT BACKSIDE METAL|BACKSIDE ANNEAL|MEASURE BACKSIDE CONTACT|FINAL CLEAN|FINAL GEOMETRY CHECK|FINAL PARTICLE INSPECTION|ELECTRICAL PARAMETRIC TEST|LEAKAGE TEST|THRESHOLD VOLTAGE TEST|SWITCHING TEST|WAFER SORT TEST|YIELD ANALYSIS|LOT RELEASE|SHIP LOT
valid_0102,MEASURE VIA CD|DEPOSIT BARRIER METAL|DEPOSIT METAL SEED|FILL VIA METAL|CMP METAL|MEASURE CONTACT RESISTANCE|DEPOSIT TOP METAL|ANNEAL METAL|SPIN COAT PHOTORESIST|SOFT BAKE|ALIGN MASK LEVEL 4|EXPOSE LITHO LEVEL 4|POST EXPOSE BAKE|DEVELOP PHOTORESIST|METAL PATTERN INSPECTION|METAL ETCH DRY|STRIP RESIST|CLEAN AFTER METAL ETCH|MEASURE LINE WIDTH|DEPOSIT PASSIVATION|CURE PASSIVATION|MEASURE PASSIVATION QUALITY|OPEN BOND PAD WINDOW|PAD WINDOW LITHO|DEVELOP PHOTORESIST|PASSIVATION ETCH PAD OPENING|STRIP RESIST|CLEAN PAD OPENING|MEASURE PAD OPENING|BACKSIDE GRIND|MEASURE WAFER THICKNESS|BACKSIDE ETCH CLEAN|BACKSIDE RINSE|BACKSIDE DRY|BACKSIDE METALLIZATION PREP|DEPOSIT BACKSIDE METAL|BACKSIDE ANNEAL|MEASURE BACKSIDE CONTACT|FINAL CLEAN|FINAL THICKNESS MEASURE|FINAL GEOMETRY CHECK|FINAL PARTICLE INSPECTION|ELECTRICAL PARAMETRIC TEST|LEAKAGE TEST|THRESHOLD VOLTAGE TEST|SWITCHING TEST|WAFER SORT TEST|YIELD ANALYSIS|LOT RELEASE|SHIP LOT
valid_0103,RECEIVE WAFER LOT|LOT IDENTIFICATION|PRE CLEAN INSPECTION|MEASURE SURFACE PARTICLES|WAFER CLEAN PRE PROCESS|RCA CLEAN 1|RCA CLEAN 2|HF DIP|DRY WAFER|EPITAXIAL WAFER CHECK|EPITAXIAL WAFER CHECK|MEASURE EPITAXY THICKNESS|MEASURE RESISTIVITY|EPITAXIAL REWORK CHECK|DEVELOP PHOTORESIST|DEVELOP PHOTORESIST|METAL PATTERN INSPECTION|HARD BAKE|OXIDE ETCH DRY|STRIP RESIST|CLEAN AFTER POLY ETCH|MEASURE DEVICE PARAMETER|DEPOSIT FIELD OXIDE|DENSIFY OXIDE|MEASURE FILM THICKNESS|SPIN COAT PHOTORESIST|SOFT BAKE|ALIGN MASK LEVEL 1|EXPOSE LITHO LEVEL 1|DEVELOP PHOTORESIST|FIELD PATTERN INSPECTION|FIELD OXIDE ETCH|STRIP RESIST|CLEAN AFTER FIELD ETCH|MEASURE SURFACE UNIFORMITY|DEPOSIT GATE OXIDE OR DIELECTRIC|ANNEAL DIELECTRIC|MEASURE OXIDE QUALITY|DEPOSIT POLYSILICON|ANNEAL METAL|MEASURE POLY THICKNESS|SPIN COAT PHOTORESIST|SOFT BAKE|ALIGN MASK LEVEL 2|EXPOSE LITHO LEVEL 2|DEVELOP PHOTORESIST|POLY PATTERN INSPECTION|POLYSILICON ETCH DRY|STRIP RESIST|CLEAN AFTER POLY ETCH|MEASURE GATE CD|DEPOSIT INTERLEVEL DIELECTRIC|DENSIFY OXIDE|MEASURE FILM THICKNESS|CMP INTERLAYER DIELECTRIC|MEASURE SURFACE PLANARITY|SPIN COAT PHOTORESIST|SOFT BAKE|ALIGN MASK LEVEL 3|EXPOSE LITHO LEVEL 3|DEVELOP PHOTORESIST|VIA OPENING INSPECTION|VIA ETCH THROUGH DIELECTRIC|STRIP RESIST|CLEAN AFTER VIA ETCH|MEASURE VIA CD|DEPOSIT BARRIER METAL|DEPOSIT METAL SEED|FILL VIA METAL|CMP METAL|MEASURE CONTACT RESISTANCE|DEPOSIT TOP METAL|ANNEAL METAL|MEASURE METAL THICKNESS|SPIN COAT PHOTORESIST|SOFT BAKE|ALIGN MASK LEVEL 4|EXPOSE LITHO LEVEL 4|DEVELOP PHOTORESIST|METAL PATTERN INSPECTION|HARD BAKE|METAL ETCH DRY|STRIP RESIST|CLEAN AFTER METAL ETCH|MEASURE LINE WIDTH|DEPOSIT PASSIVATION|CURE PASSIVATION|MEASURE PASSIVATION QUALITY|OPEN PAD WINDOW|PAD WINDOW LITHO|DEVELOP PHOTORESIST|PASSIVATION ETCH PAD OPENING|STRIP RESIST|CLEAN PAD OPENING|MEASURE PAD OPENING|BACKSIDE GRIND|MEASURE WAFER THICKNESS|BACKSIDE ETCH CLEAN|BACKSIDE RINSE|BACKSIDE DRY|BACKSIDE METALLIZATION PREP|DEPOSIT BACKSIDE METAL|BACKSIDE ANNEAL|MEASURE BACKSIDE CONTACT|FINAL CLEAN|FINAL GEOMETRY CHECK|FINAL PARTICLE INSPECTION|ELECTRICAL PARAMETRIC TEST|LEAKAGE TEST|THRESHOLD VOLTAGE TEST|SWITCHING TEST|WAFER SORT TEST|YIELD ANALYSIS|LOT RELEASE|SHIP LOT
valid_0104,DEPOSIT BARRIER METAL|ANNEAL METAL|MEASURE METAL THICKNESS|SPIN COAT PHOTORESIST|SOFT BAKE|ALIGN MASK LEVEL 4|EXPOSE LITHO LEVEL 4|DEVELOP PHOTORESIST|VIA OPENING INSPECTION|VIA ETCH THROUGH DIELECTRIC|STRIP RESIST|CLEAN AFTER VIA ETCH|MEASURE VIA CD|DEPOSIT TOP METAL|ANNEAL METAL|SPIN COAT PHOTORESIST|SOFT BAKE|ALIGN MASK LEVEL 5|EXPOSE LITHO LEVEL 5|DEVELOP PHOTORESIST|METAL PATTERN INSPECTION|METAL ETCH DRY|STRIP RESIST|CLEAN AFTER METAL ETCH|MEASURE LINE WIDTH|DEPOSIT PASSIVATION|CURE PASSIVATION|MEASURE PASSIVATION QUALITY|OPEN PAD WINDOW|PAD WINDOW LITHO|DEVELOP PHOTORESIST|PASSIVATION ETCH PAD OPENING|STRIP RESIST|CLEAN PAD OPENING|MEASURE PAD OPENING|BACKSIDE GRIND|MEASURE WAFER THICKNESS|BACKSIDE ETCH CLEAN|BACKSIDE RINSE|BACKSIDE DRY|BACKSIDE METALLIZATION PREP|DEPOSIT BACKSIDE METAL|BACKSIDE ANNEAL|MEASURE BACKSIDE CONTACT|FINAL CLEAN|FINAL THICKNESS MEASURE|FINAL GEOMETRY CHECK|FINAL PARTICLE INSPECTION|ELECTRICAL PARAMETRIC TEST|LEAKAGE TEST|THRESHOLD VOLTAGE TEST|SWITCHING TEST|WAFER SORT TEST|YIELD ANALYSIS|LOT RELEASE|SHIP LOT
valid_0105,OPEN PAD WINDOW|PAD WINDOW LITHO|DEVELOP PHOTORESIST|PASSIVATION ETCH PAD OPENING|STRIP RESIST|CLEAN PAD OPENING|MEASURE PAD OPENING|BACKSIDE GRIND|MEASURE WAFER THICKNESS|BACKSIDE ETCH CLEAN|BACKSIDE RINSE|BACKSIDE DRY|BACKSIDE METALLIZATION PREP|DEPOSIT BACKSIDE METAL|BACKSIDE ANNEAL|MEASURE BACKSIDE CONTACT|FINAL CLEAN|FINAL THICKNESS MEASURE|FINAL GEOMETRY CHECK|FINAL PARTICLE INSPECTION|ELECTRICAL PARAMETRIC TEST|LEAKAGE TEST|THRESHOLD VOLTAGE TEST|SWITCHING TEST|WAFER SORT TEST|YIELD ANALYSIS|LOT RELEASE|SHIP LOT
valid_0106,MEASURE VIA RESISTANCE|DEPOSIT BARRIER METAL|ANNEAL METAL|MEASURE METAL THICKNESS|SPIN COAT PHOTORESIST|SOFT BAKE|ALIGN MASK LEVEL 4|EXPOSE LITHO LEVEL 4|DEVELOP PHOTORESIST|METAL PATTERN INSPECTION|HARD BAKE|METAL ETCH DRY|STRIP RESIST|CLEAN AFTER METAL ETCH|MEASURE LINE WIDTH|DEPOSIT PASSIVATION|CURE PASSIVATION|MEASURE PASSIVATION QUALITY|OPEN BOND PAD WINDOW|PAD WINDOW LITHO|DEVELOP PHOTORESIST|PASSIVATION ETCH PAD OPENING|STRIP RESIST|CLEAN PAD OPENING|MEASURE PAD OPENING|BACKSIDE GRIND|MEASURE WAFER THICKNESS|BACKSIDE ETCH CLEAN|BACKSIDE RINSE|BACKSIDE DRY|BACKSIDE METALLIZATION PREP|DEPOSIT BACKSIDE METAL|BACKSIDE ANNEAL|MEASURE BACKSIDE CONTACT|FINAL CLEAN|FINAL GEOMETRY CHECK|FINAL PARTICLE INSPECTION|ELECTRICAL PARAMETRIC TEST|LEAKAGE TEST|THRESHOLD VOLTAGE TEST|SWITCHING TEST|WAFER SORT TEST|YIELD ANALYSIS|LOT RELEASE|SHIP LOT
valid_0107,OPEN PAD WINDOW|PAD WINDOW LITHO|DEVELOP PAD WINDOW|PASSIVATION ETCH PAD OPENING|STRIP RESIST|CLEAN PAD OPENING|MEASURE PAD OPENING|BACKSIDE GRIND|MEASURE WAFER THICKNESS|BACKSIDE ETCH CLEAN|BACKSIDE RINSE|BACKSIDE DRY|BACKSIDE METALLIZATION PREP|DEPOSIT BACKSIDE METAL|BACKSIDE ANNEAL|MEASURE BACKSIDE CONTACT|FINAL CLEAN|FINAL GEOMETRY CHECK|FINAL PARTICLE INSPECTION|ELECTRICAL PARAMETRIC TEST|LEAKAGE TEST|THRESHOLD VOLTAGE TEST|SWITCHING TEST|WAFER SORT TEST|YIELD ANALYSIS|LOT RELEASE|SHIP LOT
valid_0108,MEASURE VIA CD|DEPOSIT BARRIER METAL|DEPOSIT METAL SEED|FILL VIA METAL|CMP METAL|MEASURE CONTACT RESISTANCE|DEPOSIT TOP METAL|ANNEAL METAL|SPIN COAT PHOTORESIST|SOFT BAKE|ALIGN MASK LEVEL 4|EXPOSE LITHO LEVEL 4|DEVELOP PHOTORESIST|METAL PATTERN INSPECTION|HARD BAKE|METAL ETCH DRY|STRIP RESIST|CLEAN AFTER METAL ETCH|MEASURE LINE WIDTH|DEPOSIT PASSIVATION|CURE PASSIVATION|MEASURE PASSIVATION QUALITY|OPEN BOND PAD WINDOW|PAD WINDOW LITHO|DEVELOP PHOTORESIST|PASSIVATION ETCH PAD OPENING|STRIP RESIST|CLEAN PAD OPENING|MEASURE PAD OPENING|BACKSIDE GRIND|MEASURE WAFER THICKNESS|BACKSIDE ETCH CLEAN|BACKSIDE RINSE|BACKSIDE DRY|BACKSIDE METALLIZATION PREP|DEPOSIT BACKSIDE METAL|BACKSIDE ANNEAL|MEASURE BACKSIDE CONTACT|FINAL CLEAN|FINAL THICKNESS MEASURE|FINAL GEOMETRY CHECK|FINAL PARTICLE INSPECTION|ELECTRICAL PARAMETRIC TEST|LEAKAGE TEST|THRESHOLD VOLTAGE TEST|SWITCHING TEST|WAFER SORT TEST|YIELD ANALYSIS|LOT RELEASE|SHIP LOT
valid_0109,OPEN PAD WINDOW|DEVELOP PAD WINDOW|PASSIVATION ETCH PAD OPENING|STRIP RESIST|CLEAN PAD OPENING|MEASURE PAD OPENING|BACKSIDE GRIND|MEASURE WAFER THICKNESS|BACKSIDE ETCH CLEAN|BACKSIDE RINSE|BACKSIDE DRY|BACKSIDE METALLIZATION PREP|DEPOSIT BACKSIDE METAL|BACKSIDE ANNEAL|MEASURE BACKSIDE CONTACT|FINAL CLEAN|FINAL THICKNESS MEASURE|FINAL GEOMETRY CHECK|FINAL PARTICLE INSPECTION|ELECTRICAL PARAMETRIC TEST|LEAKAGE TEST|THRESHOLD VOLTAGE TEST|SWITCHING TEST|WAFER SORT TEST|YIELD ANALYSIS|LOT RELEASE|SHIP LOT
valid_0110,MEASURE VIA CD|DEPOSIT BARRIER METAL|DEPOSIT METAL SEED|FILL VIA METAL|CMP METAL|MEASURE CONTACT RESISTANCE|DEPOSIT TOP METAL|ANNEAL METAL|SPIN COAT PHOTORESIST|SOFT BAKE|ALIGN MASK LEVEL 4|EXPOSE LITHO LEVEL 4|DEVELOP PHOTORESIST|METAL PATTERN INSPECTION|HARD BAKE|METAL ETCH DRY|STRIP RESIST|CLEAN AFTER METAL ETCH|MEASURE LINE WIDTH|DEPOSIT PASSIVATION|CURE PASSIVATION|MEASURE PASSIVATION QUALITY|OPEN PAD WINDOW|PAD WINDOW LITHO|DEVELOP PHOTORESIST|PASSIVATION ETCH PAD OPENING|STRIP RESIST|CLEAN PAD OPENING|MEASURE PAD OPENING|BACKSIDE GRIND|MEASURE THICKNESS|BACKSIDE ETCH CLEAN|BACKSIDE RINSE|BACKSIDE DRY|BACKSIDE METALLIZATION PREP|DEPOSIT BACKSIDE METAL|BACKSIDE ANNEAL|MEASURE BACKSIDE CONTACT|FINAL CLEAN|FINAL THICKNESS MEASURE|FINAL GEOMETRY CHECK|FINAL PARTICLE INSPECTION|ELECTRICAL PARAMETRIC TEST|LEAKAGE TEST|THRESHOLD VOLTAGE TEST|SWITCHING TEST|WAFER SORT TEST|YIELD ANALYSIS|FINAL LOT RELEASE|SHIP LOT
valid_0111,OPEN PAD WINDOW|PAD WINDOW LITHO|DEVELOP PAD WINDOW|PASSIVATION ETCH PAD OPENING|STRIP RESIST|CLEAN PAD OPENING|MEASURE PAD OPENING|BACKSIDE GRIND|MEASURE THICKNESS|BACKSIDE ETCH CLEAN|BACKSIDE RINSE|BACKSIDE DRY|BACKSIDE METALLIZATION PREP|DEPOSIT BACKSIDE METAL|BACKSIDE ANNEAL|MEASURE BACKSIDE CONTACT|FINAL CLEAN|FINAL THICKNESS MEASURE|FINAL GEOMETRY CHECK|FINAL PARTICLE INSPECTION|ELECTRICAL PARAMETRIC TEST|LEAKAGE TEST|THRESHOLD VOLTAGE TEST|SWITCHING TEST|WAFER SORT TEST|YIELD ANALYSIS|FINAL LOT RELEASE|SHIP LOT
valid_0112,MEASURE VIA CD|DEPOSIT BARRIER METAL|ANNEAL METAL|MEASURE METAL THICKNESS|SPIN COAT PHOTORESIST|SOFT BAKE|ALIGN MASK LEVEL 4|EXPOSE LITHO LEVEL 4|DEVELOP PHOTORESIST|METAL PATTERN INSPECTION|HARD BAKE|METAL ETCH DRY|STRIP RESIST|CLEAN AFTER METAL ETCH|MEASURE LINE WIDTH|DEPOSIT PASSIVATION|CURE PASSIVATION|MEASURE PASSIVATION QUALITY|OPEN BOND PAD WINDOW|PAD WINDOW LITHO|DEVELOP PHOTORESIST|PASSIVATION ETCH PAD OPENING|STRIP RESIST|CLEAN PAD OPENING|MEASURE PAD OPENING|BACKSIDE GRIND|MEASURE WAFER THICKNESS|BACKSIDE ETCH CLEAN|BACKSIDE RINSE|BACKSIDE DRY|BACKSIDE METALLIZATION PREP|DEPOSIT BACKSIDE METAL|BACKSIDE ANNEAL|MEASURE BACKSIDE CONTACT|FINAL CLEAN|FINAL GEOMETRY CHECK|FINAL CD INSPECTION|ELECTRICAL PARAMETRIC TEST|LEAKAGE TEST|THRESHOLD VOLTAGE TEST|SWITCHING TEST|WAFER SORT TEST|YIELD ANALYSIS|LOT RELEASE|SHIP LOT
valid_0113,RECEIVE WAFER LOT|LOT IDENTIFICATION|PRE CLEAN INSPECTION|MEASURE INITIAL GEOMETRY|MEASURE SURFACE PARTICLES|WAFER CLEAN PRE PROCESS|BACKSIDE CLEAN|WET CLEAN RCA1|RCA CLEAN 2|HF DIP|DRY WAFER|WAFER CLEAN PRE-GRIND|DRY WAFER|MEASURE THICKNESS|ETCH SILICON OR OXIDE WINDOW|DRY WAFER|DRY WAFER|BACKSIDE CLEAN|MEASURE PASSIVATION QUALITY|THERMAL OXIDATION|MEASURE OXIDE THICKNESS|SPIN COAT PHOTORESIST|SOFT BAKE|ALIGN MASK LEVEL 1|EXPOSE LITHO LEVEL 1|DEVELOP PHOTORESIST|METAL PATTERN INSPECTION|HARD BAKE|OXIDE ETCH DRY|STRIP RESIST|CLEAN AFTER POLY ETCH|MEASURE VIA CD|DEPOSIT POLYSILICON|ANNEAL METAL|MEASURE POLY THICKNESS|SPIN COAT PHOTORESIST|SOFT BAKE|ALIGN MASK LEVEL 2|EXPOSE LITHO LEVEL 2|DEVELOP PHOTORESIST|POLY PATTERN INSPECTION|HARD BAKE|POLYSILICON ETCH DRY|STRIP RESIST|CLEAN AFTER POLY ETCH|MEASURE GATE CD|DEPOSIT INTERLAYER DIELECTRIC|DENSIFY DIELECTRIC|MEASURE DIELECTRIC THICKNESS|CMP DIELECTRIC|MEASURE SURFACE PLANARITY|SPIN COAT PHOTORESIST|SOFT BAKE|ALIGN MASK LEVEL 3|EXPOSE LITHO LEVEL 3|DEVELOP PHOTORESIST|VIA OPENING INSPECTION|HARD BAKE|VIA ETCH THROUGH DIELECTRIC|STRIP RESIST|CLEAN AFTER VIA ETCH|MEASURE VIA CD|DEPOSIT BARRIER METAL|DEPOSIT METAL SEED|FILL VIA METAL|CMP METAL|MEASURE CONTACT RESISTANCE|DEPOSIT TOP METAL|ANNEAL METAL|MEASURE METAL THICKNESS|SPIN COAT PHOTORESIST|SOFT BAKE|ALIGN MASK LEVEL 4|EXPOSE LITHO LEVEL 4|DEVELOP PHOTORESIST|METAL PATTERN INSPECTION|HARD BAKE|METAL ETCH DRY|STRIP RESIST|CLEAN AFTER METAL ETCH|MEASURE LINE WIDTH|DEPOSIT PASSIVATION|CURE PASSIVATION|MEASURE PASSIVATION THICKNESS|OPEN PAD WINDOW|PAD WINDOW LITHO|DEVELOP PHOTORESIST|PASSIVATION ETCH PAD OPENING|STRIP RESIST|CLEAN PAD OPENING|MEASURE PAD OPENING|BACKSIDE GRIND|MEASURE THICKNESS|BACKSIDE ETCH CLEAN|BACKSIDE RINSE|BACKSIDE DRY|BACKSIDE METALLIZATION PREP|DEPOSIT BACKSIDE METAL|BACKSIDE ANNEAL|MEASURE BACKSIDE CONTACT|FINAL CLEAN|FINAL GEOMETRY CHECK|FINAL PARTICLE INSPECTION|PARAMETRIC TEST|LEAKAGE TEST|THRESHOLD VOLTAGE TEST|SWITCHING TEST|WAFER SORT TEST|YIELD ANALYSIS|LOT RELEASE|SHIP LOT
valid_0114,MEASURE VIA CD|DEPOSIT BARRIER METAL|DEPOSIT METAL SEED|FILL VIA METAL|CMP METAL|MEASURE CONTACT RESISTANCE|DEPOSIT TOP METAL|ANNEAL METAL|SPIN COAT PHOTORESIST|SOFT BAKE|ALIGN MASK LEVEL 4|EXPOSE LITHO LEVEL 4|DEVELOP PHOTORESIST|METAL PATTERN INSPECTION|HARD BAKE|METAL ETCH DRY|STRIP RESIST|CLEAN AFTER METAL ETCH|MEASURE LINE WIDTH|DEPOSIT PASSIVATION|CURE PASSIVATION|MEASURE PASSIVATION QUALITY|OPEN BOND PAD WINDOW|PAD WINDOW LITHO|DEVELOP PHOTORESIST|PASSIVATION ETCH PAD OPENING|STRIP RESIST|CLEAN PAD OPENING|MEASURE PAD OPENING|BACKSIDE GRIND|MEASURE WAFER THICKNESS|BACKSIDE ETCH CLEAN|BACKSIDE RINSE|BACKSIDE DRY|BACKSIDE METALLIZATION PREP|DEPOSIT BACKSIDE METAL|BACKSIDE ANNEAL|MEASURE BACKSIDE CONTACT|FINAL CLEAN|FINAL THICKNESS MEASURE|FINAL GEOMETRY CHECK|FINAL CD INSPECTION|FINAL PARTICLE INSPECTION|ELECTRICAL PARAMETRIC TEST|LEAKAGE TEST|THRESHOLD VOLTAGE TEST|SWITCHING TEST|WAFER SORT TEST|YIELD ANALYSIS|LOT RELEASE|SHIP LOT
valid_0115,OPEN PAD WINDOW|PAD WINDOW LITHO|DEVELOP PAD WINDOW|PASSIVATION ETCH PAD OPENING|STRIP RESIST|CLEAN PAD OPENING|MEASURE PAD OPENING|BACKSIDE GRIND|MEASURE WAFER THICKNESS|BACKSIDE ETCH CLEAN|BACKSIDE RINSE|BACKSIDE DRY|BACKSIDE METALLIZATION PREP|DEPOSIT BACKSIDE METAL|BACKSIDE ANNEAL|MEASURE BACKSIDE CONTACT|FINAL CLEAN|FINAL THICKNESS MEASURE|FINAL GEOMETRY CHECK|FINAL CD INSPECTION|FINAL PARTICLE INSPECTION|ELECTRICAL PARAMETRIC TEST|LEAKAGE TEST|THRESHOLD VOLTAGE TEST|SWITCHING TEST|WAFER SORT TEST|YIELD ANALYSIS|LOT RELEASE|SHIP LOT
valid_0116,DEPOSIT BARRIER METAL|ANNEAL METAL|MEASURE METAL THICKNESS|SPIN COAT PHOTORESIST|SOFT BAKE|ALIGN MASK LEVEL 4|EXPOSE LITHO LEVEL 4|DEVELOP PHOTORESIST|METAL PATTERN INSPECTION|HARD BAKE|METAL ETCH DRY|STRIP RESIST|CLEAN AFTER METAL ETCH|MEASURE LINE WIDTH|DEPOSIT PASSIVATION|CURE PASSIVATION|MEASURE PASSIVATION QUALITY|OPEN PAD WINDOW|PAD WINDOW LITHO|DEVELOP PHOTORESIST|PASSIVATION ETCH PAD OPENING|STRIP RESIST|CLEAN PAD OPENING|MEASURE PAD OPENING|BACKSIDE GRIND|MEASURE WAFER THICKNESS|BACKSIDE ETCH CLEAN|BACKSIDE RINSE|BACKSIDE DRY|BACKSIDE METALLIZATION PREP|DEPOSIT BACKSIDE METAL|BACKSIDE ANNEAL|MEASURE BACKSIDE CONTACT|FINAL CLEAN|FINAL GEOMETRY CHECK|FINAL PARTICLE INSPECTION|ELECTRICAL PARAMETRIC TEST|LEAKAGE TEST|THRESHOLD VOLTAGE TEST|SWITCHING TEST|WAFER SORT TEST|YIELD ANALYSIS|LOT RELEASE|SHIP LOT
valid_0117,OPEN PAD WINDOW|PAD WINDOW LITHO|DEVELOP PAD WINDOW|PASSIVATION ETCH PAD OPENING|STRIP RESIST|CLEAN PAD OPENING|MEASURE PAD OPENING|BACKSIDE GRIND|MEASURE WAFER THICKNESS|BACKSIDE ETCH CLEAN|BACKSIDE RINSE|BACKSIDE DRY|BACKSIDE METALLIZATION PREP|DEPOSIT BACKSIDE METAL|BACKSIDE ANNEAL|MEASURE BACKSIDE CONTACT|FINAL CLEAN|FINAL GEOMETRY CHECK|FINAL PARTICLE INSPECTION|ELECTRICAL PARAMETRIC TEST|LEAKAGE TEST|THRESHOLD VOLTAGE TEST|SWITCHING TEST|WAFER SORT TEST|YIELD ANALYSIS|LOT RELEASE|SHIP LOT
valid_0118,DEPOSIT BARRIER METAL|ANNEAL METAL|MEASURE METAL THICKNESS|SPIN COAT PHOTORESIST|SOFT BAKE|ALIGN MASK LEVEL 4|EXPOSE LITHO LEVEL 4|POST EXPOSE BAKE|DEVELOP PHOTORESIST|METAL PATTERN INSPECTION|METAL ETCH DRY|STRIP RESIST|CLEAN AFTER METAL ETCH|MEASURE LINE WIDTH|DEPOSIT PASSIVATION|CURE PASSIVATION|MEASURE PASSIVATION QUALITY|OPEN BOND PAD WINDOW|PAD WINDOW LITHO|DEVELOP PHOTORESIST|PASSIVATION ETCH PAD OPENING|STRIP RESIST|CLEAN PAD OPENING|MEASURE PAD OPENING|BACKSIDE GRIND|MEASURE WAFER THICKNESS|BACKSIDE ETCH CLEAN|BACKSIDE RINSE|BACKSIDE DRY|BACKSIDE METALLIZATION PREP|DEPOSIT BACKSIDE METAL|BACKSIDE ANNEAL|MEASURE BACKSIDE CONTACT|FINAL CLEAN|FINAL THICKNESS MEASURE|FINAL GEOMETRY CHECK|FINAL PARTICLE INSPECTION|ELECTRICAL PARAMETRIC TEST|LEAKAGE TEST|THRESHOLD VOLTAGE TEST|SWITCHING TEST|WAFER SORT TEST|YIELD ANALYSIS|LOT RELEASE|SHIP LOT
valid_0119,OPEN PAD WINDOW|PAD WINDOW LITHO|DEVELOP PHOTORESIST|PASSIVATION ETCH PAD OPENING|STRIP RESIST|CLEAN PAD OPENING|MEASURE PAD OPENING|BACKSIDE GRIND|MEASURE WAFER THICKNESS|BACKSIDE ETCH CLEAN|BACKSIDE RINSE|BACKSIDE DRY|BACKSIDE METALLIZATION PREP|DEPOSIT BACKSIDE METAL|BACKSIDE ANNEAL|MEASURE BACKSIDE CONTACT|FINAL CLEAN|FINAL THICKNESS MEASURE|FINAL GEOMETRY CHECK|FINAL PARTICLE INSPECTION|ELECTRICAL PARAMETRIC TEST|LEAKAGE TEST|THRESHOLD VOLTAGE TEST|SWITCHING TEST|WAFER SORT TEST|YIELD ANALYSIS|LOT RELEASE|SHIP LOT
valid_0120,BACKSIDE CLEAN|MEASURE PASSIVATION QUALITY|DEPOSIT BARRIER METAL|DEPOSIT METAL SEED|FILL VIA METAL|CMP METAL|MEASURE CONTACT RESISTANCE|DEPOSIT TOP METAL|ANNEAL METAL|SPIN COAT PHOTORESIST|SOFT BAKE|ALIGN MASK LEVEL 4|EXPOSE LITHO LEVEL 4|POST EXPOSE BAKE|DEVELOP PHOTORESIST|METAL PATTERN INSPECTION|METAL ETCH DRY|STRIP RESIST|CLEAN AFTER METAL ETCH|MEASURE LINE WIDTH|DEPOSIT PASSIVATION|CURE PASSIVATION|MEASURE PASSIVATION QUALITY|OPEN PAD WINDOW|PAD WINDOW LITHO|DEVELOP PAD WINDOW|PASSIVATION ETCH PAD OPENING|STRIP RESIST|CLEAN PAD OPENING|MEASURE PAD OPENING|BACKSIDE CLEAN|BACKSIDE GRIND|MEASURE THICKNESS|BACKSIDE ETCH CLEAN|BACKSIDE RINSE|BACKSIDE DRY|BACKSIDE METALLIZATION PREP|DEPOSIT BACKSIDE METAL|BACKSIDE ANNEAL|MEASURE BACKSIDE CONTACT|FINAL CLEAN|FINAL GEOMETRY CHECK|FINAL PARTICLE INSPECTION|ELECTRICAL PARAMETRIC TEST|LEAKAGE TEST|THRESHOLD VOLTAGE TEST|SWITCHING TEST|WAFER SORT TEST|YIELD ANALYSIS|FINAL LOT RELEASE|SHIP LOT
valid_0121,OPEN PAD WINDOW|DEVELOP PHOTORESIST|PASSIVATION ETCH PAD OPENING|STRIP RESIST|CLEAN PAD OPENING|MEASURE PAD OPENING|BACKSIDE GRIND|MEASURE WAFER THICKNESS|BACKSIDE ETCH CLEAN|BACKSIDE RINSE|BACKSIDE DRY|BACKSIDE METALLIZATION PREP|DEPOSIT BACKSIDE METAL|BACKSIDE ANNEAL|MEASURE BACKSIDE CONTACT|FINAL CLEAN|FINAL GEOMETRY CHECK|FINAL PARTICLE INSPECTION|ELECTRICAL PARAMETRIC TEST|LEAKAGE TEST|THRESHOLD VOLTAGE TEST|SWITCHING TEST|WAFER SORT TEST|YIELD ANALYSIS|LOT RELEASE|SHIP LOT
valid_0122,MEASURE VIA CD|DEPOSIT BARRIER METAL|ANNEAL METAL|MEASURE METAL THICKNESS|SPIN COAT PHOTORESIST|SOFT BAKE|ALIGN MASK LEVEL 4|EXPOSE LITHO LEVEL 4|DEVELOP PHOTORESIST|METAL PATTERN INSPECTION|HARD BAKE|METAL ETCH DRY|STRIP RESIST|CLEAN AFTER METAL ETCH|MEASURE LINE WIDTH|DEPOSIT PASSIVATION|CURE PASSIVATION|MEASURE PASSIVATION QUALITY|OPEN BOND PAD WINDOW|PAD WINDOW LITHO|DEVELOP PHOTORESIST|PASSIVATION ETCH PAD OPENING|STRIP RESIST|CLEAN PAD OPENING|MEASURE PAD OPENING|BACKSIDE GRIND|MEASURE WAFER THICKNESS|BACKSIDE ETCH CLEAN|BACKSIDE RINSE|BACKSIDE DRY|BACKSIDE METALLIZATION PREP|DEPOSIT BACKSIDE METAL|BACKSIDE ANNEAL|MEASURE BACKSIDE CONTACT|FINAL CLEAN|FINAL GEOMETRY CHECK|FINAL CD INSPECTION|ELECTRICAL PARAMETRIC TEST|LEAKAGE TEST|THRESHOLD VOLTAGE TEST|SWITCHING TEST|WAFER SORT TEST|YIELD ANALYSIS|LOT RELEASE|SHIP LOT
valid_0123,OPEN PAD WINDOW|DEVELOP PHOTORESIST|PASSIVATION ETCH PAD OPENING|STRIP RESIST|CLEAN PAD OPENING|MEASURE PAD OPENING|BACKSIDE GRIND|MEASURE THICKNESS|BACKSIDE ETCH CLEAN|BACKSIDE RINSE|BACKSIDE DRY|BACKSIDE METALLIZATION PREP|DEPOSIT BACKSIDE METAL|BACKSIDE ANNEAL|MEASURE BACKSIDE CONTACT|FINAL CLEAN|FINAL GEOMETRY CHECK|FINAL PARTICLE INSPECTION|ELECTRICAL PARAMETRIC TEST|LEAKAGE TEST|THRESHOLD VOLTAGE TEST|SWITCHING TEST|WAFER SORT TEST|YIELD ANALYSIS|FINAL LOT RELEASE|SHIP LOT
valid_0124,RECEIVE WAFER LOT|LOT IDENTIFICATION|PRE CLEAN INSPECTION|MEASURE INITIAL THICKNESS|MEASURE SURFACE PARTICLES|PRE CLEAN WAFER|BACKSIDE CLEAN|FRONTSIDE CLEAN|RCA CLEAN 1|RCA CLEAN 2|HF DIP|WAFER CLEAN PRE-GRIND|DRY WAFER|MEASURE THICKNESS|EPITAXIAL WAFER CHECK|MEASURE EPITAXY THICKNESS|MEASURE RESISTIVITY|EPITAXIAL REWORK CHECK|DEPOSIT FIELD OXIDE|DENSIFY OXIDE|MEASURE FILM THICKNESS|SPIN COAT PHOTORESIST|SOFT BAKE|ALIGN MASK LEVEL 4|EXPOSE LITHO LEVEL 4|POST EXPOSE BAKE|DEVELOP PHOTORESIST|FIELD PATTERN INSPECTION|FIELD OXIDE ETCH|STRIP RESIST|CLEAN AFTER FIELD ETCH|MEASURE SURFACE UNIFORMITY|DEPOSIT GATE OXIDE OR DIELECTRIC|ANNEAL DIELECTRIC|MEASURE OXIDE QUALITY|DEPOSIT POLYSILICON|ANNEAL METAL|MEASURE POLY THICKNESS|SPIN COAT PHOTORESIST|SOFT BAKE|ALIGN MASK LEVEL 5|EXPOSE LITHO LEVEL 5|DEVELOP PHOTORESIST|POLY PATTERN INSPECTION|POLYSILICON ETCH DRY|STRIP RESIST|CLEAN AFTER POLY ETCH|MEASURE GATE CD|IMPLANT SOURCE DRAIN|LIGHT ANNEAL|MEASURE SHEET RESISTANCE|DEPOSIT SPACER DIELECTRIC|CMP DIELECTRIC|MEASURE SPACER WIDTH|OPEN PAD WINDOW|PAD WINDOW LITHO|DEVELOP PHOTORESIST|PAD WINDOW LITHO|PAD WINDOW LITHO|STRIP RESIST|CLEAN PAD OPENING|MEASURE PAD OPENING|DEPOSIT INTERLAYER DIELECTRIC|DENSIFY DIELECTRIC|MEASURE FILM THICKNESS|CMP DIELECTRIC|MEASURE SURFACE PLANARITY|SPIN COAT PHOTORESIST|SOFT BAKE|ALIGN MASK LEVEL 6|EXPOSE LITHO LEVEL 6|DEVELOP PHOTORESIST|VIA INSPECTION|DIELECTRIC ETCH VIA|STRIP RESIST|CLEAN AFTER VIA ETCH|MEASURE VIA CD|DEPOSIT BARRIER METAL|DEPOSIT METAL SEED|FILL VIA METAL|CMP VIA FILL|MEASURE CONTACT RESISTANCE|DEPOSIT TOP METAL|ANNEAL METAL|SPIN COAT PHOTORESIST|SOFT BAKE|ALIGN MASK LEVEL 4|EXPOSE LITHO LEVEL 6|DEVELOP PHOTORESIST|METAL PATTERN INSPECTION|METAL ETCH DRY|STRIP RESIST|CLEAN AFTER METAL ETCH|MEASURE LINE WIDTH|DEPOSIT PASSIVATION|CURE PASSIVATION|MEASURE PASSIVATION QUALITY|OPEN BOND PAD WINDOW|PAD WINDOW LITHO|DEVELOP PHOTORESIST|PASSIVATION ETCH PAD OPENING|STRIP RESIST|CLEAN PAD OPENING|MEASURE PAD OPENING|BACKSIDE GRIND|MEASURE THICKNESS|BACKSIDE ETCH CLEAN|BACKSIDE RINSE|BACKSIDE DRY|BACKSIDE METALLIZATION PREP|DEPOSIT BACKSIDE METAL|BACKSIDE ANNEAL|MEASURE BACKSIDE CONTACT|FINAL CLEAN|FINAL THICKNESS MEASURE|FINAL GEOMETRY CHECK|FINAL CD INSPECTION|FINAL PARTICLE INSPECTION|ELECTRICAL PARAMETRIC TEST|LEAKAGE TEST|THRESHOLD VOLTAGE TEST|SWITCHING TEST|WAFER SORT TEST|YIELD ANALYSIS|LOT RELEASE|SHIP LOT
valid_0125,OPEN PAD WINDOW|PAD WINDOW LITHO|DEVELOP PAD WINDOW|PASSIVATION ETCH PAD OPENING|STRIP RESIST|CLEAN PAD OPENING|MEASURE PAD OPENING|BACKSIDE GRIND|MEASURE THICKNESS|BACKSIDE ETCH CLEAN|BACKSIDE RINSE|BACKSIDE DRY|BACKSIDE METALLIZATION PREP|DEPOSIT BACKSIDE METAL|BACKSIDE ANNEAL|MEASURE BACKSIDE CONTACT|FINAL CLEAN|FINAL THICKNESS MEASURE|FINAL GEOMETRY CHECK|FINAL PARTICLE INSPECTION|ELECTRICAL PARAMETRIC TEST|LEAKAGE TEST|THRESHOLD VOLTAGE TEST|SWITCHING TEST|WAFER SORT TEST|YIELD ANALYSIS|FINAL LOT RELEASE|SHIP LOT
valid_0126,MEASURE VIA RESISTANCE|DEPOSIT BARRIER METAL|ANNEAL METAL|MEASURE METAL THICKNESS|SPIN COAT PHOTORESIST|SOFT BAKE|ALIGN MASK LEVEL 4|EXPOSE LITHO LEVEL 4|DEVELOP PHOTORESIST|METAL PATTERN INSPECTION|HARD BAKE|METAL ETCH DRY|STRIP RESIST|CLEAN AFTER METAL ETCH|MEASURE LINE WIDTH|DEPOSIT PASSIVATION|CURE PASSIVATION|MEASURE PASSIVATION QUALITY|OPEN BOND PAD WINDOW|PAD WINDOW LITHO|DEVELOP PHOTORESIST|PASSIVATION ETCH PAD OPENING|STRIP RESIST|CLEAN PAD OPENING|MEASURE PAD OPENING|BACKSIDE GRIND|MEASURE WAFER THICKNESS|BACKSIDE ETCH CLEAN|BACKSIDE RINSE|BACKSIDE DRY|BACKSIDE METALLIZATION PREP|DEPOSIT BACKSIDE METAL|BACKSIDE ANNEAL|MEASURE BACKSIDE CONTACT|FINAL CLEAN|FINAL THICKNESS MEASURE|FINAL GEOMETRY CHECK|FINAL PARTICLE INSPECTION|ELECTRICAL PARAMETRIC TEST|LEAKAGE TEST|THRESHOLD VOLTAGE TEST|SWITCHING TEST|WAFER SORT TEST|YIELD ANALYSIS|LOT RELEASE|SHIP LOT
valid_0127,OPEN PAD WINDOW|DEVELOP PAD WINDOW|PASSIVATION ETCH PAD OPENING|STRIP RESIST|CLEAN PAD OPENING|MEASURE PAD OPENING|BACKSIDE GRIND|MEASURE WAFER THICKNESS|BACKSIDE ETCH CLEAN|BACKSIDE RINSE|BACKSIDE DRY|BACKSIDE METALLIZATION PREP|DEPOSIT BACKSIDE METAL|BACKSIDE ANNEAL|MEASURE BACKSIDE CONTACT|FINAL CLEAN|FINAL GEOMETRY CHECK|FINAL PARTICLE INSPECTION|ELECTRICAL PARAMETRIC TEST|LEAKAGE TEST|THRESHOLD VOLTAGE TEST|SWITCHING TEST|WAFER SORT TEST|YIELD ANALYSIS|LOT RELEASE|SHIP LOT
valid_0128,DEPOSIT BARRIER METAL|ANNEAL METAL|MEASURE METAL THICKNESS|SPIN COAT PHOTORESIST|SOFT BAKE|ALIGN MASK LEVEL 4|EXPOSE LITHO LEVEL 4|DEVELOP PHOTORESIST|METAL PATTERN INSPECTION|HARD BAKE|METAL ETCH DRY|STRIP RESIST|CLEAN AFTER METAL ETCH|MEASURE LINE WIDTH|DEPOSIT PASSIVATION|CURE PASSIVATION|MEASURE PASSIVATION QUALITY|OPEN PAD WINDOW|PAD WINDOW LITHO|DEVELOP PHOTORESIST|PASSIVATION ETCH PAD OPENING|STRIP RESIST|CLEAN PAD OPENING|MEASURE PAD OPENING|BACKSIDE GRIND|MEASURE WAFER THICKNESS|BACKSIDE ETCH CLEAN|BACKSIDE RINSE|BACKSIDE DRY|BACKSIDE METALLIZATION PREP|DEPOSIT BACKSIDE METAL|BACKSIDE ANNEAL|MEASURE BACKSIDE CONTACT|FINAL CLEAN|FINAL THICKNESS MEASURE|FINAL GEOMETRY CHECK|FINAL CD INSPECTION|FINAL PARTICLE INSPECTION|ELECTRICAL PARAMETRIC TEST|LEAKAGE TEST|THRESHOLD VOLTAGE TEST|SWITCHING TEST|WAFER SORT TEST|YIELD ANALYSIS|LOT RELEASE|SHIP LOT
valid_0129,RECEIVE WAFER LOT|LOT IDENTIFICATION|PRE CLEAN INSPECTION|MEASURE INITIAL THICKNESS|MEASURE SURFACE PARTICLES|WAFER CLEAN PRE PROCESS|WET CLEAN RCA1|RCA CLEAN 2|HF DIP|DRY WAFER|BACKSIDE CLEAN|BACKSIDE GRIND|MEASURE THICKNESS|BACKSIDE ETCH CLEAN|BACKSIDE RINSE|BACKSIDE DRY|BACKSIDE METALLIZATION PREP|DEPOSIT BACKSIDE METAL|BACKSIDE ANNEAL|MEASURE BACKSIDE CONTACT|FINAL CLEAN|FINAL THICKNESS MEASURE|FINAL GEOMETRY CHECK|FINAL PARTICLE INSPECTION|ELECTRICAL PARAMETRIC TEST|LEAKAGE TEST|THRESHOLD VOLTAGE TEST|SWITCHING TEST|WAFER SORT TEST|YIELD ANALYSIS|FINAL LOT RELEASE|SHIP LOT
valid_0130,MEASURE VIA CD|DEPOSIT BARRIER METAL|DEPOSIT METAL SEED|FILL VIA METAL|CMP METAL|MEASURE CONTACT RESISTANCE|DEPOSIT TOP METAL|ANNEAL METAL|SPIN COAT PHOTORESIST|SOFT BAKE|ALIGN MASK LEVEL 4|EXPOSE LITHO LEVEL 4|POST EXPOSE BAKE|DEVELOP PHOTORESIST|METAL PATTERN INSPECTION|METAL ETCH DRY|STRIP RESIST|CLEAN AFTER METAL ETCH|MEASURE LINE WIDTH|DEPOSIT PASSIVATION|CURE PASSIVATION|MEASURE PASSIVATION QUALITY|OPEN PAD WINDOW|PAD WINDOW LITHO|DEVELOP PHOTORESIST|PASSIVATION ETCH PAD OPENING|STRIP RESIST|CLEAN PAD OPENING|MEASURE PAD OPENING|BACKSIDE GRIND|MEASURE THICKNESS|BACKSIDE ETCH CLEAN|BACKSIDE RINSE|BACKSIDE DRY|BACKSIDE METALLIZATION PREP|DEPOSIT BACKSIDE METAL|BACKSIDE ANNEAL|MEASURE BACKSIDE CONTACT|FINAL CLEAN|FINAL GEOMETRY CHECK|FINAL PARTICLE INSPECTION|ELECTRICAL PARAMETRIC TEST|LEAKAGE TEST|THRESHOLD VOLTAGE TEST|SWITCHING TEST|WAFER SORT TEST|YIELD ANALYSIS|FINAL LOT RELEASE|SHIP LOT
valid_0131,
valid_0132,DEPOSIT METAL SEED|FILL VIA METAL|CMP METAL|MEASURE CONTACT RESISTANCE|DEPOSIT TOP METAL|ANNEAL METAL|SPIN COAT PHOTORESIST|SOFT BAKE|ALIGN MASK LEVEL 4|EXPOSE LITHO LEVEL 4|DEVELOP PHOTORESIST|METAL PATTERN INSPECTION|HARD BAKE|METAL ETCH DRY|STRIP RESIST|CLEAN AFTER METAL ETCH|MEASURE LINE WIDTH|DEPOSIT PASSIVATION|CURE PASSIVATION|MEASURE PASSIVATION QUALITY|OPEN PAD WINDOW|PAD WINDOW LITHO|DEVELOP PAD WINDOW|PASSIVATION ETCH PAD OPENING|STRIP RESIST|CLEAN PAD OPENING|MEASURE PAD OPENING|BACKSIDE GRIND|MEASURE THICKNESS|BACKSIDE ETCH CLEAN|BACKSIDE RINSE|BACKSIDE DRY|BACKSIDE METALLIZATION PREP|DEPOSIT BACKSIDE METAL|BACKSIDE ANNEAL|MEASURE BACKSIDE CONTACT|FINAL CLEAN|FINAL THICKNESS MEASURE|FINAL GEOMETRY CHECK|FINAL PARTICLE INSPECTION|ELECTRICAL PARAMETRIC TEST|LEAKAGE TEST|THRESHOLD VOLTAGE TEST|SWITCHING TEST|WAFER SORT TEST|YIELD ANALYSIS|FINAL LOT RELEASE|SHIP LOT
valid_0133,OPEN PAD WINDOW|DEVELOP PHOTORESIST|PASSIVATION ETCH PAD OPENING|STRIP RESIST|CLEAN PAD OPENING|MEASURE PAD OPENING|BACKSIDE GRIND|MEASURE WAFER THICKNESS|BACKSIDE ETCH CLEAN|BACKSIDE RINSE|BACKSIDE DRY|BACKSIDE METALLIZATION PREP|DEPOSIT BACKSIDE METAL|BACKSIDE ANNEAL|MEASURE BACKSIDE CONTACT|FINAL CLEAN|FINAL THICKNESS MEASURE|FINAL GEOMETRY CHECK|FINAL PARTICLE INSPECTION|ELECTRICAL PARAMETRIC TEST|LEAKAGE TEST|THRESHOLD VOLTAGE TEST|SWITCHING TEST|WAFER SORT TEST|YIELD ANALYSIS|LOT RELEASE|SHIP LOT
valid_0134,MEASURE VIA CD|DEPOSIT BARRIER METAL|DEPOSIT METAL SEED|FILL VIA METAL|CMP METAL|MEASURE CONTACT RESISTANCE|DEPOSIT TOP METAL|ANNEAL METAL|SPIN COAT PHOTORESIST|SOFT BAKE|ALIGN MASK LEVEL 4|EXPOSE LITHO LEVEL 4|DEVELOP PHOTORESIST|METAL PATTERN INSPECTION|HARD BAKE|METAL ETCH DRY|STRIP RESIST|CLEAN AFTER METAL ETCH|MEASURE LINE WIDTH|DEPOSIT PASSIVATION|CURE PASSIVATION|MEASURE PASSIVATION QUALITY|OPEN BOND PAD WINDOW|PAD WINDOW LITHO|DEVELOP PHOTORESIST|PASSIVATION ETCH PAD OPENING|STRIP RESIST|CLEAN PAD OPENING|MEASURE PAD OPENING|BACKSIDE GRIND|MEASURE WAFER THICKNESS|BACKSIDE ETCH CLEAN|BACKSIDE RINSE|BACKSIDE DRY|BACKSIDE METALLIZATION PREP|DEPOSIT BACKSIDE METAL|BACKSIDE ANNEAL|MEASURE BACKSIDE CONTACT|FINAL CLEAN|FINAL THICKNESS MEASURE|FINAL GEOMETRY CHECK|FINAL PARTICLE INSPECTION|ELECTRICAL PARAMETRIC TEST|LEAKAGE TEST|THRESHOLD VOLTAGE TEST|SWITCHING TEST|WAFER SORT TEST|YIELD ANALYSIS|LOT RELEASE|SHIP LOT
valid_0135,OPEN PAD WINDOW|DEVELOP PHOTORESIST|PASSIVATION ETCH PAD OPENING|STRIP RESIST|CLEAN PAD OPENING|MEASURE PAD OPENING|BACKSIDE GRIND|MEASURE WAFER THICKNESS|BACKSIDE ETCH CLEAN|BACKSIDE RINSE|BACKSIDE DRY|BACKSIDE METALLIZATION PREP|DEPOSIT BACKSIDE METAL|BACKSIDE ANNEAL|MEASURE BACKSIDE CONTACT|FINAL CLEAN|FINAL THICKNESS MEASURE|FINAL GEOMETRY CHECK|FINAL PARTICLE INSPECTION|ELECTRICAL PARAMETRIC TEST|LEAKAGE TEST|THRESHOLD VOLTAGE TEST|SWITCHING TEST|WAFER SORT TEST|YIELD ANALYSIS|LOT RELEASE|SHIP LOT
valid_0136,DEPOSIT BARRIER METAL|ANNEAL METAL|MEASURE METAL THICKNESS|SPIN COAT PHOTORESIST|SOFT BAKE|ALIGN MASK LEVEL 4|EXPOSE LITHO LEVEL 4|DEVELOP PHOTORESIST|METAL PATTERN INSPECTION|HARD BAKE|METAL ETCH DRY|STRIP RESIST|CLEAN AFTER METAL ETCH|MEASURE LINE WIDTH|DEPOSIT PASSIVATION|CURE PASSIVATION|MEASURE PASSIVATION QUALITY|OPEN PAD WINDOW|PAD WINDOW LITHO|DEVELOP PHOTORESIST|PASSIVATION ETCH PAD OPENING|STRIP RESIST|CLEAN PAD OPENING|MEASURE PAD OPENING|BACKSIDE GRIND|MEASURE WAFER THICKNESS|BACKSIDE ETCH CLEAN|BACKSIDE RINSE|BACKSIDE DRY|BACKSIDE METALLIZATION PREP|DEPOSIT BACKSIDE METAL|BACKSIDE ANNEAL|MEASURE BACKSIDE CONTACT|FINAL CLEAN|FINAL GEOMETRY CHECK|FINAL PARTICLE INSPECTION|ELECTRICAL PARAMETRIC TEST|LEAKAGE TEST|THRESHOLD VOLTAGE TEST|SWITCHING TEST|WAFER SORT TEST|YIELD ANALYSIS|LOT RELEASE|SHIP LOT
valid_0137,RECEIVE WAFER LOT|LOT IDENTIFICATION|PRE CLEAN INSPECTION|MEASURE INITIAL GEOMETRY|MEASURE SURFACE PARTICLES|WAFER CLEAN PRE PROCESS|BACKSIDE CLEAN|BACKSIDE GRIND|MEASURE THICKNESS|BACKSIDE ETCH CLEAN|BACKSIDE RINSE|BACKSIDE DRY|BACKSIDE METALLIZATION PREP|DEPOSIT BACKSIDE METAL|BACKSIDE ANNEAL|MEASURE BACKSIDE CONTACT|FINAL CLEAN|FINAL GEOMETRY CHECK|FINAL PARTICLE INSPECTION|ELECTRICAL PARAMETRIC TEST|LEAKAGE TEST|THRESHOLD VOLTAGE TEST|SWITCHING TEST|WAFER SORT TEST|YIELD ANALYSIS|LOT RELEASE|SHIP LOT
valid_0138,MEASURE VIA RESISTANCE|DEPOSIT BARRIER METAL|ANNEAL METAL|MEASURE METAL THICKNESS|SPIN COAT PHOTORESIST|SOFT BAKE|ALIGN MASK LEVEL 4|EXPOSE LITHO LEVEL 4|DEVELOP PHOTORESIST|METAL PATTERN INSPECTION|HARD BAKE|METAL ETCH DRY|STRIP RESIST|CLEAN AFTER METAL ETCH|MEASURE LINE WIDTH|DEPOSIT PASSIVATION|CURE PASSIVATION|MEASURE PASSIVATION QUALITY|OPEN BOND PAD WINDOW|PAD WINDOW LITHO|DEVELOP PHOTORESIST|PASSIVATION ETCH PAD OPENING|STRIP RESIST|CLEAN PAD OPENING|MEASURE PAD OPENING|BACKSIDE GRIND|MEASURE WAFER THICKNESS|BACKSIDE ETCH CLEAN|BACKSIDE RINSE|BACKSIDE DRY|BACKSIDE METALLIZATION PREP|DEPOSIT BACKSIDE METAL|BACKSIDE ANNEAL|MEASURE BACKSIDE CONTACT|FINAL CLEAN|FINAL THICKNESS MEASURE|FINAL GEOMETRY CHECK|FINAL PARTICLE INSPECTION|ELECTRICAL PARAMETRIC TEST|LEAKAGE TEST|THRESHOLD VOLTAGE TEST|SWITCHING TEST|WAFER SORT TEST|YIELD ANALYSIS|LOT RELEASE|SHIP LOT
valid_0139,OPEN PAD WINDOW|DEVELOP PAD WINDOW|PASSIVATION ETCH PAD OPENING|STRIP RESIST|CLEAN PAD OPENING|MEASURE PAD OPENING|BACKSIDE GRIND|MEASURE WAFER THICKNESS|BACKSIDE ETCH CLEAN|BACKSIDE RINSE|BACKSIDE DRY|BACKSIDE METALLIZATION PREP|DEPOSIT BACKSIDE METAL|BACKSIDE ANNEAL|MEASURE BACKSIDE CONTACT|FINAL CLEAN|FINAL THICKNESS MEASURE|FINAL GEOMETRY CHECK|FINAL PARTICLE INSPECTION|ELECTRICAL PARAMETRIC TEST|LEAKAGE TEST|THRESHOLD VOLTAGE TEST|SWITCHING TEST|WAFER SORT TEST|YIELD ANALYSIS|LOT RELEASE|SHIP LOT
valid_0140,MEASURE VIA CD|DEPOSIT BARRIER METAL|DEPOSIT METAL SEED|FILL VIA METAL|CMP METAL|MEASURE CONTACT RESISTANCE|DEPOSIT TOP METAL|ANNEAL METAL|SPIN COAT PHOTORESIST|SOFT BAKE|ALIGN MASK LEVEL 4|EXPOSE LITHO LEVEL 4|DEVELOP PHOTORESIST|METAL PATTERN INSPECTION|HARD BAKE|METAL ETCH DRY|STRIP RESIST|CLEAN AFTER METAL ETCH|MEASURE LINE WIDTH|DEPOSIT PASSIVATION|CURE PASSIVATION|MEASURE PASSIVATION QUALITY|OPEN PAD WINDOW|PAD WINDOW LITHO|DEVELOP PHOTORESIST|PASSIVATION ETCH PAD OPENING|STRIP RESIST|CLEAN PAD OPENING|MEASURE PAD OPENING|BACKSIDE GRIND|MEASURE WAFER THICKNESS|BACKSIDE ETCH CLEAN|BACKSIDE RINSE|BACKSIDE DRY|BACKSIDE METALLIZATION PREP|DEPOSIT BACKSIDE METAL|BACKSIDE ANNEAL|MEASURE BACKSIDE CONTACT|FINAL CLEAN|FINAL THICKNESS MEASURE|FINAL GEOMETRY CHECK|FINAL CD INSPECTION|FINAL PARTICLE INSPECTION|ELECTRICAL PARAMETRIC TEST|LEAKAGE TEST|THRESHOLD VOLTAGE TEST|SWITCHING TEST|WAFER SORT TEST|YIELD ANALYSIS|LOT RELEASE|SHIP LOT
valid_0141,OPEN PAD WINDOW|OPEN PAD WINDOW LITHO|DEVELOP PHOTORESIST|PASSIVATION ETCH PAD OPENING|STRIP RESIST|CLEAN PAD OPENING|MEASURE PAD OPENING|BACKSIDE GRIND|MEASURE WAFER THICKNESS|BACKSIDE ETCH CLEAN|BACKSIDE RINSE|BACKSIDE DRY|BACKSIDE METALLIZATION PREP|DEPOSIT BACKSIDE METAL|BACKSIDE ANNEAL|MEASURE BACKSIDE CONTACT|FINAL CLEAN|FINAL THICKNESS MEASURE|FINAL GEOMETRY CHECK|FINAL PARTICLE INSPECTION|ELECTRICAL PARAMETRIC TEST|LEAKAGE TEST|THRESHOLD VOLTAGE TEST|SWITCHING TEST|WAFER SORT TEST|YIELD ANALYSIS|LOT RELEASE|SHIP LOT
valid_0142,MEASURE VIA CD|DEPOSIT BARRIER METAL|DEPOSIT METAL SEED|FILL VIA METAL|CMP METAL|MEASURE CONTACT RESISTANCE|DEPOSIT TOP METAL|ANNEAL METAL|SPIN COAT PHOTORESIST|SOFT BAKE|ALIGN MASK LEVEL 4|EXPOSE LITHO LEVEL 4|DEVELOP PHOTORESIST|METAL PATTERN INSPECTION|METAL ETCH DRY|STRIP RESIST|CLEAN AFTER METAL ETCH|MEASURE LINE WIDTH|DEPOSIT PASSIVATION|CURE PASSIVATION|MEASURE PASSIVATION QUALITY|OPEN BOND PAD WINDOW|PAD WINDOW LITHO|DEVELOP PHOTORESIST|PASSIVATION ETCH PAD OPENING|STRIP RESIST|CLEAN PAD OPENING|MEASURE PAD OPENING|BACKSIDE GRIND|MEASURE WAFER THICKNESS|BACKSIDE ETCH CLEAN|BACKSIDE RINSE|BACKSIDE DRY|BACKSIDE METALLIZATION PREP|DEPOSIT BACKSIDE METAL|BACKSIDE ANNEAL|MEASURE BACKSIDE CONTACT|FINAL CLEAN|FINAL THICKNESS MEASURE|FINAL GEOMETRY CHECK|FINAL PARTICLE INSPECTION|ELECTRICAL PARAMETRIC TEST|LEAKAGE TEST|THRESHOLD VOLTAGE TEST|SWITCHING TEST|WAFER SORT TEST|YIELD ANALYSIS|LOT RELEASE|SHIP LOT
valid_0143,RECEIVE WAFER LOT|LOT IDENTIFICATION|PRE CLEAN INSPECTION|MEASURE INITIAL THICKNESS|MEASURE SURFACE PARTICLES|WAFER CLEAN PRE PROCESS|FRONTSIDE CLEAN|RCA CLEAN 1|WET CLEAN RCA2|HF DIP|WAFER CLEAN PRE-GRIND|DRY WAFER|MEASURE THICKNESS|ETCH SILICON OR OXIDE WINDOW|STRIP RESIST|CLEAN AFTER ETCH|MEASURE OPENING CD|IMPLANT WELL|PRE ANNEAL CHECK|DRIVE IN DIFFUSION|RAPID THERMAL ANNEAL|MEASURE JUNCTION DEPTH|DEPOSIT FIELD OXIDE|DENSIFY OXIDE|MEASURE FILM THICKNESS|SPIN COAT PHOTORESIST|SOFT BAKE|ALIGN MASK LEVEL 5|EXPOSE LITHO LEVEL 5|DEVELOP PHOTORESIST|FIELD PATTERN INSPECTION|FIELD OXIDE ETCH|STRIP RESIST|CLEAN AFTER FIELD ETCH|MEASURE SURFACE UNIFORMITY|IMPLANT SOURCE REGION|IMPLANT DRAIN / CATHODE REGION|RAPID THERMAL ANNEAL|MEASURE SHEET RESISTANCE|DEPOSIT GATE OXIDE OR DIELECTRIC|ANNEAL DIELECTRIC|MEASURE OXIDE QUALITY|DEPOSIT POLYSILICON|ANNEAL METAL|MEASURE POLY THICKNESS|SPIN COAT PHOTORESIST|SOFT BAKE|ALIGN MASK LEVEL 6|EXPOSE LITHO LEVEL 6|DEVELOP PHOTORESIST|POLY PATTERN INSPECTION|POLYSILICON ETCH DRY|STRIP RESIST|CLEAN AFTER POLY ETCH|MEASURE GATE CD|IMPLANT CHANNEL STOP|RAPID THERMAL ANNEAL|MEASURE DEVICE PARAMETER|DEPOSIT INTERLEVEL DIELECTRIC|DENSIFY OXIDE|MEASURE DIELECTRIC THICKNESS|CMP DIELECTRIC|MEASURE PLANARITY|SPIN COAT PHOTORESIST|SOFT BAKE|ALIGN MASK LEVEL 4|EXPOSE LITHO LEVEL 6|DEVELOP PHOTORESIST|VIA OPENING INSPECTION|HARD BAKE|VIA ETCH THROUGH DIELECTRIC|STRIP RESIST|CLEAN AFTER VIA ETCH|MEASURE VIA CD|DEPOSIT BARRIER METAL|DEPOSIT METAL SEED|FILL VIA METAL|CMP VIA FILL|MEASURE CONTACT RESISTANCE|DEPOSIT TOP METAL|ANNEAL METAL|SPIN COAT PHOTORESIST|SOFT BAKE|ALIGN MASK LEVEL 4|EXPOSE LITHO LEVEL 6|DEVELOP PHOTORESIST|METAL PATTERN INSPECTION|METAL ETCH DRY|STRIP RESIST|CLEAN AFTER METAL ETCH|MEASURE LINE WIDTH|DEPOSIT PASSIVATION|CURE PASSIVATION|MEASURE PASSIVATION QUALITY|OPEN PAD WINDOW|PAD WINDOW LITHO|DEVELOP PHOTORESIST|PASSIVATION ETCH PAD OPENING|STRIP RESIST|CLEAN PAD OPENING|MEASURE PAD OPENING|BACKSIDE GRIND|MEASURE THICKNESS|BACKSIDE ETCH CLEAN|BACKSIDE RINSE|BACKSIDE DRY|BACKSIDE METALLIZATION PREP|DEPOSIT BACKSIDE METAL|BACKSIDE ANNEAL|MEASURE BACKSIDE CONTACT|FINAL CLEAN|FINAL THICKNESS MEASURE|FINAL GEOMETRY CHECK|FINAL PARTICLE INSPECTION|ELECTRICAL PARAMETRIC TEST|LEAKAGE TEST|THRESHOLD VOLTAGE TEST|SWITCHING TEST|WAFER SORT TEST|YIELD ANALYSIS|LOT RELEASE|SHIP LOT
valid_0144,MEASURE VIA CD|DEPOSIT BARRIER METAL|DEPOSIT METAL SEED|FILL VIA METAL|CMP VIA FILL|MEASURE CONTACT RESISTANCE|DEPOSIT TOP METAL|ANNEAL METAL|SPIN COAT PHOTORESIST|SOFT BAKE|ALIGN MASK LEVEL 4|EXPOSE LITHO LEVEL 4|DEVELOP PHOTORESIST|METAL PATTERN INSPECTION|HARD BAKE|METAL ETCH DRY|STRIP RESIST|CLEAN AFTER METAL ETCH|MEASURE LINE WIDTH|DEPOSIT PASSIVATION|CURE PASSIVATION|MEASURE PASSIVATION QUALITY|OPEN BOND PAD WINDOW|PAD WINDOW LITHO|DEVELOP PHOTORESIST|PASSIVATION ETCH PAD OPENING|STRIP RESIST|CLEAN PAD OPENING|MEASURE PAD OPENING|BACKSIDE GRIND|MEASURE THICKNESS|BACKSIDE ETCH CLEAN|BACKSIDE RINSE|BACKSIDE DRY|BACKSIDE METALLIZATION PREP|DEPOSIT BACKSIDE METAL|BACKSIDE ANNEAL|MEASURE BACKSIDE CONTACT|FINAL CLEAN|FINAL GEOMETRY CHECK|FINAL PARTICLE INSPECTION|ELECTRICAL PARAMETRIC TEST|LEAKAGE TEST|THRESHOLD VOLTAGE TEST|SWITCHING TEST|WAFER SORT TEST|YIELD ANALYSIS|FINAL LOT RELEASE|SHIP LOT
valid_0145,OPEN PAD WINDOW|PAD WINDOW LITHO|DEVELOP PAD WINDOW|PASSIVATION ETCH PAD OPENING|STRIP RESIST|CLEAN PAD OPENING|MEASURE PAD OPENING|BACKSIDE GRIND|MEASURE THICKNESS|BACKSIDE ETCH CLEAN|BACKSIDE RINSE|BACKSIDE DRY|BACKSIDE METALLIZATION PREP|DEPOSIT BACKSIDE METAL|BACKSIDE ANNEAL|MEASURE BACKSIDE CONTACT|FINAL CLEAN|FINAL GEOMETRY CHECK|FINAL PARTICLE INSPECTION|ELECTRICAL PARAMETRIC TEST|LEAKAGE TEST|THRESHOLD VOLTAGE TEST|SWITCHING TEST|WAFER SORT TEST|YIELD ANALYSIS|FINAL LOT RELEASE|SHIP LOT
valid_0146,MEASURE VIA CD|DEPOSIT BARRIER METAL|DEPOSIT METAL SEED|FILL VIA METAL|CMP METAL|MEASURE CONTACT RESISTANCE|DEPOSIT TOP METAL|ANNEAL METAL|SPIN COAT PHOTORESIST|SOFT BAKE|ALIGN MASK LEVEL 4|EXPOSE LITHO LEVEL 4|DEVELOP PHOTORESIST|METAL PATTERN INSPECTION|METAL ETCH DRY|STRIP RESIST|CLEAN AFTER METAL ETCH|MEASURE LINE WIDTH|DEPOSIT PASSIVATION|CURE PASSIVATION|MEASURE PASSIVATION QUALITY|OPEN PAD WINDOW|PAD WINDOW LITHO|DEVELOP PHOTORESIST|PASSIVATION ETCH PAD OPENING|STRIP RESIST|CLEAN PAD OPENING|MEASURE PAD OPENING|BACKSIDE GRIND|MEASURE THICKNESS|BACKSIDE ETCH CLEAN|BACKSIDE RINSE|BACKSIDE DRY|BACKSIDE METALLIZATION PREP|DEPOSIT BACKSIDE METAL|BACKSIDE ANNEAL|MEASURE BACKSIDE CONTACT|FINAL CLEAN|FINAL GEOMETRY CHECK|FINAL PARTICLE INSPECTION|ELECTRICAL PARAMETRIC TEST|LEAKAGE TEST|THRESHOLD VOLTAGE TEST|SWITCHING TEST|WAFER SORT TEST|YIELD ANALYSIS|FINAL LOT RELEASE|SHIP LOT
valid_0147,BACKSIDE CLEAN|MEASURE PASSIVATION QUALITY|BACKSIDE GRIND|MEASURE THICKNESS|BACKSIDE ETCH CLEAN|BACKSIDE RINSE|BACKSIDE DRY|BACKSIDE METALLIZATION PREP|DEPOSIT BACKSIDE METAL|BACKSIDE ANNEAL|MEASURE BACKSIDE CONTACT|FINAL CLEAN|FINAL GEOMETRY CHECK|FINAL PARTICLE INSPECTION|ELECTRICAL PARAMETRIC TEST|LEAKAGE TEST|THRESHOLD VOLTAGE TEST|SWITCHING TEST|WAFER SORT TEST|YIELD ANALYSIS|FINAL LOT RELEASE|SHIP LOT
valid_0148,MEASURE VIA CD|DEPOSIT BARRIER METAL|DEPOSIT METAL SEED|FILL VIA METAL|CMP METAL|MEASURE CONTACT RESISTANCE|DEPOSIT TOP METAL|ANNEAL METAL|SPIN COAT PHOTORESIST|SOFT BAKE|ALIGN MASK LEVEL 4|EXPOSE LITHO LEVEL 4|POST EXPOSE BAKE|DEVELOP PHOTORESIST|METAL PATTERN INSPECTION|METAL ETCH DRY|STRIP RESIST|CLEAN AFTER METAL ETCH|MEASURE LINE WIDTH|DEPOSIT PASSIVATION|CURE PASSIVATION|MEASURE PASSIVATION QUALITY|OPEN PAD WINDOW|PAD WINDOW LITHO|DEVELOP PAD WINDOW|PASSIVATION ETCH PAD OPENING|STRIP RESIST|CLEAN PAD OPENING|MEASURE PAD OPENING|BACKSIDE GRIND|MEASURE THICKNESS|BACKSIDE ETCH CLEAN|BACKSIDE RINSE|BACKSIDE DRY|BACKSIDE METALLIZATION PREP|DEPOSIT BACKSIDE METAL|BACKSIDE ANNEAL|MEASURE BACKSIDE CONTACT|FINAL CLEAN|FINAL GEOMETRY CHECK|FINAL PARTICLE INSPECTION|ELECTRICAL PARAMETRIC TEST|LEAKAGE TEST|THRESHOLD VOLTAGE TEST|SWITCHING TEST|WAFER SORT TEST|YIELD ANALYSIS|FINAL LOT RELEASE|SHIP LOT
valid_0149,OPEN PAD WINDOW|DEVELOP PHOTORESIST|PASSIVATION ETCH PAD OPENING|STRIP RESIST|CLEAN PAD OPENING|MEASURE PAD OPENING|BACKSIDE GRIND|MEASURE WAFER THICKNESS|BACKSIDE ETCH CLEAN|BACKSIDE RINSE|BACKSIDE DRY|BACKSIDE METALLIZATION PREP|DEPOSIT BACKSIDE METAL|BACKSIDE ANNEAL|MEASURE BACKSIDE CONTACT|FINAL CLEAN|FINAL GEOMETRY CHECK|FINAL PARTICLE INSPECTION|ELECTRICAL PARAMETRIC TEST|LEAKAGE TEST|THRESHOLD VOLTAGE TEST|SWITCHING TEST|WAFER SORT TEST|YIELD ANALYSIS|LOT RELEASE|SHIP LOT
valid_0150,MEASURE VIA CD|DEPOSIT BARRIER METAL|DEPOSIT METAL SEED|FILL VIA METAL|CMP METAL|MEASURE CONTACT RESISTANCE|DEPOSIT TOP METAL|ANNEAL METAL|SPIN COAT PHOTORESIST|SOFT BAKE|ALIGN MASK LEVEL 4|EXPOSE LITHO LEVEL 4|DEVELOP PHOTORESIST|METAL PATTERN INSPECTION|HARD BAKE|METAL ETCH DRY|STRIP RESIST|CLEAN AFTER METAL ETCH|MEASURE LINE WIDTH|DEPOSIT PASSIVATION|CURE PASSIVATION|MEASURE PASSIVATION QUALITY|OPEN PAD WINDOW|PAD WINDOW LITHO|DEVELOP PHOTORESIST|PASSIVATION ETCH PAD OPENING|STRIP RESIST|CLEAN PAD OPENING|MEASURE PAD OPENING|BACKSIDE GRIND|MEASURE THICKNESS|BACKSIDE ETCH CLEAN|BACKSIDE RINSE|BACKSIDE DRY|BACKSIDE METALLIZATION PREP|DEPOSIT BACKSIDE METAL|BACKSIDE ANNEAL|MEASURE BACKSIDE CONTACT|FINAL CLEAN|FINAL THICKNESS MEASURE|FINAL GEOMETRY CHECK|FINAL PARTICLE INSPECTION|ELECTRICAL PARAMETRIC TEST|LEAKAGE TEST|THRESHOLD VOLTAGE TEST|SWITCHING TEST|WAFER SORT TEST|YIELD ANALYSIS|FINAL LOT RELEASE|SHIP LOT
valid_0151,RECEIVE WAFER LOT|LOT IDENTIFICATION|INITIAL WAFER INSPECTION|MEASURE SURFACE PARTICLES|WAFER CLEAN PRE PROCESS|BACKSIDE CLEAN|WET CLEAN RCA1|RCA CLEAN 2|HF DIP|WAFER CLEAN PRE-GRIND|MEASURE WAFER THICKNESS|MEASURE WAFER THICKNESS|ETCH SILICON OR OXIDE WINDOW|DRY WAFER|DRY WAFER|BACKSIDE CLEAN|MEASURE BACKSIDE ROUGHNESS|DEPOSIT FIELD OXIDE|DENSIFY OXIDE|MEASURE FILM THICKNESS|DEPOSIT FIELD OXIDE|MEASURE PLANARITY|SPIN COAT PHOTORESIST|SOFT BAKE|ALIGN MASK LEVEL 1|EXPOSE LITHO LEVEL 1|DEVELOP PHOTORESIST|FIELD PATTERN INSPECTION|HARD BAKE|FIELD OXIDE ETCH|STRIP RESIST|CLEAN AFTER FIELD ETCH|MEASURE SURFACE UNIFORMITY|DEPOSIT GATE OXIDE OR DIELECTRIC|ANNEAL DIELECTRIC|MEASURE OXIDE QUALITY|DEPOSIT POLYSILICON|ANNEAL METAL|MEASURE POLY THICKNESS|SPIN COAT PHOTORESIST|SOFT BAKE|ALIGN MASK LEVEL 2|EXPOSE LITHO LEVEL 2|DEVELOP PHOTORESIST|POLY PATTERN INSPECTION|HARD BAKE|POLYSILICON ETCH DRY|STRIP RESIST|CLEAN AFTER POLY ETCH|MEASURE LINE WIDTH|IMPLANT SOURCE REGION|PRE ANNEAL CHECK|DRIVE IN DIFFUSION|RAPID THERMAL ANNEAL|MEASURE SHEET RESISTANCE|DEPOSIT GATE OXIDE OR DIELECTRIC|ANNEAL DIELECTRIC|MEASURE OXIDE QUALITY|DEPOSIT POLYSILICON|ANNEAL METAL|MEASURE POLY THICKNESS|SPIN COAT PHOTORESIST|SOFT BAKE|ALIGN MASK LEVEL 3|EXPOSE LITHO LEVEL 3|DEVELOP PHOTORESIST|POLY PATTERN INSPECTION|HARD BAKE|POLYSILICON ETCH DRY|STRIP RESIST|CLEAN AFTER POLY ETCH|MEASURE GATE CD|DEPOSIT INTERLAYER DIELECTRIC|DENSIFY DIELECTRIC|MEASURE DIELECTRIC THICKNESS|CMP DIELECTRIC|MEASURE PLANARITY|SPIN COAT PHOTORESIST|SOFT BAKE|ALIGN MASK LEVEL 4|EXPOSE LITHO LEVEL 4|DEVELOP PHOTORESIST|VIA OPENING INSPECTION|HARD BAKE|VIA ETCH THROUGH DIELECTRIC|STRIP RESIST|CLEAN AFTER VIA ETCH|MEASURE VIA CD|DEPOSIT BARRIER METAL|DEPOSIT METAL SEED|FILL VIA METAL|CMP METAL|MEASURE CONTACT RESISTANCE|DEPOSIT TOP METAL|ANNEAL METAL|MEASURE METAL THICKNESS|SPIN COAT PHOTORESIST|SOFT BAKE|ALIGN MASK LEVEL 5|EXPOSE LITHO LEVEL 5|DEVELOP PHOTORESIST|METAL PATTERN INSPECTION|HARD BAKE|METAL ETCH DRY|STRIP RESIST|CLEAN AFTER METAL ETCH|MEASURE LINE WIDTH|DEPOSIT PASSIVATION|CURE PASSIVATION|MEASURE PASSIVATION QUALITY|OPEN PAD WINDOW|PAD WINDOW LITHO|DEVELOP PHOTORESIST|PASSIVATION ETCH PAD OPENING|STRIP RESIST|CLEAN PAD OPENING|MEASURE PAD OPENING|BACKSIDE CLEAN|BACKSIDE GRIND|MEASURE THICKNESS|BACKSIDE ETCH CLEAN|BACKSIDE RINSE|BACKSIDE DRY|BACKSIDE METALLIZATION PREP|DEPOSIT BACKSIDE METAL|BACKSIDE ANNEAL|MEASURE BACKSIDE CONTACT|FINAL CLEAN|FINAL THICKNESS MEASURE|FINAL GEOMETRY CHECK|FINAL PARTICLE INSPECTION|ELECTRICAL PARAMETRIC TEST|LEAKAGE TEST|THRESHOLD VOLTAGE TEST|SWITCHING TEST|WAFER SORT TEST|YIELD ANALYSIS|LOT RELEASE|SHIP LOT
valid_0152,MEASURE VIA CD|DEPOSIT BARRIER METAL|DEPOSIT METAL SEED|FILL VIA METAL|CMP METAL|MEASURE CONTACT RESISTANCE|DEPOSIT TOP METAL|ANNEAL METAL|SPIN COAT PHOTORESIST|SOFT BAKE|ALIGN MASK LEVEL 4|EXPOSE LITHO LEVEL 4|DEVELOP PHOTORESIST|METAL PATTERN INSPECTION|HARD BAKE|METAL ETCH DRY|STRIP RESIST|CLEAN AFTER METAL ETCH|MEASURE LINE WIDTH|DEPOSIT PASSIVATION|CURE PASSIVATION|MEASURE PASSIVATION QUALITY|OPEN PAD WINDOW|PAD WINDOW LITHO|DEVELOP PHOTORESIST|PASSIVATION ETCH PAD OPENING|STRIP RESIST|CLEAN PAD OPENING|MEASURE PAD OPENING|BACKSIDE GRIND|MEASURE WAFER THICKNESS|BACKSIDE ETCH CLEAN|BACKSIDE RINSE|BACKSIDE DRY|BACKSIDE METALLIZATION PREP|DEPOSIT BACKSIDE METAL|BACKSIDE ANNEAL|MEASURE BACKSIDE CONTACT|FINAL CLEAN|FINAL THICKNESS MEASURE|FINAL GEOMETRY CHECK|FINAL CD INSPECTION|FINAL PARTICLE INSPECTION|ELECTRICAL PARAMETRIC TEST|LEAKAGE TEST|THRESHOLD VOLTAGE TEST|SWITCHING TEST|WAFER SORT TEST|YIELD ANALYSIS|LOT RELEASE|SHIP LOT
valid_0153,FINAL CLEAN|FINAL THICKNESS MEASURE|PARAMETRIC TEST|LEAKAGE TEST|THRESHOLD VOLTAGE TEST|SWITCHING TEST|WAFER SORT TEST|YIELD ANALYSIS|FINAL LOT RELEASE|SHIP LOT
valid_0154,MEASURE VIA CD|DEPOSIT BARRIER METAL|DEPOSIT METAL SEED|FILL VIA METAL|CMP METAL|MEASURE CONTACT RESISTANCE|DEPOSIT TOP METAL|ANNEAL METAL|SPIN COAT PHOTORESIST|SOFT BAKE|ALIGN MASK LEVEL 4|EXPOSE LITHO LEVEL 4|POST EXPOSE BAKE|DEVELOP PHOTORESIST|METAL PATTERN INSPECTION|METAL ETCH DRY|STRIP RESIST|CLEAN AFTER METAL ETCH|MEASURE LINE WIDTH|DEPOSIT PASSIVATION|CURE PASSIVATION|MEASURE PASSIVATION QUALITY|OPEN PAD WINDOW|PAD WINDOW LITHO|DEVELOP PAD WINDOW|PASSIVATION ETCH PAD OPENING|STRIP RESIST|CLEAN PAD OPENING|MEASURE PAD OPENING|BACKSIDE GRIND|MEASURE THICKNESS|BACKSIDE ETCH CLEAN|BACKSIDE RINSE|BACKSIDE DRY|BACKSIDE METALLIZATION PREP|DEPOSIT BACKSIDE METAL|BACKSIDE ANNEAL|MEASURE BACKSIDE CONTACT|FINAL CLEAN|FINAL GEOMETRY CHECK|FINAL PARTICLE INSPECTION|ELECTRICAL PARAMETRIC TEST|LEAKAGE TEST|THRESHOLD VOLTAGE TEST|SWITCHING TEST|WAFER SORT TEST|YIELD ANALYSIS|FINAL LOT RELEASE|SHIP LOT
valid_0155,RECEIVE WAFER LOT|LOT IDENTIFICATION|PRE CLEAN INSPECTION|WAFER CLEAN PRE PROCESS|BACKSIDE CLEAN|RCA CLEAN 1|RCA CLEAN 2|HF DIP|WAFER CLEAN PRE-GRIND|DRY WAFER|MEASURE THICKNESS|ETCH SILICON OR OXIDE WINDOW|DRY WAFER|DRY WAFER|BACKSIDE CLEAN|MEASURE PASSIVATION QUALITY|THERMAL OXIDATION|MEASURE OXIDE THICKNESS|SPIN COAT PHOTORESIST|SOFT BAKE|ALIGN MASK LEVEL 1|EXPOSE LITHO LEVEL 1|POST EXPOSE BAKE|DEVELOP PHOTORESIST|METAL PATTERN INSPECTION|HARD BAKE|OXIDE ETCH DRY|STRIP RESIST|CLEAN AFTER POLY ETCH|MEASURE GATE CD|DEPOSIT POLYSILICON|ANNEAL METAL|MEASURE POLY THICKNESS|SPIN COAT PHOTORESIST|SOFT BAKE|ALIGN MASK LEVEL 2|EXPOSE LITHO LEVEL 2|DEVELOP PHOTORESIST|POLY PATTERN INSPECTION|HARD BAKE|POLYSILICON ETCH DRY|STRIP RESIST|CLEAN AFTER POLY ETCH|MEASURE LINE WIDTH|IMPLANT SOURCE REGION|PRE ANNEAL CHECK|DRIVE IN DIFFUSION|RAPID THERMAL ANNEAL|MEASURE SHEET RESISTANCE|IMPLANT DRAIN / CATHODE REGION|ANNEAL DIELECTRIC|MEASURE PASSIVATION QUALITY|SPIN COAT PHOTORESIST|SOFT BAKE|ALIGN MASK LEVEL 3|EXPOSE LITHO LEVEL 3|DEVELOP PHOTORESIST|VIA OPENING INSPECTION|HARD BAKE|VIA ETCH THROUGH DIELECTRIC|STRIP RESIST|CLEAN AFTER VIA ETCH|MEASURE VIA CD|DEPOSIT BARRIER METAL|DEPOSIT METAL SEED|FILL VIA METAL|CMP METAL|MEASURE CONTACT RESISTANCE|DEPOSIT TOP METAL|ANNEAL METAL|MEASURE METAL THICKNESS|SPIN COAT PHOTORESIST|SOFT BAKE|ALIGN MASK LEVEL 4|EXPOSE LITHO LEVEL 4|DEVELOP PHOTORESIST|METAL PATTERN INSPECTION|HARD BAKE|METAL ETCH DRY|STRIP RESIST|CLEAN AFTER METAL ETCH|MEASURE LINE WIDTH|DEPOSIT PASSIVATION LAYER|CURE PASSIVATION|MEASURE PASSIVATION THICKNESS|OPEN PAD WINDOW|PAD WINDOW LITHO|DEVELOP PHOTORESIST|PASSIVATION ETCH PAD OPENING|STRIP RESIST|CLEAN PAD OPENING|MEASURE PAD OPENING|BACKSIDE CLEAN|BACKSIDE GRIND|MEASURE THICKNESS|BACKSIDE ETCH CLEAN|BACKSIDE RINSE|BACKSIDE DRY|BACKSIDE METALLIZATION PREP|DEPOSIT BACKSIDE METAL|BACKSIDE ANNEAL|MEASURE BACKSIDE CONTACT|FINAL CLEAN|FINAL THICKNESS MEASURE|FINAL GEOMETRY CHECK|FINAL PARTICLE INSPECTION|ELECTRICAL PARAMETRIC TEST|LEAKAGE TEST|THRESHOLD VOLTAGE TEST|SWITCHING TEST|WAFER SORT TEST|YIELD ANALYSIS|LOT RELEASE|SHIP LOT
valid_0156,MEASURE VIA CD|DEPOSIT BARRIER METAL|DEPOSIT METAL SEED|FILL VIA METAL|CMP METAL|MEASURE CONTACT RESISTANCE|DEPOSIT TOP METAL|ANNEAL METAL|SPIN COAT PHOTORESIST|SOFT BAKE|ALIGN MASK LEVEL 4|EXPOSE LITHO LEVEL 4|DEVELOP PHOTORESIST|METAL PATTERN INSPECTION|HARD BAKE|METAL ETCH DRY|STRIP RESIST|CLEAN AFTER METAL ETCH|MEASURE LINE WIDTH|DEPOSIT PASSIVATION|CURE PASSIVATION|MEASURE PASSIVATION QUALITY|OPEN PAD WINDOW|PAD WINDOW LITHO|DEVELOP PHOTORESIST|PASSIVATION ETCH PAD OPENING|STRIP RESIST|CLEAN PAD OPENING|MEASURE PAD OPENING|BACKSIDE GRIND|MEASURE WAFER THICKNESS|BACKSIDE ETCH CLEAN|BACKSIDE RINSE|BACKSIDE DRY|BACKSIDE METALLIZATION PREP|DEPOSIT BACKSIDE METAL|BACKSIDE ANNEAL|MEASURE BACKSIDE CONTACT|FINAL CLEAN|FINAL THICKNESS MEASURE|FINAL GEOMETRY CHECK|FINAL PARTICLE INSPECTION|ELECTRICAL PARAMETRIC TEST|LEAKAGE TEST|THRESHOLD VOLTAGE TEST|SWITCHING TEST|WAFER SORT TEST|YIELD ANALYSIS|LOT RELEASE|SHIP LOT
valid_0157,RECEIVE WAFER LOT|LOT IDENTIFICATION|PRE CLEAN INSPECTION|MEASURE INITIAL THICKNESS|MEASURE SURFACE PARTICLES|WAFER CLEAN PRE PROCESS|FRONTSIDE CLEAN|RCA CLEAN 1|RCA CLEAN 2|HF DIP|DRY WAFER|WAFER CLEAN PRE-GRIND|DRY WAFER|MEASURE THICKNESS|ETCH SILICON OR OXIDE WINDOW|LEAKAGE TEST|DRY WAFER BACKSIDE|BACKSIDE CLEAN|MEASURE PASSIVATION QUALITY|THERMAL OXIDATION|MEASURE OXIDE THICKNESS|SPIN COAT PHOTORESIST|SOFT BAKE|ALIGN MASK LEVEL 1|EXPOSE LITHO LEVEL 1|DEVELOP PHOTORESIST|PATTERN INSPECTION LEVEL 1|HARD BAKE|OXIDE ETCH|STRIP RESIST|CLEAN AFTER POLY ETCH|MEASURE GATE CD|DEPOSIT POLYSILICON|ANNEAL METAL|MEASURE POLY THICKNESS|SPIN COAT PHOTORESIST|SOFT BAKE|ALIGN MASK LEVEL 2|EXPOSE LITHO LEVEL 2|DEVELOP PHOTORESIST|POLY PATTERN INSPECTION|POLYSILICON ETCH DRY|STRIP RESIST|CLEAN AFTER POLY ETCH|MEASURE LINE WIDTH|IMPLANT SOURCE REGION|PRE ANNEAL CHECK|LIGHT ANNEAL|MEASURE SHEET RESISTANCE|IMPLANT DRAIN / CATHODE REGION|ANNEAL DIELECTRIC|MEASURE DIELECTRIC THICKNESS|SPIN COAT PHOTORESIST|SOFT BAKE|ALIGN MASK LEVEL 3|EXPOSE LITHO LEVEL 3|DEVELOP PHOTORESIST|VIA OPENING INSPECTION|VIA ETCH THROUGH DIELECTRIC|STRIP RESIST|CLEAN AFTER VIA ETCH|MEASURE VIA CD|DEPOSIT BARRIER METAL|DEPOSIT METAL SEED|FILL VIA METAL|CMP VIA FILL|MEASURE CONTACT RESISTANCE|DEPOSIT TOP METAL|ANNEAL METAL|MEASURE METAL THICKNESS|SPIN COAT PHOTORESIST|SOFT BAKE|ALIGN MASK LEVEL 4|EXPOSE LITHO LEVEL 4|DEVELOP PHOTORESIST|METAL PATTERN INSPECTION|METAL ETCH DRY|STRIP RESIST|CLEAN AFTER METAL ETCH|MEASURE LINE WIDTH|DEPOSIT PASSIVATION|CURE PASSIVATION|MEASURE PASSIVATION QUALITY|OPEN PAD WINDOW|PAD WINDOW LITHO|DEVELOP PHOTORESIST|PASSIVATION ETCH PAD OPENING|STRIP RESIST|CLEAN PAD OPENING|MEASURE PAD OPENING|BACKSIDE GRIND|MEASURE THICKNESS|BACKSIDE ETCH CLEAN|BACKSIDE RINSE|BACKSIDE DRY|BACKSIDE METALLIZATION PREP|DEPOSIT BACKSIDE METAL|BACKSIDE ANNEAL|MEASURE BACKSIDE CONTACT|FINAL CLEAN|FINAL THICKNESS MEASURE|FINAL GEOMETRY CHECK|FINAL CD INSPECTION|FINAL PARTICLE INSPECTION|ELECTRICAL PARAMETRIC TEST|LEAKAGE TEST|THRESHOLD VOLTAGE TEST|SWITCHING TEST|WAFER SORT TEST|YIELD ANALYSIS|LOT RELEASE|SHIP LOT
valid_0158,MEASURE VIA CD|DEPOSIT BARRIER METAL|DEPOSIT METAL SEED|FILL VIA METAL|CMP METAL|MEASURE CONTACT RESISTANCE|DEPOSIT TOP METAL|ANNEAL METAL|SPIN COAT PHOTORESIST|SOFT BAKE|ALIGN MASK LEVEL 4|EXPOSE LITHO LEVEL 4|POST EXPOSE BAKE|DEVELOP PHOTORESIST|METAL PATTERN INSPECTION|METAL ETCH DRY|STRIP RESIST|CLEAN AFTER METAL ETCH|MEASURE LINE WIDTH|DEPOSIT PASSIVATION|CURE PASSIVATION|MEASURE PASSIVATION QUALITY|OPEN BOND PAD WINDOW|PAD WINDOW LITHO|DEVELOP PHOTORESIST|PASSIVATION ETCH PAD OPENING|STRIP RESIST|CLEAN PAD OPENING|MEASURE PAD OPENING|BACKSIDE GRIND|MEASURE WAFER THICKNESS|BACKSIDE ETCH CLEAN|BACKSIDE RINSE|BACKSIDE DRY|BACKSIDE METALLIZATION PREP|DEPOSIT BACKSIDE METAL|BACKSIDE ANNEAL|MEASURE BACKSIDE CONTACT|FINAL CLEAN|FINAL GEOMETRY CHECK|FINAL CD INSPECTION|ELECTRICAL PARAMETRIC TEST|LEAKAGE TEST|THRESHOLD VOLTAGE TEST|SWITCHING TEST|WAFER SORT TEST|YIELD ANALYSIS|FINAL LOT RELEASE|SHIP LOT
valid_0159,OPEN PAD WINDOW LITHO|DEVELOP PHOTORESIST|PASSIVATION ETCH PAD OPENING|STRIP RESIST|CLEAN PAD OPENING|MEASURE PAD OPENING|BACKSIDE GRIND|MEASURE WAFER THICKNESS|BACKSIDE ETCH CLEAN|BACKSIDE RINSE|BACKSIDE DRY|BACKSIDE METALLIZATION PREP|DEPOSIT BACKSIDE METAL|BACKSIDE ANNEAL|MEASURE BACKSIDE CONTACT|FINAL CLEAN|FINAL GEOMETRY CHECK|FINAL PARTICLE INSPECTION|ELECTRICAL PARAMETRIC TEST|LEAKAGE TEST|THRESHOLD VOLTAGE TEST|SWITCHING TEST|WAFER SORT TEST|YIELD ANALYSIS|LOT RELEASE|SHIP LOT
valid_0160,DEPOSIT BARRIER METAL|ANNEAL METAL|MEASURE METAL THICKNESS|SPIN COAT PHOTORESIST|SOFT BAKE|ALIGN MASK LEVEL 4|EXPOSE LITHO LEVEL 4|DEVELOP PHOTORESIST|METAL PATTERN INSPECTION|HARD BAKE|METAL ETCH DRY|STRIP RESIST|CLEAN AFTER METAL ETCH|MEASURE LINE WIDTH|DEPOSIT PASSIVATION|CURE PASSIVATION|MEASURE PASSIVATION QUALITY|OPEN BOND PAD WINDOW|PAD WINDOW LITHO|DEVELOP PHOTORESIST|PASSIVATION ETCH PAD OPENING|STRIP RESIST|CLEAN PAD OPENING|MEASURE PAD OPENING|BACKSIDE GRIND|MEASURE WAFER THICKNESS|BACKSIDE ETCH CLEAN|BACKSIDE RINSE|BACKSIDE DRY|BACKSIDE METALLIZATION PREP|DEPOSIT BACKSIDE METAL|BACKSIDE ANNEAL|MEASURE BACKSIDE CONTACT|FINAL CLEAN|FINAL GEOMETRY CHECK|FINAL PARTICLE INSPECTION|ELECTRICAL PARAMETRIC TEST|LEAKAGE TEST|THRESHOLD VOLTAGE TEST|SWITCHING TEST|WAFER SORT TEST|YIELD ANALYSIS|LOT RELEASE|SHIP LOT
valid_0161,BACKSIDE CLEAN|MEASURE BACKSIDE ROUGHNESS|BACKSIDE GRIND|MEASURE WAFER THICKNESS|BACKSIDE ETCH CLEAN|BACKSIDE RINSE|BACKSIDE DRY|BACKSIDE METALLIZATION PREP|DEPOSIT BACKSIDE METAL|BACKSIDE ANNEAL|MEASURE BACKSIDE CONTACT|FINAL CLEAN|FINAL GEOMETRY CHECK|FINAL PARTICLE INSPECTION|ELECTRICAL PARAMETRIC TEST|LEAKAGE TEST|THRESHOLD VOLTAGE TEST|SWITCHING TEST|WAFER SORT TEST|YIELD ANALYSIS|FINAL LOT RELEASE|SHIP LOT
valid_0162,MEASURE VIA RESISTANCE|DEPOSIT BARRIER METAL|DEPOSIT METAL SEED|FILL VIA METAL|CMP METAL|MEASURE CONTACT RESISTANCE|DEPOSIT TOP METAL|ANNEAL METAL|SPIN COAT PHOTORESIST|SOFT BAKE|ALIGN MASK LEVEL 4|EXPOSE LITHO LEVEL 4|DEVELOP PHOTORESIST|METAL PATTERN INSPECTION|HARD BAKE|METAL ETCH DRY|STRIP RESIST|CLEAN AFTER METAL ETCH|MEASURE LINE WIDTH|DEPOSIT PASSIVATION|CURE PASSIVATION|MEASURE PASSIVATION QUALITY|OPEN BOND PAD WINDOW|PAD WINDOW LITHO|DEVELOP PHOTORESIST|PASSIVATION ETCH PAD OPENING|STRIP RESIST|CLEAN PAD OPENING|MEASURE PAD OPENING|BACKSIDE GRIND|MEASURE WAFER THICKNESS|BACKSIDE ETCH CLEAN|BACKSIDE RINSE|BACKSIDE DRY|BACKSIDE METALLIZATION PREP|DEPOSIT BACKSIDE METAL|BACKSIDE ANNEAL|MEASURE BACKSIDE CONTACT|FINAL CLEAN|FINAL THICKNESS MEASURE|FINAL GEOMETRY CHECK|FINAL PARTICLE INSPECTION|ELECTRICAL PARAMETRIC TEST|LEAKAGE TEST|THRESHOLD VOLTAGE TEST|SWITCHING TEST|WAFER SORT TEST|YIELD ANALYSIS|LOT RELEASE|SHIP LOT
valid_0163,OPEN PAD WINDOW|PASSIVATION ETCH PAD OPENING|STRIP RESIST|CLEAN PAD OPENING|MEASURE PAD OPENING|BACKSIDE GRIND|MEASURE WAFER THICKNESS|BACKSIDE ETCH CLEAN|BACKSIDE RINSE|BACKSIDE DRY|BACKSIDE METALLIZATION PREP|DEPOSIT BACKSIDE METAL|BACKSIDE ANNEAL|MEASURE BACKSIDE CONTACT|FINAL CLEAN|FINAL GEOMETRY CHECK|FINAL PARTICLE INSPECTION|ELECTRICAL PARAMETRIC TEST|LEAKAGE TEST|THRESHOLD VOLTAGE TEST|SWITCHING TEST|WAFER SORT TEST|YIELD ANALYSIS|LOT RELEASE|SHIP LOT
valid_0164,DEPOSIT BARRIER METAL|ANNEAL METAL|MEASURE METAL THICKNESS|SPIN COAT PHOTORESIST|SOFT BAKE|ALIGN MASK LEVEL 4|EXPOSE LITHO LEVEL 4|DEVELOP PHOTORESIST|METAL PATTERN INSPECTION|HARD BAKE|METAL ETCH DRY|STRIP RESIST|CLEAN AFTER METAL ETCH|MEASURE LINE WIDTH|DEPOSIT PASSIVATION|CURE PASSIVATION|MEASURE PASSIVATION QUALITY|OPEN BOND PAD WINDOW|PAD WINDOW LITHO|DEVELOP PHOTORESIST|PASSIVATION ETCH PAD OPENING|STRIP RESIST|CLEAN PAD OPENING|MEASURE PAD OPENING|BACKSIDE GRIND|MEASURE WAFER THICKNESS|BACKSIDE ETCH CLEAN|BACKSIDE RINSE|BACKSIDE DRY|BACKSIDE METALLIZATION PREP|DEPOSIT BACKSIDE METAL|BACKSIDE ANNEAL|MEASURE BACKSIDE CONTACT|FINAL CLEAN|FINAL THICKNESS MEASURE|FINAL GEOMETRY CHECK|FINAL PARTICLE INSPECTION|ELECTRICAL PARAMETRIC TEST|LEAKAGE TEST|THRESHOLD VOLTAGE TEST|SWITCHING TEST|WAFER SORT TEST|YIELD ANALYSIS|LOT RELEASE|SHIP LOT
valid_0165,OPEN PAD WINDOW|DEVELOP PHOTORESIST|PASSIVATION ETCH PAD OPENING|STRIP RESIST|CLEAN PAD OPENING|MEASURE PAD OPENING|BACKSIDE GRIND|MEASURE WAFER THICKNESS|BACKSIDE ETCH CLEAN|BACKSIDE RINSE|BACKSIDE DRY|BACKSIDE METALLIZATION PREP|DEPOSIT BACKSIDE METAL|BACKSIDE ANNEAL|MEASURE BACKSIDE CONTACT|FINAL CLEAN|FINAL THICKNESS MEASURE|FINAL GEOMETRY CHECK|FINAL PARTICLE INSPECTION|ELECTRICAL PARAMETRIC TEST|LEAKAGE TEST|THRESHOLD VOLTAGE TEST|SWITCHING TEST|WAFER SORT TEST|YIELD ANALYSIS|LOT RELEASE|SHIP LOT
valid_0166,MEASURE VIA CD|DEPOSIT BARRIER METAL|DEPOSIT METAL SEED|FILL VIA METAL|CMP METAL|MEASURE CONTACT RESISTANCE|DEPOSIT TOP METAL|ANNEAL METAL|SPIN COAT PHOTORESIST|SOFT BAKE|ALIGN MASK LEVEL 4|EXPOSE LITHO LEVEL 4|DEVELOP PHOTORESIST|METAL PATTERN INSPECTION|METAL ETCH DRY|STRIP RESIST|CLEAN AFTER METAL ETCH|MEASURE LINE WIDTH|DEPOSIT PASSIVATION|CURE PASSIVATION|MEASURE PASSIVATION QUALITY|OPEN BOND PAD WINDOW|PAD WINDOW LITHO|DEVELOP PHOTORESIST|PASSIVATION ETCH PAD OPENING|STRIP RESIST|CLEAN PAD OPENING|MEASURE PAD OPENING|BACKSIDE GRIND|MEASURE WAFER THICKNESS|BACKSIDE ETCH CLEAN|BACKSIDE RINSE|BACKSIDE DRY|BACKSIDE METALLIZATION PREP|DEPOSIT BACKSIDE METAL|BACKSIDE ANNEAL|MEASURE BACKSIDE CONTACT|FINAL CLEAN|FINAL GEOMETRY CHECK|FINAL PARTICLE INSPECTION|ELECTRICAL PARAMETRIC TEST|LEAKAGE TEST|THRESHOLD VOLTAGE TEST|SWITCHING TEST|WAFER SORT TEST|YIELD ANALYSIS|LOT RELEASE|SHIP LOT
valid_0167,OPEN PAD WINDOW|PAD WINDOW LITHO|DEVELOP PAD WINDOW|PASSIVATION ETCH PAD OPENING|STRIP RESIST|CLEAN PAD OPENING|MEASURE PAD OPENING|BACKSIDE GRIND|MEASURE WAFER THICKNESS|BACKSIDE ETCH CLEAN|BACKSIDE RINSE|BACKSIDE DRY|BACKSIDE METALLIZATION PREP|DEPOSIT BACKSIDE METAL|BACKSIDE ANNEAL|MEASURE BACKSIDE CONTACT|FINAL CLEAN|FINAL GEOMETRY CHECK|FINAL PARTICLE INSPECTION|ELECTRICAL PARAMETRIC TEST|LEAKAGE TEST|THRESHOLD VOLTAGE TEST|SWITCHING TEST|WAFER SORT TEST|YIELD ANALYSIS|LOT RELEASE|SHIP LOT
valid_0168,MEASURE VIA CD|DEPOSIT BARRIER METAL|DEPOSIT METAL SEED|FILL VIA METAL|CMP METAL|MEASURE CONTACT RESISTANCE|DEPOSIT TOP METAL|ANNEAL METAL|SPIN COAT PHOTORESIST|SOFT BAKE|ALIGN MASK LEVEL 4|EXPOSE LITHO LEVEL 4|DEVELOP PHOTORESIST|METAL PATTERN INSPECTION|HARD BAKE|METAL ETCH DRY|STRIP RESIST|CLEAN AFTER METAL ETCH|MEASURE LINE WIDTH|DEPOSIT PASSIVATION|CURE PASSIVATION|MEASURE PASSIVATION QUALITY|OPEN BOND PAD WINDOW|PAD WINDOW LITHO|DEVELOP PHOTORESIST|PASSIVATION ETCH PAD OPENING|STRIP RESIST|CLEAN PAD OPENING|MEASURE PAD OPENING|BACKSIDE GRIND|MEASURE THICKNESS|BACKSIDE ETCH CLEAN|BACKSIDE RINSE|BACKSIDE DRY|BACKSIDE METALLIZATION PREP|DEPOSIT BACKSIDE METAL|BACKSIDE ANNEAL|MEASURE BACKSIDE CONTACT|FINAL CLEAN|FINAL GEOMETRY CHECK|FINAL PARTICLE INSPECTION|ELECTRICAL PARAMETRIC TEST|LEAKAGE TEST|THRESHOLD VOLTAGE TEST|SWITCHING TEST|WAFER SORT TEST|YIELD ANALYSIS|FINAL LOT RELEASE|SHIP LOT
valid_0169,RECEIVE WAFER LOT|LOT IDENTIFICATION|PRE CLEAN INSPECTION|MEASURE INITIAL GEOMETRY|WAFER CLEAN PRE PROCESS|WET CLEAN RCA1|WET CLEAN RCA2|HF DIP|BACKSIDE GRIND|MEASURE THICKNESS|BACKSIDE ETCH CLEAN|BACKSIDE RINSE|BACKSIDE DRY|BACKSIDE METALLIZATION PREP|DEPOSIT BACKSIDE METAL|BACKSIDE ANNEAL|MEASURE BACKSIDE CONTACT|FINAL CLEAN|FINAL GEOMETRY CHECK|FINAL PARTICLE INSPECTION|ELECTRICAL PARAMETRIC TEST|LEAKAGE TEST|THRESHOLD VOLTAGE TEST|SWITCHING TEST|WAFER SORT TEST|YIELD ANALYSIS|LOT RELEASE|SHIP LOT
valid_0170,MEASURE VIA CD|DEPOSIT BARRIER METAL|DEPOSIT METAL SEED|FILL VIA METAL|CMP METAL|MEASURE CONTACT RESISTANCE|DEPOSIT TOP METAL|ANNEAL METAL|SPIN COAT PHOTORESIST|SOFT BAKE|ALIGN MASK LEVEL 4|EXPOSE LITHO LEVEL 4|DEVELOP PHOTORESIST|METAL PATTERN INSPECTION|METAL ETCH DRY|STRIP RESIST|CLEAN AFTER METAL ETCH|MEASURE LINE WIDTH|DEPOSIT PASSIVATION|CURE PASSIVATION|MEASURE PASSIVATION QUALITY|OPEN BOND PAD WINDOW|PAD WINDOW LITHO|DEVELOP PHOTORESIST|PASSIVATION ETCH PAD OPENING|STRIP RESIST|CLEAN PAD OPENING|MEASURE PAD OPENING|BACKSIDE GRIND|MEASURE WAFER THICKNESS|BACKSIDE ETCH CLEAN|BACKSIDE RINSE|BACKSIDE DRY|BACKSIDE METALLIZATION PREP|DEPOSIT BACKSIDE METAL|BACKSIDE ANNEAL|MEASURE BACKSIDE CONTACT|FINAL CLEAN|FINAL THICKNESS MEASURE|FINAL GEOMETRY CHECK|FINAL PARTICLE INSPECTION|ELECTRICAL PARAMETRIC TEST|LEAKAGE TEST|THRESHOLD VOLTAGE TEST|SWITCHING TEST|WAFER SORT TEST|YIELD ANALYSIS|LOT RELEASE|SHIP LOT
valid_0171,RECEIVE WAFER LOT|LOT IDENTIFICATION|PRE CLEAN INSPECTION|MEASURE INITIAL THICKNESS|MEASURE SURFACE PARTICLES|WAFER CLEAN PRE PROCESS|RCA CLEAN 1|WET CLEAN RCA2|HF DIP|DRY WAFER|WAFER CLEAN PRE-GRIND|FRONTSIDE CLEAN|MEASURE PASSIVATION QUALITY|ETCH SILICON OR OXIDE WINDOW|DRY WAFER|DRY WAFER|BACKSIDE CLEAN|MEASURE PASSIVATION QUALITY|BACKSIDE GRIND|MEASURE THICKNESS|BACKSIDE ETCH CLEAN|BACKSIDE RINSE|BACKSIDE DRY|BACKSIDE METALLIZATION PREP|DEPOSIT BACKSIDE METAL|BACKSIDE ANNEAL|MEASURE BACKSIDE CONTACT|PRE CLEAN INSPECTION|MEASURE SURFACE UNIFORMITY|BACKSIDE ETCH CLEAN|BACKSIDE RINSE|BACKSIDE DRY|BACKSIDE ANNEAL|MEASURE BACKSIDE CONTACT|ELECTRICAL PARAMETRIC TEST|LEAKAGE TEST|THRESHOLD VOLTAGE TEST|SWITCHING TEST|WAFER SORT TEST|YIELD ANALYSIS|FINAL CLEAN|FINAL THICKNESS MEASURE|FINAL GEOMETRY CHECK|FINAL CD INSPECTION|FINAL PARTICLE INSPECTION|PARAMETRIC TEST|LEAKAGE TEST|THRESHOLD VOLTAGE TEST|SWITCHING TEST|WAFER SORT TEST|YIELD ANALYSIS|FINAL LOT RELEASE|SHIP LOT
valid_0172,DEPOSIT BARRIER METAL|ANNEAL METAL|MEASURE METAL THICKNESS|SPIN COAT PHOTORESIST|SOFT BAKE|ALIGN MASK LEVEL 4|EXPOSE LITHO LEVEL 4|DEVELOP PHOTORESIST|METAL PATTERN INSPECTION|HARD BAKE|METAL ETCH DRY|STRIP RESIST|CLEAN AFTER METAL ETCH|MEASURE LINE WIDTH|DEPOSIT PASSIVATION|CURE PASSIVATION|MEASURE PASSIVATION QUALITY|OPEN BOND PAD WINDOW|PAD WINDOW LITHO|DEVELOP PHOTORESIST|PASSIVATION ETCH PAD OPENING|STRIP RESIST|CLEAN PAD OPENING|MEASURE PAD OPENING|BACKSIDE GRIND|MEASURE WAFER THICKNESS|BACKSIDE ETCH CLEAN|BACKSIDE RINSE|BACKSIDE DRY|BACKSIDE METALLIZATION PREP|DEPOSIT BACKSIDE METAL|BACKSIDE ANNEAL|MEASURE BACKSIDE CONTACT|FINAL CLEAN|FINAL THICKNESS MEASURE|FINAL GEOMETRY CHECK|FINAL PARTICLE INSPECTION|ELECTRICAL PARAMETRIC TEST|LEAKAGE TEST|THRESHOLD VOLTAGE TEST|SWITCHING TEST|WAFER SORT TEST|YIELD ANALYSIS|LOT RELEASE|SHIP LOT
valid_0173,OPEN PAD WINDOW LITHO|DEVELOP PHOTORESIST|PASSIVATION ETCH PAD OPENING|STRIP RESIST|CLEAN PAD OPENING|MEASURE PAD OPENING|BACKSIDE GRIND|MEASURE THICKNESS|BACKSIDE ETCH CLEAN|BACKSIDE RINSE|BACKSIDE DRY|BACKSIDE METALLIZATION PREP|DEPOSIT BACKSIDE METAL|BACKSIDE ANNEAL|MEASURE BACKSIDE CONTACT|FINAL CLEAN|FINAL THICKNESS MEASURE|FINAL GEOMETRY CHECK|FINAL PARTICLE INSPECTION|ELECTRICAL PARAMETRIC TEST|LEAKAGE TEST|THRESHOLD VOLTAGE TEST|SWITCHING TEST|WAFER SORT TEST|YIELD ANALYSIS|FINAL LOT RELEASE|SHIP LOT
valid_0174,DEPOSIT BARRIER METAL|ANNEAL METAL|MEASURE METAL THICKNESS|SPIN COAT PHOTORESIST|SOFT BAKE|ALIGN MASK LEVEL 4|EXPOSE LITHO LEVEL 4|DEVELOP PHOTORESIST|METAL PATTERN INSPECTION|HARD BAKE|METAL ETCH DRY|STRIP RESIST|CLEAN AFTER METAL ETCH|MEASURE LINE WIDTH|DEPOSIT PASSIVATION|CURE PASSIVATION|MEASURE PASSIVATION QUALITY|OPEN BOND PAD WINDOW|PAD WINDOW LITHO|DEVELOP PHOTORESIST|PASSIVATION ETCH PAD OPENING|STRIP RESIST|CLEAN PAD OPENING|MEASURE PAD OPENING|BACKSIDE GRIND|MEASURE THICKNESS|BACKSIDE ETCH CLEAN|BACKSIDE RINSE|BACKSIDE DRY|BACKSIDE METALLIZATION PREP|DEPOSIT BACKSIDE METAL|BACKSIDE ANNEAL|MEASURE BACKSIDE CONTACT|FINAL CLEAN|FINAL GEOMETRY CHECK|FINAL CD INSPECTION|ELECTRICAL PARAMETRIC TEST|LEAKAGE TEST|THRESHOLD VOLTAGE TEST|SWITCHING TEST|WAFER SORT TEST|YIELD ANALYSIS|FINAL LOT RELEASE|SHIP LOT
valid_0175,OPEN PAD WINDOW|PAD WINDOW LITHO|DEVELOP PAD WINDOW|PASSIVATION ETCH PAD OPENING|STRIP RESIST|CLEAN PAD OPENING|MEASURE PAD OPENING|BACKSIDE GRIND|MEASURE THICKNESS|BACKSIDE ETCH CLEAN|BACKSIDE RINSE|BACKSIDE DRY|BACKSIDE METALLIZATION PREP|DEPOSIT BACKSIDE METAL|BACKSIDE ANNEAL|MEASURE BACKSIDE CONTACT|FINAL CLEAN|FINAL GEOMETRY CHECK|FINAL PARTICLE INSPECTION|ELECTRICAL PARAMETRIC TEST|LEAKAGE TEST|THRESHOLD VOLTAGE TEST|SWITCHING TEST|WAFER SORT TEST|YIELD ANALYSIS|FINAL LOT RELEASE|SHIP LOT
valid_0176,BACKSIDE CLEAN|MEASURE PASSIVATION QUALITY|DEPOSIT BARRIER METAL|DEPOSIT METAL SEED|FILL VIA METAL|CMP METAL|MEASURE CONTACT RESISTANCE|DEPOSIT TOP METAL|ANNEAL METAL|SPIN COAT PHOTORESIST|SOFT BAKE|ALIGN MASK LEVEL 4|EXPOSE LITHO LEVEL 4|DEVELOP PHOTORESIST|METAL PATTERN INSPECTION|METAL ETCH DRY|STRIP RESIST|CLEAN AFTER METAL ETCH|MEASURE LINE WIDTH|DEPOSIT PASSIVATION|CURE PASSIVATION|MEASURE PASSIVATION QUALITY|OPEN PAD WINDOW|PAD WINDOW LITHO|DEVELOP PAD WINDOW|PASSIVATION ETCH PAD OPENING|STRIP RESIST|CLEAN PAD OPENING|MEASURE PAD OPENING|BACKSIDE CLEAN|BACKSIDE GRIND|MEASURE THICKNESS|BACKSIDE ETCH CLEAN|BACKSIDE RINSE|BACKSIDE DRY|BACKSIDE METALLIZATION PREP|DEPOSIT BACKSIDE METAL|BACKSIDE ANNEAL|MEASURE BACKSIDE CONTACT|FINAL CLEAN|FINAL THICKNESS MEASURE|FINAL GEOMETRY CHECK|FINAL PARTICLE INSPECTION|ELECTRICAL PARAMETRIC TEST|LEAKAGE TEST|THRESHOLD VOLTAGE TEST|SWITCHING TEST|WAFER SORT TEST|YIELD ANALYSIS|FINAL LOT RELEASE|SHIP LOT
valid_0177,BACKSIDE CLEAN|MEASURE BACKSIDE ROUGHNESS|BACKSIDE GRIND|MEASURE THICKNESS|BACKSIDE ETCH CLEAN|BACKSIDE RINSE|BACKSIDE DRY|BACKSIDE METALLIZATION PREP|DEPOSIT BACKSIDE METAL|BACKSIDE ANNEAL|MEASURE BACKSIDE CONTACT|FINAL CLEAN|FINAL THICKNESS MEASURE|FINAL GEOMETRY CHECK|FINAL CD INSPECTION|FINAL PARTICLE INSPECTION|ELECTRICAL PARAMETRIC TEST|LEAKAGE TEST|THRESHOLD VOLTAGE TEST|SWITCHING TEST|WAFER SORT TEST|YIELD ANALYSIS|LOT RELEASE|SHIP LOT
valid_0178,DEPOSIT BARRIER METAL|DEPOSIT METAL SEED|FILL VIA METAL|CMP METAL|MEASURE CONTACT RESISTANCE|DEPOSIT TOP METAL|ANNEAL METAL|SPIN COAT PHOTORESIST|SOFT BAKE|ALIGN MASK LEVEL 5|EXPOSE LITHO LEVEL 5|DEVELOP PHOTORESIST|METAL PATTERN INSPECTION|METAL ETCH DRY|STRIP RESIST|CLEAN AFTER METAL ETCH|MEASURE LINE WIDTH|DEPOSIT PASSIVATION|CURE PASSIVATION|MEASURE PASSIVATION QUALITY|OPEN BOND PAD WINDOW|PAD WINDOW LITHO|DEVELOP PHOTORESIST|PASSIVATION ETCH PAD OPENING|STRIP RESIST|CLEAN PAD OPENING|MEASURE PAD OPENING|BACKSIDE GRIND|MEASURE THICKNESS|BACKSIDE ETCH CLEAN|BACKSIDE RINSE|BACKSIDE DRY|BACKSIDE METALLIZATION PREP|DEPOSIT BACKSIDE METAL|BACKSIDE ANNEAL|MEASURE BACKSIDE CONTACT|FINAL CLEAN|FINAL GEOMETRY CHECK|FINAL PARTICLE INSPECTION|ELECTRICAL PARAMETRIC TEST|LEAKAGE TEST|THRESHOLD VOLTAGE TEST|SWITCHING TEST|WAFER SORT TEST|YIELD ANALYSIS|LOT RELEASE|SHIP LOT
valid_0179,RECEIVE WAFER LOT|LOT IDENTIFICATION|PRE CLEAN INSPECTION|MEASURE INITIAL GEOMETRY|MEASURE SURFACE PARTICLES|WAFER CLEAN PRE PROCESS|BACKSIDE CLEAN|WET CLEAN RCA1|RCA CLEAN 2|HF DIP|WAFER CLEAN PRE-GRIND|DRY WAFER|MEASURE THICKNESS|ETCH SILICON OR OXIDE WINDOW|DRY WAFER|DRY WAFER|BACKSIDE CLEAN|MEASURE PASSIVATION QUALITY|THERMAL OXIDATION|MEASURE OXIDE THICKNESS|SPIN COAT PHOTORESIST|SOFT BAKE|ALIGN MASK LEVEL 1|EXPOSE LITHO LEVEL 1|DEVELOP PHOTORESIST|METAL PATTERN INSPECTION|HARD BAKE|OXIDE ETCH DRY|STRIP RESIST|CLEAN AFTER POLY ETCH|MEASURE GATE CD|DEPOSIT POLYSILICON|ANNEAL METAL|MEASURE POLY THICKNESS|SPIN COAT PHOTORESIST|SOFT BAKE|ALIGN MASK LEVEL 2|EXPOSE LITHO LEVEL 2|DEVELOP PHOTORESIST|POLY PATTERN INSPECTION|POLYSILICON ETCH DRY|STRIP RESIST|CLEAN AFTER POLY ETCH|MEASURE LINE WIDTH|DEPOSIT INTERLAYER DIELECTRIC|DENSIFY OXIDE|MEASURE FILM THICKNESS|CMP DIELECTRIC|MEASURE PLANARITY|SPIN COAT PHOTORESIST|SOFT BAKE|ALIGN MASK LEVEL 3|EXPOSE LITHO LEVEL 3|DEVELOP PHOTORESIST|VIA OPENING INSPECTION|HARD BAKE|VIA ETCH THROUGH DIELECTRIC|STRIP RESIST|CLEAN AFTER VIA ETCH|DEPOSIT BARRIER METAL|DEPOSIT METAL SEED|FILL VIA METAL|CMP VIA FILL|MEASURE CONTACT RESISTANCE|DEPOSIT TOP METAL|ANNEAL METAL|MEASURE METAL THICKNESS|SPIN COAT PHOTORESIST|SOFT BAKE|ALIGN MASK LEVEL 4|EXPOSE LITHO LEVEL 4|DEVELOP PHOTORESIST|METAL PATTERN INSPECTION|METAL ETCH DRY|STRIP RESIST|CLEAN AFTER METAL ETCH|MEASURE LINE WIDTH|DEPOSIT PASSIVATION LAYER|CURE PASSIVATION|MEASURE PASSIVATION THICKNESS|OPEN PAD WINDOW|PAD WINDOW LITHO|DEVELOP PHOTORESIST|PASSIVATION ETCH PAD OPENING|STRIP RESIST|CLEAN PAD OPENING|MEASURE PAD OPENING|BACKSIDE GRIND|MEASURE THICKNESS|BACKSIDE ETCH CLEAN|BACKSIDE RINSE|BACKSIDE DRY|BACKSIDE METALLIZATION PREP|DEPOSIT BACKSIDE METAL|BACKSIDE ANNEAL|MEASURE BACKSIDE CONTACT|FINAL CLEAN|FINAL GEOMETRY CHECK|FINAL PARTICLE INSPECTION|ELECTRICAL PARAMETRIC TEST|LEAKAGE TEST|THRESHOLD VOLTAGE TEST|SWITCHING TEST|WAFER SORT TEST|YIELD ANALYSIS|LOT RELEASE|SHIP LOT
valid_0180,BACKSIDE CLEAN|MEASURE PASSIVATION QUALITY|DEPOSIT BARRIER METAL|DEPOSIT METAL SEED|FILL VIA METAL|CMP METAL|MEASURE CONTACT RESISTANCE|DEPOSIT TOP METAL|ANNEAL METAL|SPIN COAT PHOTORESIST|SOFT BAKE|ALIGN MASK LEVEL 4|EXPOSE LITHO LEVEL 4|DEVELOP PHOTORESIST|METAL PATTERN INSPECTION|METAL ETCH DRY|STRIP RESIST|CLEAN AFTER METAL ETCH|MEASURE LINE WIDTH|DEPOSIT PASSIVATION|CURE PASSIVATION|MEASURE PASSIVATION QUALITY|OPEN PAD WINDOW|PAD WINDOW LITHO|DEVELOP PHOTORESIST|PASSIVATION ETCH PAD OPENING|STRIP RESIST|CLEAN PAD OPENING|MEASURE PAD OPENING|BACKSIDE CLEAN|BACKSIDE GRIND|MEASURE THICKNESS|BACKSIDE ETCH CLEAN|BACKSIDE RINSE|BACKSIDE DRY|BACKSIDE METALLIZATION PREP|DEPOSIT BACKSIDE METAL|BACKSIDE ANNEAL|MEASURE BACKSIDE CONTACT|FINAL CLEAN|FINAL THICKNESS MEASURE|FINAL GEOMETRY CHECK|FINAL CD INSPECTION|FINAL PARTICLE INSPECTION|ELECTRICAL PARAMETRIC TEST|LEAKAGE TEST|THRESHOLD VOLTAGE TEST|SWITCHING TEST|WAFER SORT TEST|YIELD ANALYSIS|FINAL LOT RELEASE|SHIP LOT
valid_0181,RECEIVE WAFER LOT|LOT IDENTIFICATION|INITIAL WAFER INSPECTION|MEASURE INITIAL THICKNESS|MEASURE SURFACE PARTICLES|WAFER CLEAN PRE PROCESS|BACKSIDE CLEAN|RCA CLEAN 1|RCA CLEAN 2|HF DIP|DRY WAFER|WAFER CLEAN PRE-GRIND|DRY WAFER|MEASURE THICKNESS|ETCH SILICON OR OXIDE WINDOW|LEAKAGE TEST|DRY WAFER BACKSIDE|BACKSIDE CLEAN|MEASURE PASSIVATION QUALITY|THERMAL OXIDATION|MEASURE OXIDE THICKNESS|SPIN COAT PHOTORESIST|SOFT BAKE|ALIGN MASK LEVEL 1|EXPOSE LITHO LEVEL 1|DEVELOP PHOTORESIST|PATTERN INSPECTION LEVEL 1|HARD BAKE|OXIDE ETCH DRY|STRIP RESIST|CLEAN AFTER POLY ETCH|MEASURE DEVICE PARAMETER|DEPOSIT POLYSILICON|ANNEAL METAL|MEASURE POLY THICKNESS|SPIN COAT PHOTORESIST|SOFT BAKE|ALIGN MASK LEVEL 2|EXPOSE LITHO LEVEL 2|DEVELOP PHOTORESIST|POLY PATTERN INSPECTION|HARD BAKE|POLYSILICON ETCH DRY|STRIP RESIST|CLEAN AFTER POLY ETCH|MEASURE GATE CD|DEPOSIT INTERLAYER DIELECTRIC|DENSIFY OXIDE|MEASURE FILM THICKNESS|CMP DIELECTRIC|MEASURE SURFACE PLANARITY|SPIN COAT PHOTORESIST|SOFT BAKE|ALIGN MASK LEVEL 3|EXPOSE LITHO LEVEL 3|DEVELOP PHOTORESIST|VIA OPENING INSPECTION|HARD BAKE|VIA ETCH THROUGH DIELECTRIC|STRIP RESIST|CLEAN AFTER VIA ETCH|DEPOSIT BARRIER METAL|DEPOSIT METAL SEED|FILL VIA METAL|CMP VIA FILL|MEASURE CONTACT RESISTANCE|DEPOSIT TOP METAL|ANNEAL METAL|SPIN COAT PHOTORESIST|SOFT BAKE|ALIGN MASK LEVEL 4|EXPOSE LITHO LEVEL 4|DEVELOP PHOTORESIST|METAL PATTERN INSPECTION|HARD BAKE|METAL ETCH DRY|STRIP RESIST|CLEAN AFTER METAL ETCH|MEASURE LINE WIDTH|DEPOSIT PASSIVATION LAYER|CURE PASSIVATION|MEASURE PASSIVATION QUALITY|OPEN BOND PAD WINDOW|PAD WINDOW LITHO|DEVELOP PAD WINDOW|PASSIVATION ETCH PAD OPENING|STRIP RESIST|CLEAN PAD OPENING|MEASURE PAD OPENING|BACKSIDE GRIND|MEASURE THICKNESS|BACKSIDE ETCH CLEAN|BACKSIDE RINSE|BACKSIDE DRY|BACKSIDE METALLIZATION PREP|DEPOSIT BACKSIDE METAL|BACKSIDE ANNEAL|MEASURE BACKSIDE CONTACT|FINAL CLEAN|FINAL THICKNESS MEASURE|FINAL GEOMETRY CHECK|FINAL PARTICLE INSPECTION|ELECTRICAL PARAMETRIC TEST|LEAKAGE TEST|THRESHOLD VOLTAGE TEST|SWITCHING TEST|WAFER SORT TEST|YIELD ANALYSIS|LOT RELEASE|SHIP LOT
valid_0182,MEASURE VIA RESISTANCE|DEPOSIT BARRIER METAL|ANNEAL METAL|MEASURE METAL THICKNESS|SPIN COAT PHOTORESIST|SOFT BAKE|ALIGN MASK LEVEL 4|EXPOSE LITHO LEVEL 4|DEVELOP PHOTORESIST|METAL PATTERN INSPECTION|HARD BAKE|METAL ETCH DRY|STRIP RESIST|CLEAN AFTER METAL ETCH|MEASURE LINE WIDTH|DEPOSIT PASSIVATION|CURE PASSIVATION|MEASURE PASSIVATION QUALITY|OPEN BOND PAD WINDOW|PAD WINDOW LITHO|DEVELOP PHOTORESIST|PASSIVATION ETCH PAD OPENING|STRIP RESIST|CLEAN PAD OPENING|MEASURE PAD OPENING|BACKSIDE GRIND|MEASURE WAFER THICKNESS|BACKSIDE ETCH CLEAN|BACKSIDE RINSE|BACKSIDE DRY|BACKSIDE METALLIZATION PREP|DEPOSIT BACKSIDE METAL|BACKSIDE ANNEAL|MEASURE BACKSIDE CONTACT|FINAL CLEAN|FINAL THICKNESS MEASURE|FINAL GEOMETRY CHECK|FINAL PARTICLE INSPECTION|ELECTRICAL PARAMETRIC TEST|LEAKAGE TEST|THRESHOLD VOLTAGE TEST|SWITCHING TEST|WAFER SORT TEST|YIELD ANALYSIS|LOT RELEASE|SHIP LOT
valid_0183,FINAL CLEAN|FINAL THICKNESS MEASURE|FINAL PARTICLE INSPECTION|ELECTRICAL PARAMETRIC TEST|LEAKAGE TEST|THRESHOLD VOLTAGE TEST|SWITCHING TEST|WAFER SORT TEST|YIELD ANALYSIS|LOT RELEASE|SHIP LOT
valid_0184,RECEIVE WAFER LOT|LOT IDENTIFICATION|PRE CLEAN INSPECTION|MEASURE INITIAL THICKNESS|MEASURE SURFACE PARTICLES|PRE CLEAN WAFER|BACKSIDE CLEAN|WAFER SURFACE CLEAN|FRONTSIDE CLEAN|RCA CLEAN 1|RCA CLEAN 2|HF DIP|DRY WAFER|EPITAXIAL WAFER CHECK|MEASURE EPITAXY THICKNESS|MEASURE RESISTIVITY|EPITAXIAL REWORK CHECK|EPITAXIAL LAYER PREP|THERMAL OXIDATION|MEASURE OXIDE THICKNESS|SPIN COAT PHOTORESIST|SOFT BAKE|ALIGN MASK LEVEL 1|EXPOSE LITHO LEVEL 1|POST EXPOSE BAKE|DEVELOP PHOTORESIST|PATTERN INSPECTION LEVEL 1|HARD BAKE|OXIDE ETCH DRY|STRIP RESIST|CLEAN AFTER POLY ETCH|MEASURE LINE WIDTH|IMPLANT WELL|PRE ANNEAL CHECK|RAPID THERMAL ANNEAL|MEASURE JUNCTION DEPTH|DEPOSIT FIELD OXIDE|DENSIFY OXIDE|MEASURE FILM THICKNESS|DEPOSIT FIELD OXIDE|MEASURE PLANARITY|SPIN COAT PHOTORESIST|SOFT BAKE|ALIGN MASK LEVEL 2|EXPOSE LITHO LEVEL 2|DEVELOP PHOTORESIST|FIELD PATTERN INSPECTION|FIELD OXIDE ETCH|STRIP RESIST|CLEAN AFTER FIELD ETCH|MEASURE SURFACE UNIFORMITY|IMPLANT SOURCE REGION|IMPLANT DRAIN / CATHODE REGION|PRE ANNEAL CHECK|RAPID THERMAL ANNEAL|MEASURE SHEET RESISTANCE|DEPOSIT GATE OXIDE OR DIELECTRIC|ANNEAL DIELECTRIC|MEASURE OXIDE QUALITY|DEPOSIT POLYSILICON|ANNEAL METAL|MEASURE POLY THICKNESS|SPIN COAT PHOTORESIST|SOFT BAKE|ALIGN MASK LEVEL 3|EXPOSE LITHO LEVEL 3|DEVELOP PHOTORESIST|POLY PATTERN INSPECTION|POLYSILICON ETCH DRY|STRIP RESIST|CLEAN AFTER POLY ETCH|MEASURE GATE CD|IMPLANT CHANNEL STOP|PRE ANNEAL CHECK|RAPID THERMAL ANNEAL|MEASURE DEVICE PARAMETER|DEPOSIT INTERLEVEL DIELECTRIC|DENSIFY DIELECTRIC|MEASURE DIELECTRIC THICKNESS|CMP DIELECTRIC|MEASURE PLANARITY|SPIN COAT PHOTORESIST|SOFT BAKE|ALIGN MASK LEVEL 4|EXPOSE LITHO LEVEL 4|DEVELOP PHOTORESIST|VIA OPENING INSPECTION|DIELECTRIC ETCH VIA|STRIP RESIST|CLEAN AFTER VIA ETCH|MEASURE VIA CD|DEPOSIT BARRIER METAL|DEPOSIT METAL SEED|FILL VIA METAL|CMP VIA FILL|MEASURE CONTACT RESISTANCE|DEPOSIT TOP METAL|ANNEAL METAL|SPIN COAT PHOTORESIST|SOFT BAKE|ALIGN MASK LEVEL 5|EXPOSE LITHO LEVEL 5|DEVELOP PHOTORESIST|METAL PATTERN INSPECTION|METAL ETCH DRY|STRIP RESIST|CLEAN AFTER METAL ETCH|MEASURE LINE WIDTH|DEPOSIT PASSIVATION|CURE PASSIVATION|MEASURE PASSIVATION QUALITY|OPEN PAD WINDOW|PAD WINDOW LITHO|DEVELOP PHOTORESIST|PASSIVATION ETCH PAD OPENING|STRIP RESIST|CLEAN PAD OPENING|MEASURE PAD OPENING|BACKSIDE GRIND|MEASURE WAFER THICKNESS|BACKSIDE ETCH CLEAN|BACKSIDE RINSE|BACKSIDE DRY|BACKSIDE METALLIZATION PREP|DEPOSIT BACKSIDE METAL|BACKSIDE ANNEAL|MEASURE BACKSIDE CONTACT|FINAL CLEAN|FINAL THICKNESS MEASURE|FINAL GEOMETRY CHECK|FINAL PARTICLE INSPECTION|ELECTRICAL PARAMETRIC TEST|LEAKAGE TEST|THRESHOLD VOLTAGE TEST|SWITCHING TEST|WAFER SORT TEST|YIELD ANALYSIS|LOT RELEASE|SHIP LOT
valid_0185,OPEN PAD WINDOW|PAD WINDOW LITHO|DEVELOP PAD WINDOW|PASSIVATION ETCH PAD OPENING|STRIP RESIST|CLEAN PAD OPENING|MEASURE PAD OPENING|BACKSIDE GRIND|MEASURE WAFER THICKNESS|BACKSIDE ETCH CLEAN|BACKSIDE RINSE|BACKSIDE DRY|BACKSIDE METALLIZATION PREP|DEPOSIT BACKSIDE METAL|BACKSIDE ANNEAL|MEASURE BACKSIDE CONTACT|FINAL CLEAN|FINAL THICKNESS MEASURE|FINAL GEOMETRY CHECK|FINAL PARTICLE INSPECTION|ELECTRICAL PARAMETRIC TEST|LEAKAGE TEST|THRESHOLD VOLTAGE TEST|SWITCHING TEST|WAFER SORT TEST|YIELD ANALYSIS|LOT RELEASE|SHIP LOT
valid_0186,MEASURE VIA CD|DEPOSIT BARRIER METAL|ANNEAL METAL|MEASURE METAL THICKNESS|SPIN COAT PHOTORESIST|SOFT BAKE|ALIGN MASK LEVEL 4|EXPOSE LITHO LEVEL 4|DEVELOP PHOTORESIST|METAL PATTERN INSPECTION|HARD BAKE|METAL ETCH DRY|STRIP RESIST|CLEAN AFTER METAL ETCH|MEASURE LINE WIDTH|DEPOSIT PASSIVATION|CURE PASSIVATION|MEASURE PASSIVATION QUALITY|OPEN BOND PAD WINDOW|PAD WINDOW LITHO|DEVELOP PHOTORESIST|PASSIVATION ETCH PAD OPENING|STRIP RESIST|CLEAN PAD OPENING|MEASURE PAD OPENING|BACKSIDE GRIND|MEASURE WAFER THICKNESS|BACKSIDE ETCH CLEAN|BACKSIDE RINSE|BACKSIDE DRY|BACKSIDE METALLIZATION PREP|DEPOSIT BACKSIDE METAL|BACKSIDE ANNEAL|MEASURE BACKSIDE CONTACT|FINAL CLEAN|FINAL GEOMETRY CHECK|FINAL CD INSPECTION|ELECTRICAL PARAMETRIC TEST|LEAKAGE TEST|THRESHOLD VOLTAGE TEST|SWITCHING TEST|WAFER SORT TEST|YIELD ANALYSIS|LOT RELEASE|SHIP LOT
valid_0187,OPEN PAD WINDOW|PASSIVATION ETCH PAD OPENING|STRIP RESIST|CLEAN PAD OPENING|MEASURE PAD OPENING|BACKSIDE GRIND|MEASURE WAFER THICKNESS|BACKSIDE ETCH CLEAN|BACKSIDE RINSE|BACKSIDE DRY|BACKSIDE METALLIZATION PREP|DEPOSIT BACKSIDE METAL|BACKSIDE ANNEAL|MEASURE BACKSIDE CONTACT|FINAL CLEAN|FINAL GEOMETRY CHECK|FINAL PARTICLE INSPECTION|ELECTRICAL PARAMETRIC TEST|LEAKAGE TEST|THRESHOLD VOLTAGE TEST|SWITCHING TEST|WAFER SORT TEST|YIELD ANALYSIS|LOT RELEASE|SHIP LOT
valid_0188,MEASURE VIA CD|DEPOSIT BARRIER METAL|DEPOSIT METAL SEED|FILL VIA METAL|CMP METAL|MEASURE CONTACT RESISTANCE|DEPOSIT TOP METAL|ANNEAL METAL|SPIN COAT PHOTORESIST|SOFT BAKE|ALIGN MASK LEVEL 4|EXPOSE LITHO LEVEL 4|POST EXPOSE BAKE|DEVELOP PHOTORESIST|METAL PATTERN INSPECTION|METAL ETCH DRY|STRIP RESIST|CLEAN AFTER METAL ETCH|MEASURE LINE WIDTH|DEPOSIT PASSIVATION|CURE PASSIVATION|MEASURE PASSIVATION QUALITY|OPEN BOND PAD WINDOW|PAD WINDOW LITHO|DEVELOP PHOTORESIST|PASSIVATION ETCH PAD OPENING|STRIP RESIST|CLEAN PAD OPENING|MEASURE PAD OPENING|BACKSIDE GRIND|MEASURE THICKNESS|BACKSIDE ETCH CLEAN|BACKSIDE RINSE|BACKSIDE DRY|BACKSIDE METALLIZATION PREP|DEPOSIT BACKSIDE METAL|BACKSIDE ANNEAL|MEASURE BACKSIDE CONTACT|FINAL CLEAN|FINAL THICKNESS MEASURE|FINAL GEOMETRY CHECK|FINAL PARTICLE INSPECTION|ELECTRICAL PARAMETRIC TEST|LEAKAGE TEST|THRESHOLD VOLTAGE TEST|SWITCHING TEST|WAFER SORT TEST|YIELD ANALYSIS|FINAL LOT RELEASE|SHIP LOT
valid_0189,OPEN PAD WINDOW|DEVELOP PAD WINDOW|PASSIVATION ETCH PAD OPENING|STRIP RESIST|CLEAN PAD OPENING|MEASURE PAD OPENING|BACKSIDE GRIND|MEASURE THICKNESS|BACKSIDE ETCH CLEAN|BACKSIDE RINSE|BACKSIDE DRY|BACKSIDE METALLIZATION PREP|DEPOSIT BACKSIDE METAL|BACKSIDE ANNEAL|MEASURE BACKSIDE CONTACT|FINAL CLEAN|FINAL THICKNESS MEASURE|FINAL GEOMETRY CHECK|FINAL PARTICLE INSPECTION|ELECTRICAL PARAMETRIC TEST|LEAKAGE TEST|THRESHOLD VOLTAGE TEST|SWITCHING TEST|WAFER SORT TEST|YIELD ANALYSIS|FINAL LOT RELEASE|SHIP LOT
valid_0190,MEASURE VIA CD|DEPOSIT BARRIER METAL|DEPOSIT METAL SEED|FILL VIA METAL|CMP METAL|MEASURE CONTACT RESISTANCE|DEPOSIT TOP METAL|ANNEAL METAL|SPIN COAT PHOTORESIST|SOFT BAKE|ALIGN MASK LEVEL 4|EXPOSE LITHO LEVEL 4|DEVELOP PHOTORESIST|METAL PATTERN INSPECTION|HARD BAKE|METAL ETCH DRY|STRIP RESIST|CLEAN AFTER METAL ETCH|MEASURE LINE WIDTH|DEPOSIT PASSIVATION|CURE PASSIVATION|MEASURE PASSIVATION QUALITY|OPEN PAD WINDOW|PAD WINDOW LITHO|DEVELOP PAD WINDOW|PASSIVATION ETCH PAD OPENING|STRIP RESIST|CLEAN PAD OPENING|MEASURE PAD OPENING|BACKSIDE GRIND|MEASURE THICKNESS|BACKSIDE ETCH CLEAN|BACKSIDE RINSE|BACKSIDE DRY|BACKSIDE METALLIZATION PREP|DEPOSIT BACKSIDE METAL|BACKSIDE ANNEAL|MEASURE BACKSIDE CONTACT|FINAL CLEAN|FINAL GEOMETRY CHECK|FINAL PARTICLE INSPECTION|ELECTRICAL PARAMETRIC TEST|LEAKAGE TEST|THRESHOLD VOLTAGE TEST|SWITCHING TEST|WAFER SORT TEST|YIELD ANALYSIS|FINAL LOT RELEASE|SHIP LOT
valid_0191,RECEIVE WAFER LOT|LOT IDENTIFICATION|PRE CLEAN INSPECTION|MEASURE INITIAL GEOMETRY|MEASURE SURFACE PARTICLES|WAFER CLEAN PRE PROCESS|BACKSIDE CLEAN|RCA CLEAN 1|RCA CLEAN 2|HF DIP|WAFER CLEAN PRE-GRIND|DRY WAFER|MEASURE THICKNESS|ETCH SILICON OR OXIDE WINDOW|DRY WAFER|DRY WAFER|BACKSIDE CLEAN|MEASURE PASSIVATION QUALITY|THERMAL OXIDATION|MEASURE OXIDE THICKNESS|SPIN COAT PHOTORESIST|SOFT BAKE|ALIGN MASK LEVEL 1|EXPOSE LITHO LEVEL 1|DEVELOP PHOTORESIST|METAL PATTERN INSPECTION|HARD BAKE|OXIDE ETCH DRY|STRIP RESIST|CLEAN AFTER POLY ETCH|MEASURE OPENING CD|DEPOSIT FIELD OXIDE|DENSIFY OXIDE|MEASURE FILM THICKNESS|DEPOSIT FIELD OXIDE|MEASURE SURFACE PLANARITY|SPIN COAT PHOTORESIST|SOFT BAKE|ALIGN MASK LEVEL 2|EXPOSE LITHO LEVEL 2|DEVELOP PHOTORESIST|FIELD PATTERN INSPECTION|FIELD OXIDE ETCH|STRIP RESIST|CLEAN AFTER FIELD ETCH|MEASURE SURFACE UNIFORMITY|DEPOSIT GATE OXIDE OR DIELECTRIC|ANNEAL DIELECTRIC|MEASURE OXIDE QUALITY|DEPOSIT POLYSILICON|ANNEAL METAL|MEASURE POLY THICKNESS|SPIN COAT PHOTORESIST|SOFT BAKE|ALIGN MASK LEVEL 3|EXPOSE LITHO LEVEL 3|DEVELOP PHOTORESIST|POLY PATTERN INSPECTION|POLYSILICON ETCH DRY|STRIP RESIST|CLEAN AFTER POLY ETCH|MEASURE GATE CD|DEPOSIT INTERLAYER DIELECTRIC|DENSIFY DIELECTRIC|MEASURE DIELECTRIC THICKNESS|CMP DIELECTRIC|MEASURE SURFACE PLANARITY|SPIN COAT PHOTORESIST|SOFT BAKE|ALIGN MASK LEVEL 4|EXPOSE LITHO LEVEL 4|DEVELOP PHOTORESIST|VIA INSPECTION|VIA ETCH THROUGH DIELECTRIC|STRIP RESIST|CLEAN AFTER VIA ETCH|MEASURE VIA CD|DEPOSIT BARRIER METAL|DEPOSIT METAL SEED|FILL VIA METAL|CMP METAL|MEASURE CONTACT RESISTANCE|DEPOSIT TOP METAL|ANNEAL METAL|MEASURE METAL THICKNESS|SPIN COAT PHOTORESIST|SOFT BAKE|ALIGN MASK LEVEL 5|EXPOSE LITHO LEVEL 5|DEVELOP PHOTORESIST|METAL PATTERN INSPECTION|HARD BAKE|METAL ETCH DRY|STRIP RESIST|CLEAN AFTER METAL ETCH|MEASURE LINE WIDTH|DEPOSIT PASSIVATION|CURE PASSIVATION|MEASURE PASSIVATION QUALITY|OPEN PAD WINDOW|PAD WINDOW LITHO|DEVELOP PHOTORESIST|PASSIVATION ETCH PAD OPENING|STRIP RESIST|CLEAN PAD OPENING|MEASURE PAD OPENING|BACKSIDE CLEAN|BACKSIDE GRIND|MEASURE THICKNESS|BACKSIDE ETCH CLEAN|BACKSIDE RINSE|BACKSIDE DRY|BACKSIDE METALLIZATION PREP|DEPOSIT BACKSIDE METAL|BACKSIDE ANNEAL|MEASURE BACKSIDE CONTACT|FINAL CLEAN|FINAL GEOMETRY CHECK|FINAL PARTICLE INSPECTION|ELECTRICAL PARAMETRIC TEST|LEAKAGE TEST|THRESHOLD VOLTAGE TEST|SWITCHING TEST|WAFER SORT TEST|YIELD ANALYSIS|LOT RELEASE|SHIP LOT
valid_0192,HARD BAKE|HARD BAKE|IMPLANT P BODY|PRE ANNEAL CHECK|RAPID THERMAL ANNEAL|MEASURE JUNCTION DEPTH|DEPOSIT GATE OXIDE OR DIELECTRIC|ANNEAL DIELECTRIC|MEASURE OXIDE QUALITY|DEPOSIT POLYSILICON|ANNEAL METAL|MEASURE POLY THICKNESS|SPIN COAT PHOTORESIST|SOFT BAKE|ALIGN MASK LEVEL 4|EXPOSE LITHO LEVEL 4|DEVELOP PHOTORESIST|POLY PATTERN INSPECTION|POLYSILICON ETCH DRY|STRIP RESIST|CLEAN AFTER POLY ETCH|MEASURE GATE CD|IMPLANT SOURCE DRAIN|LIGHT ANNEAL|MEASURE SHEET RESISTANCE|DEPOSIT SPACER DIELECTRIC|CMP DIELECTRIC|MEASURE SPACER WIDTH|OPEN PAD WINDOW|PAD WINDOW LITHO|DEVELOP PHOTORESIST|PAD WINDOW LITHO|HARD BAKE|PAD WINDOW LITHO|STRIP RESIST|CLEAN PAD OPENING|MEASURE PAD OPENING|DEPOSIT INTERLAYER DIELECTRIC|DENSIFY DIELECTRIC|MEASURE FILM THICKNESS|CMP INTERLAYER DIELECTRIC|MEASURE SURFACE PLANARITY|SPIN COAT PHOTORESIST|SOFT BAKE|ALIGN MASK LEVEL 5|EXPOSE LITHO LEVEL 5|DEVELOP PHOTORESIST|VIA INSPECTION|VIA ETCH THROUGH DIELECTRIC|STRIP RESIST|CLEAN AFTER VIA ETCH|MEASURE VIA CD|DEPOSIT BARRIER METAL|DEPOSIT METAL SEED|FILL VIA METAL|CMP VIA FILL|MEASURE CONTACT RESISTANCE|DEPOSIT TOP METAL|ANNEAL METAL|SPIN COAT PHOTORESIST|SOFT BAKE|ALIGN MASK LEVEL 6|EXPOSE LITHO LEVEL 6|DEVELOP PHOTORESIST|METAL PATTERN INSPECTION|METAL ETCH DRY|STRIP RESIST|CLEAN AFTER METAL ETCH|MEASURE LINE WIDTH|DEPOSIT PASSIVATION|CURE PASSIVATION|MEASURE PASSIVATION QUALITY|OPEN BOND PAD WINDOW|PAD WINDOW LITHO|DEVELOP PHOTORESIST|PASSIVATION ETCH PAD OPENING|STRIP RESIST|CLEAN PAD OPENING|MEASURE PAD OPENING|BACKSIDE GRIND|MEASURE WAFER THICKNESS|BACKSIDE ETCH CLEAN|BACKSIDE RINSE|BACKSIDE DRY|BACKSIDE METALLIZATION PREP|DEPOSIT BACKSIDE METAL|BACKSIDE ANNEAL|MEASURE BACKSIDE CONTACT|FINAL CLEAN|FINAL GEOMETRY CHECK|FINAL CD INSPECTION|ELECTRICAL PARAMETRIC TEST|LEAKAGE TEST|THRESHOLD VOLTAGE TEST|SWITCHING TEST|WAFER SORT TEST|YIELD ANALYSIS|FINAL LOT RELEASE|SHIP LOT
valid_0193,RECEIVE WAFER LOT|LOT IDENTIFICATION|INITIAL WAFER INSPECTION|MEASURE INITIAL GEOMETRY|MEASURE SURFACE PARTICLES|WAFER CLEAN PRE PROCESS|RCA CLEAN 1|RCA CLEAN 2|HF DIP|DRY WAFER|WAFER CLEAN PRE-GRIND|DRY WAFER|MEASURE THICKNESS|ETCH SILICON OR OXIDE WINDOW|LEAKAGE TEST|DRY WAFER BACKSIDE|BACKSIDE CLEAN|MEASURE PASSIVATION QUALITY|THERMAL OXIDATION|MEASURE OXIDE THICKNESS|SPIN COAT PHOTORESIST|SOFT BAKE|ALIGN MASK LEVEL 1|EXPOSE LITHO LEVEL 1|DEVELOP PHOTORESIST|METAL PATTERN INSPECTION|HARD BAKE|OXIDE ETCH DRY|STRIP RESIST|CLEAN AFTER POLY ETCH|MEASURE VIA CD|DEPOSIT POLYSILICON|ANNEAL METAL|MEASURE POLY THICKNESS|SPIN COAT PHOTORESIST|SOFT BAKE|ALIGN MASK LEVEL 2|EXPOSE LITHO LEVEL 2|DEVELOP PHOTORESIST|POLY PATTERN INSPECTION|HARD BAKE|POLYSILICON ETCH DRY|STRIP RESIST|CLEAN AFTER POLY ETCH|MEASURE GATE CD|IMPLANT SOURCE DRAIN|PRE ANNEAL CHECK|LIGHT ANNEAL|MEASURE SHEET RESISTANCE|DEPOSIT SPACER DIELECTRIC|CMP DIELECTRIC|MEASURE SPACER WIDTH|OPEN PAD WINDOW|PAD WINDOW LITHO|DEVELOP PHOTORESIST|PAD WINDOW LITHO|HARD BAKE|PAD WINDOW LITHO|STRIP RESIST|CLEAN PAD OPENING|MEASURE PAD OPENING|DEPOSIT INTERLAYER DIELECTRIC|DENSIFY DIELECTRIC|MEASURE FILM THICKNESS|CMP DIELECTRIC|MEASURE SURFACE PLANARITY|SPIN COAT PHOTORESIST|SOFT BAKE|ALIGN MASK LEVEL 3|EXPOSE LITHO LEVEL 3|DEVELOP PHOTORESIST|VIA INSPECTION|VIA ETCH THROUGH DIELECTRIC|STRIP RESIST|CLEAN AFTER VIA ETCH|MEASURE VIA CD|DEPOSIT BARRIER METAL|DEPOSIT METAL SEED|FILL VIA METAL|CMP METAL|MEASURE CONTACT RESISTANCE|DEPOSIT TOP METAL|ANNEAL METAL|MEASURE METAL THICKNESS|SPIN COAT PHOTORESIST|SOFT BAKE|ALIGN MASK LEVEL 4|EXPOSE LITHO LEVEL 4|DEVELOP PHOTORESIST|METAL PATTERN INSPECTION|HARD BAKE|METAL ETCH DRY|STRIP RESIST|CLEAN AFTER METAL ETCH|MEASURE LINE WIDTH|DEPOSIT PASSIVATION|CURE PASSIVATION|MEASURE PASSIVATION QUALITY|OPEN BOND PAD WINDOW|PAD WINDOW LITHO|DEVELOP PHOTORESIST|PASSIVATION ETCH PAD OPENING|STRIP RESIST|CLEAN PAD OPENING|MEASURE PAD OPENING|BACKSIDE GRIND|MEASURE THICKNESS|BACKSIDE ETCH CLEAN|BACKSIDE RINSE|BACKSIDE DRY|BACKSIDE METALLIZATION PREP|DEPOSIT BACKSIDE METAL|BACKSIDE ANNEAL|MEASURE BACKSIDE CONTACT|FINAL CLEAN|FINAL GEOMETRY CHECK|FINAL PARTICLE INSPECTION|ELECTRICAL PARAMETRIC TEST|LEAKAGE TEST|THRESHOLD VOLTAGE TEST|SWITCHING TEST|WAFER SORT TEST|YIELD ANALYSIS|LOT RELEASE|SHIP LOT
valid_0194,DEPOSIT BARRIER METAL|ANNEAL METAL|MEASURE METAL THICKNESS|SPIN COAT PHOTORESIST|SOFT BAKE|ALIGN MASK LEVEL 4|EXPOSE LITHO LEVEL 4|POST EXPOSE BAKE|DEVELOP PHOTORESIST|VIA OPENING INSPECTION|VIA ETCH THROUGH DIELECTRIC|STRIP RESIST|CLEAN AFTER VIA ETCH|MEASURE VIA CD|DEPOSIT TOP METAL|ANNEAL METAL|SPIN COAT PHOTORESIST|SOFT BAKE|ALIGN MASK LEVEL 5|EXPOSE LITHO LEVEL 5|DEVELOP PHOTORESIST|METAL PATTERN INSPECTION|METAL ETCH DRY|STRIP RESIST|CLEAN AFTER METAL ETCH|MEASURE LINE WIDTH|DEPOSIT PASSIVATION|CURE PASSIVATION|MEASURE PASSIVATION QUALITY|OPEN PAD WINDOW|PAD WINDOW LITHO|DEVELOP PHOTORESIST|PASSIVATION ETCH PAD OPENING|STRIP RESIST|CLEAN PAD OPENING|MEASURE PAD OPENING|BACKSIDE GRIND|MEASURE THICKNESS|BACKSIDE ETCH CLEAN|BACKSIDE RINSE|BACKSIDE DRY|BACKSIDE METALLIZATION PREP|DEPOSIT BACKSIDE METAL|BACKSIDE ANNEAL|MEASURE BACKSIDE CONTACT|FINAL CLEAN|FINAL THICKNESS MEASURE|FINAL GEOMETRY CHECK|FINAL PARTICLE INSPECTION|ELECTRICAL PARAMETRIC TEST|LEAKAGE TEST|THRESHOLD VOLTAGE TEST|SWITCHING TEST|WAFER SORT TEST|YIELD ANALYSIS|FINAL LOT RELEASE|SHIP LOT
valid_0195,RECEIVE WAFER LOT|LOT IDENTIFICATION|PRE CLEAN INSPECTION|MEASURE INITIAL THICKNESS|MEASURE SURFACE PARTICLES|WAFER CLEAN PRE PROCESS|BACKSIDE CLEAN|FRONTSIDE CLEAN|RCA CLEAN 1|WET CLEAN RCA2|HF DIP|WAFER CLEAN PRE-GRIND|DRY WAFER|MEASURE THICKNESS|ETCH SILICON OR OXIDE WINDOW|LEAKAGE TEST|DRY WAFER BACKSIDE|BACKSIDE CLEAN|MEASURE PASSIVATION QUALITY|THERMAL OXIDATION|MEASURE OXIDE THICKNESS|SPIN COAT PHOTORESIST|SOFT BAKE|ALIGN MASK LEVEL 1|EXPOSE LITHO LEVEL 1|POST EXPOSE BAKE|DEVELOP PHOTORESIST|METAL PATTERN INSPECTION|HARD BAKE|OXIDE ETCH DRY|STRIP RESIST|CLEAN AFTER POLY ETCH|MEASURE GATE CD|IMPLANT SOURCE DRAIN|LIGHT ANNEAL|MEASURE SHEET RESISTANCE|DEPOSIT SPACER DIELECTRIC|ANISOTROPIC ETCH SPACER|MEASURE SPACER WIDTH|IMPLANT LDD|PRE ANNEAL CHECK|RAPID THERMAL ANNEAL|MEASURE JUNCTION PROFILE|DEPOSIT INTERLEVEL DIELECTRIC|DENSIFY DIELECTRIC|MEASURE FILM THICKNESS|CMP INTERLAYER DIELECTRIC|MEASURE PLANARITY|SPIN COAT PHOTORESIST|SOFT BAKE|ALIGN MASK LEVEL 2|EXPOSE LITHO LEVEL 2|DEVELOP PHOTORESIST|VIA OPENING INSPECTION|VIA ETCH THROUGH DIELECTRIC|STRIP RESIST|CLEAN AFTER VIA ETCH|MEASURE VIA CD|DEPOSIT BARRIER METAL|DEPOSIT METAL SEED|FILL VIA METAL|CMP VIA FILL|DEPOSIT TOP METAL|ANNEAL METAL|SPIN COAT PHOTORESIST|SOFT BAKE|ALIGN MASK LEVEL 3|EXPOSE LITHO LEVEL 3|DEVELOP PHOTORESIST|METAL PATTERN INSPECTION|METAL ETCH DRY|STRIP RESIST|CLEAN AFTER METAL ETCH|MEASURE LINE WIDTH|DEPOSIT PASSIVATION|CURE PASSIVATION|MEASURE PASSIVATION QUALITY|OPEN PAD WINDOW|PAD WINDOW LITHO|DEVELOP PAD WINDOW|PASSIVATION ETCH PAD OPENING|STRIP RESIST|CLEAN PAD OPENING|MEASURE PAD OPENING|BACKSIDE GRIND|MEASURE THICKNESS|BACKSIDE ETCH CLEAN|BACKSIDE RINSE|BACKSIDE DRY|BACKSIDE METALLIZATION PREP|DEPOSIT BACKSIDE METAL|BACKSIDE ANNEAL|MEASURE BACKSIDE CONTACT|FINAL CLEAN|FINAL THICKNESS MEASURE|FINAL GEOMETRY CHECK|FINAL CD INSPECTION|FINAL PARTICLE INSPECTION|ELECTRICAL PARAMETRIC TEST|LEAKAGE TEST|THRESHOLD VOLTAGE TEST|SWITCHING TEST|WAFER SORT TEST|YIELD ANALYSIS|LOT RELEASE|SHIP LOT
valid_0196,RECEIVE WAFER LOT|LOT IDENTIFICATION|PRE CLEAN INSPECTION|MEASURE INITIAL GEOMETRY|MEASURE SURFACE PARTICLES|PRE CLEAN WAFER|BACKSIDE CLEAN|WAFER SURFACE CLEAN|FRONTSIDE CLEAN|RCA CLEAN 1|RCA CLEAN 2|HF DIP|EPITAXIAL WAFER CHECK|MEASURE EPITAXY THICKNESS|MEASURE RESISTIVITY|EPITAXIAL REWORK CHECK|EPITAXIAL LAYER PREP|THERMAL OXIDATION|MEASURE OXIDE THICKNESS|SPIN COAT PHOTORESIST|SOFT BAKE|ALIGN MASK LEVEL 1|EXPOSE LITHO LEVEL 1|DEVELOP PHOTORESIST|PATTERN INSPECTION LEVEL 1|HARD BAKE|OXIDE ETCH DRY|STRIP RESIST|CLEAN AFTER POLY ETCH|MEASURE LINE WIDTH|DEPOSIT PASSIVATION|CURE PASSIVATION|MEASURE PASSIVATION QUALITY|OPEN BOND PAD WINDOW|PAD WINDOW LITHO|DEVELOP PAD WINDOW|PASSIVATION ETCH PAD OPENING|STRIP RESIST|CLEAN PAD OPENING|MEASURE PAD OPENING|BACKSIDE GRIND|MEASURE THICKNESS|BACKSIDE ETCH CLEAN|BACKSIDE RINSE|BACKSIDE DRY|BACKSIDE METALLIZATION PREP|DEPOSIT BACKSIDE METAL|BACKSIDE ANNEAL|MEASURE BACKSIDE CONTACT|FINAL CLEAN|FINAL GEOMETRY CHECK|FINAL PARTICLE INSPECTION|PARAMETRIC TEST|LEAKAGE TEST|THRESHOLD VOLTAGE TEST|SWITCHING TEST|WAFER SORT TEST|YIELD ANALYSIS|LOT RELEASE|SHIP LOT
valid_0197,RECEIVE WAFER LOT|LOT IDENTIFICATION|PRE CLEAN INSPECTION|MEASURE INITIAL GEOMETRY|MEASURE SURFACE DEFECTS|WAFER CLEAN PRE PROCESS|BACKSIDE CLEAN|BACKSIDE GRIND|MEASURE THICKNESS|BACKSIDE ETCH CLEAN|BACKSIDE RINSE|BACKSIDE DRY|BACKSIDE METALLIZATION PREP|DEPOSIT BACKSIDE METAL|BACKSIDE ANNEAL|MEASURE BACKSIDE CONTACT|FINAL CLEAN|FINAL GEOMETRY CHECK|FINAL PARTICLE INSPECTION|ELECTRICAL PARAMETRIC TEST|LEAKAGE TEST|THRESHOLD VOLTAGE TEST|SWITCHING TEST|WAFER SORT TEST|YIELD ANALYSIS|FINAL LOT RELEASE|SHIP LOT
valid_0198,MEASURE VIA CD|DEPOSIT BARRIER METAL|DEPOSIT METAL SEED|FILL VIA METAL|CMP METAL|MEASURE CONTACT RESISTANCE|DEPOSIT TOP METAL|ANNEAL METAL|SPIN COAT PHOTORESIST|SOFT BAKE|ALIGN MASK LEVEL 4|EXPOSE LITHO LEVEL 4|DEVELOP PHOTORESIST|METAL PATTERN INSPECTION|HARD BAKE|METAL ETCH DRY|STRIP RESIST|CLEAN AFTER METAL ETCH|MEASURE LINE WIDTH|DEPOSIT PASSIVATION|CURE PASSIVATION|MEASURE PASSIVATION QUALITY|OPEN PAD WINDOW|PAD WINDOW LITHO|DEVELOP PHOTORESIST|PASSIVATION ETCH PAD OPENING|STRIP RESIST|CLEAN PAD OPENING|MEASURE PAD OPENING|BACKSIDE GRIND|MEASURE WAFER THICKNESS|BACKSIDE ETCH CLEAN|BACKSIDE RINSE|BACKSIDE DRY|BACKSIDE METALLIZATION PREP|DEPOSIT BACKSIDE METAL|BACKSIDE ANNEAL|MEASURE BACKSIDE CONTACT|FINAL CLEAN|FINAL THICKNESS MEASURE|FINAL GEOMETRY CHECK|FINAL PARTICLE INSPECTION|ELECTRICAL PARAMETRIC TEST|LEAKAGE TEST|THRESHOLD VOLTAGE TEST|SWITCHING TEST|WAFER SORT TEST|YIELD ANALYSIS|LOT RELEASE|SHIP LOT
valid_0199,OPEN PAD WINDOW|PAD WINDOW LITHO|DEVELOP PAD WINDOW|PASSIVATION ETCH PAD OPENING|STRIP RESIST|CLEAN PAD OPENING|MEASURE PAD OPENING|BACKSIDE GRIND|MEASURE WAFER THICKNESS|BACKSIDE ETCH CLEAN|BACKSIDE RINSE|BACKSIDE DRY|BACKSIDE METALLIZATION PREP|DEPOSIT BACKSIDE METAL|BACKSIDE ANNEAL|MEASURE BACKSIDE CONTACT|FINAL CLEAN|FINAL THICKNESS MEASURE|FINAL GEOMETRY CHECK|FINAL PARTICLE INSPECTION|ELECTRICAL PARAMETRIC TEST|LEAKAGE TEST|THRESHOLD VOLTAGE TEST|SWITCHING TEST|WAFER SORT TEST|YIELD ANALYSIS|LOT RELEASE|SHIP LOT
