EXAMPLE_ID,FAMILY,SEQUENCE,VIOLATION_RULE
forbidden_0100,MOSFET,RECEIVE WAFER LOT|LOT IDENTIFICATION|PRE CLEAN INSPECTION|MEASURE SURFACE PARTICLES|PRE CLEAN WAFER|WET CLEAN RCA1|WET CLEAN RCA2|HF DIP|SUBSTRATE CHECK|EPITAXY PREP|EPITAXIAL DEPOSITION|MEASURE EPITAXY THICKNESS|MEASURE RESISTIVITY|EPITAXY ANNEAL|WAFER SURFACE CLEAN|THERMAL OXIDATION|MEASURE OXIDE THICKNESS|SPIN COAT PHOTORESIST|SOFT BAKE|ALIGN MASK LEVEL 1|EXPOSE LITHO LEVEL 1|POST EXPOSE BAKE|DEVELOP PHOTORESIST|PATTERN INSPECTION LEVEL 1|OXIDE ETCH|STRIP RESIST|CLEAN AFTER ETCH|MEASURE OPENING CD|IMPLANT WELL|DRIVE IN DIFFUSION|RAPID THERMAL ANNEAL|MEASURE JUNCTION DEPTH|THERMAL OXIDATION|GATE OXIDE PREP|GATE OXIDE GROWTH|MEASURE GATE OXIDE THICKNESS|DEPOSIT POLYSILICON|POLYSILICON ANNEAL|MEASURE POLY THICKNESS|SPIN COAT PHOTORESIST|SOFT BAKE|ALIGN MASK LEVEL 2|EXPOSE LITHO LEVEL 2|POST EXPOSE BAKE|DEVELOP PHOTORESIST|POLY PATTERN INSPECTION|POLYSILICON ETCH|STRIP PHOTORESIST|CLEAN AFTER POLY ETCH|MEASURE GATE CD|IMPLANT SOURCE DRAIN|PRE ANNEAL CHECK|LIGHT ANNEAL|MEASURE SHEET RESISTANCE|DEPOSIT SPACER DIELECTRIC|ANISOTROPIC ETCH SPACER|MEASURE SPACER WIDTH|IMPLANT LDD|PRE ANNEAL CHECK|RAPID THERMAL ANNEAL|MEASURE JUNCTION PROFILE|DEPOSIT INTERLEVEL DIELECTRIC|DENSIFY DIELECTRIC|MEASURE DIELECTRIC THICKNESS|CMP INTERLAYER DIELECTRIC|MEASURE SURFACE PLANARITY|SPIN COAT PHOTORESIST|SOFT BAKE|ALIGN MASK LEVEL 3|EXPOSE LITHO LEVEL 3|DEVELOP PHOTORESIST|VIA OPENING INSPECTION|HARD BAKE|VIA ETCH THROUGH DIELECTRIC|STRIP PHOTORESIST|CLEAN AFTER VIA ETCH|MEASURE VIA CD|DEPOSIT BARRIER METAL|DEPOSIT METAL SEED|FILL VIA METAL|CMP VIA FILL|MEASURE VIA RESISTANCE|DEPOSIT METAL 1|ANNEAL METAL|MEASURE METAL THICKNESS|SPIN COAT PHOTORESIST|SOFT BAKE|ALIGN MASK LEVEL 4|EXPOSE LITHO LEVEL 4|POST EXPOSE BAKE|DEVELOP PHOTORESIST|METAL PATTERN INSPECTION|HARD BAKE|METAL ETCH|STRIP RESIST|CLEAN AFTER METAL ETCH|DEPOSIT PASSIVATION|CURE PASSIVATION|MEASURE PASSIVATION QUALITY|OPEN BOND PAD WINDOW|PAD WINDOW LITHO|DEVELOP PAD WINDOW|PASSIVATION ETCH|STRIP PHOTORESIST|CLEAN PAD OPENING|MEASURE PAD OPENING|BACKSIDE CLEAN|BACKSIDE GRIND|MEASURE THICKNESS|BACKSIDE ETCH CLEAN|BACKSIDE RINSE|BACKSIDE DRY|BACKSIDE METALLIZATION PREP|DEPOSIT BACKSIDE METAL|BACKSIDE ANNEAL|MEASURE BACKSIDE CONTACT|FINAL CLEAN|FINAL THICKNESS MEASURE|FINAL GEOMETRY CHECK|PARAMETRIC TEST|LEAKAGE TEST|THRESHOLD VOLTAGE TEST|SWITCHING TEST|SHIP LOT|WAFER SORT TEST|YIELD ANALYSIS|LOT RELEASE,RULE_SHIP_BEFORE_TEST
forbidden_0101,MOSFET,RECEIVE WAFER LOT|LOT IDENTIFICATION|PRE CLEAN INSPECTION|MEASURE THICKNESS|MEASURE SURFACE PARTICLES|PRE CLEAN WAFER|WET CLEAN RCA1|WET CLEAN RCA2|HF DIP|DRY WAFER|SUBSTRATE CHECK|EPITAXY PREP|EPITAXIAL DEPOSITION|MEASURE EPITAXY THICKNESS|MEASURE RESISTIVITY|EPITAXY ANNEAL|WAFER SURFACE CLEAN|THERMAL OXIDATION|MEASURE OXIDE THICKNESS|SPIN COAT PHOTORESIST|SOFT BAKE|ALIGN MASK LEVEL 1|EXPOSE LITHO LEVEL 1|DEVELOP PHOTORESIST|PATTERN INSPECTION LEVEL 1|OXIDE ETCH|STRIP PHOTORESIST|CLEAN AFTER ETCH|MEASURE OPENING CD|IMPLANT WELL|PRE ANNEAL CHECK|DRIVE IN DIFFUSION|RAPID THERMAL ANNEAL|MEASURE JUNCTION DEPTH|THERMAL OXIDATION|GATE OXIDE PREP|GATE OXIDE GROWTH|MEASURE GATE OXIDE THICKNESS|DEPOSIT POLYSILICON|POLYSILICON ANNEAL|MEASURE POLY THICKNESS|SPIN COAT PHOTORESIST|SOFT BAKE|ALIGN MASK LEVEL 2|EXPOSE LITHO LEVEL 2|POLY PATTERN INSPECTION|POLYSILICON ETCH|STRIP RESIST|CLEAN AFTER POLY ETCH|IMPLANT SOURCE DRAIN|LIGHT ANNEAL|MEASURE SHEET RESISTANCE|DEPOSIT SPACER DIELECTRIC|ANISOTROPIC ETCH SPACER|MEASURE SPACER WIDTH|IMPLANT LDD|PRE ANNEAL CHECK|RAPID THERMAL ANNEAL|MEASURE JUNCTION PROFILE|DEPOSIT INTERLAYER DIELECTRIC|DENSIFY DIELECTRIC|MEASURE DIELECTRIC THICKNESS|CMP DIELECTRIC|MEASURE SURFACE PLANARITY|SPIN COAT PHOTORESIST|SOFT BAKE|ALIGN MASK LEVEL 3|EXPOSE LITHO LEVEL 3|DEVELOP PHOTORESIST|VIA INSPECTION|VIA ETCH THROUGH DIELECTRIC|STRIP RESIST|CLEAN AFTER VIA ETCH|MEASURE VIA CD|DEPOSIT BARRIER METAL|DEPOSIT METAL SEED|FILL VIA METAL|CMP METAL|MEASURE CONTACT RESISTANCE|DEPOSIT TOP METAL|ANNEAL METAL 1|SPIN COAT PHOTORESIST|SOFT BAKE|ALIGN MASK LEVEL 4|EXPOSE LITHO LEVEL 4|DEVELOP PHOTORESIST|METAL PATTERN INSPECTION|HARD BAKE|METAL ETCH|STRIP RESIST|CLEAN AFTER METAL ETCH|MEASURE LINE WIDTH|DEPOSIT PASSIVATION LAYER|CURE PASSIVATION|MEASURE PASSIVATION THICKNESS|OPEN PAD WINDOW|PAD WINDOW LITHO|DEVELOP PAD WINDOW|PASSIVATION ETCH PAD OPENING|STRIP PHOTORESIST|CLEAN PAD OPENING|MEASURE PAD OPENING|BACKSIDE CLEAN|BACKSIDE GRIND|MEASURE WAFER THICKNESS|BACKSIDE ETCH CLEAN|BACKSIDE RINSE|BACKSIDE DRY|BACKSIDE METALLIZATION PREP|DEPOSIT BACKSIDE METAL|BACKSIDE ANNEAL|MEASURE BACKSIDE CONTACT|FINAL CLEAN|FINAL GEOMETRY CHECK|FINAL PARTICLE INSPECTION|PARAMETRIC TEST|LEAKAGE TEST|THRESHOLD VOLTAGE TEST|SWITCHING TEST|WAFER SORT TEST|YIELD ANALYSIS|LOT RELEASE|SHIP LOT,RULE_ETCH_NO_MASK
forbidden_0102,MOSFET,RECEIVE WAFER LOT|LOT IDENTIFICATION|INITIAL WAFER INSPECTION|MEASURE THICKNESS|MEASURE SURFACE PARTICLES|PRE CLEAN WAFER|BACKSIDE CLEAN|FRONTSIDE CLEAN|RCA CLEAN 1|RCA CLEAN 2|HF DIP|DRY WAFER|SUBSTRATE CHECK|EPITAXY PREP|EPITAXIAL DEPOSITION|MEASURE EPITAXY THICKNESS|MEASURE RESISTIVITY|EPITAXY ANNEAL|WAFER SURFACE CLEAN|THERMAL OXIDATION|MEASURE OXIDE THICKNESS|SPIN COAT PHOTORESIST|SOFT BAKE|ALIGN MASK LEVEL 2|ALIGN MASK LEVEL 1|EXPOSE LITHO LEVEL 1|DEVELOP PHOTORESIST|PATTERN INSPECTION LEVEL 1|HARD BAKE|OXIDE ETCH|STRIP PHOTORESIST|CLEAN AFTER ETCH|IMPLANT WELL|DRIVE IN DIFFUSION|RAPID THERMAL ANNEAL|THERMAL OXIDATION|GATE OXIDE PREP|GATE OXIDE GROWTH|MEASURE GATE OXIDE THICKNESS|DEPOSIT POLYSILICON|POLYSILICON ANNEAL|SPIN COAT PHOTORESIST|SOFT BAKE|EXPOSE LITHO LEVEL 2|DEVELOP PHOTORESIST|POLY PATTERN INSPECTION|POLYSILICON ETCH|STRIP PHOTORESIST|CLEAN AFTER POLY ETCH|MEASURE GATE CD|IMPLANT SOURCE DRAIN|PRE ANNEAL CHECK|LIGHT ANNEAL|MEASURE SHEET RESISTANCE|DEPOSIT SPACER DIELECTRIC|ANISOTROPIC ETCH SPACER|IMPLANT LDD|RAPID THERMAL ANNEAL|MEASURE JUNCTION PROFILE|DEPOSIT INTERLAYER DIELECTRIC|DENSIFY OXIDE|MEASURE FILM THICKNESS|CMP DIELECTRIC|MEASURE PLANARITY|SPIN COAT PHOTORESIST|SOFT BAKE|ALIGN MASK LEVEL 3|EXPOSE LITHO LEVEL 3|DEVELOP PHOTORESIST|VIA OPENING INSPECTION|VIA ETCH|STRIP RESIST|CLEAN AFTER VIA ETCH|MEASURE VIA CD|DEPOSIT BARRIER METAL|DEPOSIT METAL SEED|FILL VIA METAL|CMP METAL|MEASURE CONTACT RESISTANCE|DEPOSIT METAL 1|ANNEAL METAL 1|SPIN COAT PHOTORESIST|SOFT BAKE|ALIGN MASK LEVEL 4|EXPOSE LITHO LEVEL 4|DEVELOP PHOTORESIST|METAL PATTERN INSPECTION|METAL ETCH|STRIP RESIST|CLEAN AFTER METAL ETCH|DEPOSIT PASSIVATION|CURE PASSIVATION|MEASURE PASSIVATION QUALITY|OPEN PAD WINDOW|PAD WINDOW LITHO|DEVELOP PHOTORESIST|PASSIVATION ETCH|STRIP PHOTORESIST|CLEAN PAD OPENING|MEASURE PAD OPENING|BACKSIDE CLEAN|BACKSIDE GRIND|MEASURE THICKNESS|BACKSIDE ETCH CLEAN|BACKSIDE RINSE|BACKSIDE DRY|BACKSIDE METALLIZATION PREP|DEPOSIT BACKSIDE METAL|BACKSIDE ANNEAL|MEASURE BACKSIDE CONTACT|FINAL CLEAN|FINAL THICKNESS MEASURE|FINAL PARTICLE INSPECTION|PARAMETRIC TEST|LEAKAGE TEST|THRESHOLD VOLTAGE TEST|SWITCHING TEST|WAFER SORT TEST|YIELD ANALYSIS|FINAL LOT RELEASE|SHIP LOT,RULE_LITHO_LEVEL_SKIP
forbidden_0103,MOSFET,RECEIVE WAFER LOT|LOT IDENTIFICATION|PRE CLEAN INSPECTION|MEASURE THICKNESS|MEASURE SURFACE PARTICLES|PRE CLEAN WAFER|FRONTSIDE CLEAN|RCA CLEAN 1|WET CLEAN RCA2|HF DIP|DRY WAFER|SUBSTRATE CHECK|EPITAXY PREP|EPITAXIAL DEPOSITION|MEASURE EPITAXY THICKNESS|MEASURE RESISTIVITY|EPITAXY ANNEAL|WAFER SURFACE CLEAN|THERMAL OXIDATION|MEASURE OXIDE THICKNESS|SPIN COAT PHOTORESIST|SOFT BAKE|ALIGN MASK LEVEL 1|EXPOSE LITHO LEVEL 1|POST EXPOSE BAKE|DEVELOP PHOTORESIST|PATTERN INSPECTION LEVEL 1|OXIDE ETCH|STRIP RESIST|CLEAN AFTER ETCH|MEASURE OPENING CD|IMPLANT WELL|PRE ANNEAL CHECK|DRIVE IN DIFFUSION|RAPID THERMAL ANNEAL|MEASURE JUNCTION DEPTH|THERMAL OXIDATION|GATE OXIDE PREP|GATE OXIDE GROWTH|MEASURE GATE OXIDE THICKNESS|DEPOSIT POLYSILICON|POLYSILICON ANNEAL|MEASURE POLY THICKNESS|SPIN COAT PHOTORESIST|SOFT BAKE|ALIGN MASK LEVEL 2|EXPOSE LITHO LEVEL 2|DEVELOP PHOTORESIST|POLY PATTERN INSPECTION|POLYSILICON ETCH|STRIP PHOTORESIST|CLEAN AFTER POLY ETCH|MEASURE GATE CD|IMPLANT SOURCE DRAIN|PRE ANNEAL CHECK|LIGHT ANNEAL|MEASURE SHEET RESISTANCE|DEPOSIT SPACER DIELECTRIC|ANISOTROPIC ETCH SPACER|IMPLANT LDD|RAPID THERMAL ANNEAL|MEASURE JUNCTION PROFILE|DEPOSIT INTERLEVEL DIELECTRIC|DENSIFY OXIDE|MEASURE FILM THICKNESS|CMP DIELECTRIC|MEASURE PLANARITY|SPIN COAT PHOTORESIST|SOFT BAKE|ALIGN MASK LEVEL 3|EXPOSE LITHO LEVEL 3|POST EXPOSE BAKE|DEVELOP PHOTORESIST|VIA OPENING INSPECTION|HARD BAKE|DIELECTRIC ETCH VIA|STRIP RESIST|CLEAN AFTER VIA ETCH|MEASURE VIA CD|DEPOSIT BARRIER METAL|DEPOSIT METAL SEED|FILL VIA METAL|CMP METAL|MEASURE CONTACT RESISTANCE|DEPOSIT TOP METAL|ANNEAL METAL|MEASURE METAL THICKNESS|SPIN COAT PHOTORESIST|SOFT BAKE|ALIGN MASK LEVEL 4|EXPOSE LITHO LEVEL 4|POST EXPOSE BAKE|DEVELOP PHOTORESIST|METAL PATTERN INSPECTION|HARD BAKE|METAL ETCH|STRIP PHOTORESIST|CLEAN AFTER METAL ETCH|MEASURE LINE WIDTH|OPEN PAD WINDOW|DEPOSIT PASSIVATION LAYER|CURE PASSIVATION|MEASURE PASSIVATION THICKNESS|PAD WINDOW LITHO|DEVELOP PHOTORESIST|PASSIVATION ETCH|STRIP PHOTORESIST|CLEAN PAD OPENING|MEASURE PAD OPENING|BACKSIDE CLEAN|BACKSIDE GRIND|MEASURE THICKNESS|BACKSIDE ETCH CLEAN|BACKSIDE RINSE|BACKSIDE DRY|BACKSIDE METALLIZATION PREP|DEPOSIT BACKSIDE METAL|BACKSIDE ANNEAL|MEASURE BACKSIDE CONTACT|FINAL CLEAN|FINAL THICKNESS MEASURE|FINAL GEOMETRY CHECK|FINAL CD INSPECTION|ELECTRICAL PARAMETRIC TEST|LEAKAGE TEST|THRESHOLD VOLTAGE TEST|SWITCHING TEST|WAFER SORT TEST|YIELD ANALYSIS|LOT RELEASE|SHIP LOT,RULE_PAD_OPEN_BEFORE_DEP
forbidden_0104,MOSFET,RECEIVE WAFER LOT|LOT IDENTIFICATION|PRE CLEAN INSPECTION|MEASURE THICKNESS|MEASURE SURFACE PARTICLES|PRE CLEAN WAFER|WET CLEAN RCA1|WET CLEAN RCA2|HF DIP|DRY WAFER|SUBSTRATE CHECK|EPITAXY PREP|EPITAXIAL DEPOSITION|MEASURE EPITAXY THICKNESS|MEASURE RESISTIVITY|EPITAXY ANNEAL|WAFER SURFACE CLEAN|THERMAL OXIDATION|MEASURE OXIDE THICKNESS|SPIN COAT PHOTORESIST|SOFT BAKE|ALIGN MASK LEVEL 1|EXPOSE LITHO LEVEL 1|POST EXPOSE BAKE|DEVELOP PHOTORESIST|PATTERN INSPECTION LEVEL 1|OXIDE ETCH|STRIP RESIST|CLEAN AFTER ETCH|IMPLANT WELL|DRIVE IN DIFFUSION|RAPID THERMAL ANNEAL|MEASURE JUNCTION DEPTH|THERMAL OXIDATION|GATE OXIDE PREP|GATE OXIDE GROWTH|MEASURE GATE OXIDE THICKNESS|DEPOSIT POLYSILICON|POLYSILICON ANNEAL|MEASURE POLY THICKNESS|SPIN COAT PHOTORESIST|SOFT BAKE|ALIGN MASK LEVEL 2|EXPOSE LITHO LEVEL 2|DEVELOP PHOTORESIST|POLY PATTERN INSPECTION|POLYSILICON ETCH|STRIP PHOTORESIST|CLEAN AFTER POLY ETCH|MEASURE GATE CD|IMPLANT SOURCE DRAIN|LIGHT ANNEAL|MEASURE SHEET RESISTANCE|DEPOSIT SPACER DIELECTRIC|ANISOTROPIC ETCH SPACER|MEASURE SPACER WIDTH|IMPLANT LDD|RAPID THERMAL ANNEAL|MEASURE JUNCTION PROFILE|DEPOSIT INTERLEVEL DIELECTRIC|DENSIFY OXIDE|MEASURE FILM THICKNESS|CMP INTERLAYER DIELECTRIC|MEASURE PLANARITY|SPIN COAT PHOTORESIST|SOFT BAKE|ALIGN MASK LEVEL 3|EXPOSE LITHO LEVEL 3|DEVELOP PHOTORESIST|VIA INSPECTION|HARD BAKE|VIA ETCH THROUGH DIELECTRIC|STRIP RESIST|CLEAN AFTER VIA ETCH|DEPOSIT BARRIER METAL|DEPOSIT METAL SEED|FILL VIA METAL|CMP VIA FILL|MEASURE CONTACT RESISTANCE|DEPOSIT METAL 1|ANNEAL METAL|MEASURE METAL THICKNESS|SPIN COAT PHOTORESIST|SOFT BAKE|ALIGN MASK LEVEL 4|METAL PATTERN INSPECTION|METAL ETCH|STRIP PHOTORESIST|CLEAN AFTER METAL ETCH|DEPOSIT PASSIVATION|CURE PASSIVATION|MEASURE PASSIVATION QUALITY|OPEN PAD WINDOW|PAD WINDOW LITHO|DEVELOP PHOTORESIST|PASSIVATION ETCH PAD OPENING|STRIP PHOTORESIST|CLEAN PAD OPENING|MEASURE PAD OPENING|BACKSIDE CLEAN|BACKSIDE GRIND|MEASURE WAFER THICKNESS|BACKSIDE ETCH CLEAN|BACKSIDE RINSE|BACKSIDE DRY|BACKSIDE METALLIZATION PREP|DEPOSIT BACKSIDE METAL|BACKSIDE ANNEAL|MEASURE BACKSIDE CONTACT|FINAL CLEAN|FINAL THICKNESS MEASURE|FINAL GEOMETRY CHECK|FINAL PARTICLE INSPECTION|ELECTRICAL PARAMETRIC TEST|LEAKAGE TEST|THRESHOLD VOLTAGE TEST|SWITCHING TEST|WAFER SORT TEST|YIELD ANALYSIS|FINAL LOT RELEASE|SHIP LOT,RULE_ETCH_NO_MASK
forbidden_0105,MOSFET,RECEIVE WAFER LOT|LOT IDENTIFICATION|PRE CLEAN INSPECTION|MEASURE THICKNESS|MEASURE SURFACE PARTICLES|PRE CLEAN WAFER|FRONTSIDE CLEAN|RCA CLEAN 1|RCA CLEAN 2|HF DIP|DRY WAFER|SUBSTRATE CHECK|EPITAXY PREP|EPITAXIAL DEPOSITION|MEASURE EPITAXY THICKNESS|MEASURE RESISTIVITY|EPITAXY ANNEAL|WAFER SURFACE CLEAN|THERMAL OXIDATION|MEASURE OXIDE THICKNESS|SPIN COAT PHOTORESIST|SOFT BAKE|ALIGN MASK LEVEL 1|EXPOSE LITHO LEVEL 1|POST EXPOSE BAKE|DEVELOP PHOTORESIST|PATTERN INSPECTION LEVEL 1|OXIDE ETCH|STRIP PHOTORESIST|CLEAN AFTER ETCH|MEASURE OPENING CD|IMPLANT WELL|DRIVE IN DIFFUSION|RAPID THERMAL ANNEAL|MEASURE JUNCTION DEPTH|THERMAL OXIDATION|GATE OXIDE PREP|GATE OXIDE GROWTH|MEASURE GATE OXIDE THICKNESS|DEPOSIT POLYSILICON|POLYSILICON ANNEAL|MEASURE POLY THICKNESS|SPIN COAT PHOTORESIST|SOFT BAKE|ALIGN MASK LEVEL 2|EXPOSE LITHO LEVEL 2|DEVELOP PHOTORESIST|POLY PATTERN INSPECTION|POLYSILICON ETCH|STRIP PHOTORESIST|CLEAN AFTER POLY ETCH|MEASURE GATE CD|IMPLANT SOURCE DRAIN|LIGHT ANNEAL|MEASURE SHEET RESISTANCE|DEPOSIT SPACER DIELECTRIC|ANISOTROPIC ETCH SPACER|MEASURE SPACER WIDTH|IMPLANT LDD|PRE ANNEAL CHECK|RAPID THERMAL ANNEAL|MEASURE JUNCTION PROFILE|DEPOSIT INTERLAYER DIELECTRIC|DENSIFY OXIDE|MEASURE FILM THICKNESS|CMP INTERLAYER DIELECTRIC|MEASURE SURFACE PLANARITY|SPIN COAT PHOTORESIST|SOFT BAKE|ALIGN MASK LEVEL 3|EXPOSE LITHO LEVEL 3|POST EXPOSE BAKE|DEVELOP PHOTORESIST|VIA INSPECTION|VIA ETCH|STRIP PHOTORESIST|CLEAN AFTER VIA ETCH|MEASURE VIA CD|DEPOSIT BARRIER METAL|DEPOSIT METAL SEED|FILL VIA METAL|CMP METAL|MEASURE VIA RESISTANCE|DEPOSIT TOP METAL|ANNEAL METAL|MEASURE METAL THICKNESS|SPIN COAT PHOTORESIST|SOFT BAKE|ALIGN MASK LEVEL 4|EXPOSE LITHO LEVEL 4|POST EXPOSE BAKE|DEVELOP PHOTORESIST|METAL PATTERN INSPECTION|HARD BAKE|METAL ETCH|STRIP PHOTORESIST|CLEAN AFTER METAL ETCH|MEASURE LINE WIDTH|DEPOSIT PASSIVATION LAYER|CURE PASSIVATION|MEASURE PASSIVATION THICKNESS|OPEN BOND PAD WINDOW|OPEN PAD WINDOW LITHO|DEVELOP PHOTORESIST|PASSIVATION ETCH|STRIP RESIST|CLEAN PAD OPENING|MEASURE PAD OPENING|BACKSIDE CLEAN|BACKSIDE GRIND|MEASURE WAFER THICKNESS|BACKSIDE ETCH CLEAN|BACKSIDE RINSE|BACKSIDE DRY|BACKSIDE METALLIZATION PREP|DEPOSIT BACKSIDE METAL|BACKSIDE ANNEAL|MEASURE BACKSIDE CONTACT|FINAL CLEAN|FINAL THICKNESS MEASURE|FINAL GEOMETRY CHECK|FINAL PARTICLE INSPECTION|ELECTRICAL PARAMETRIC TEST|LEAKAGE TEST|THRESHOLD VOLTAGE TEST|SWITCHING TEST|SHIP LOT|WAFER SORT TEST|YIELD ANALYSIS|FINAL LOT RELEASE,RULE_SHIP_BEFORE_TEST
forbidden_0106,MOSFET,RECEIVE WAFER LOT|LOT IDENTIFICATION|INITIAL WAFER INSPECTION|MEASURE THICKNESS|MEASURE SURFACE PARTICLES|PRE CLEAN WAFER|BACKSIDE CLEAN|FRONTSIDE CLEAN|WET CLEAN RCA1|WET CLEAN RCA2|HF DIP|SUBSTRATE CHECK|EPITAXY PREP|EPITAXIAL DEPOSITION|MEASURE EPITAXY THICKNESS|MEASURE RESISTIVITY|EPITAXY ANNEAL|WAFER SURFACE CLEAN|THERMAL OXIDATION|MEASURE OXIDE THICKNESS|SPIN COAT PHOTORESIST|SOFT BAKE|ALIGN MASK LEVEL 2|ALIGN MASK LEVEL 1|EXPOSE LITHO LEVEL 1|DEVELOP PHOTORESIST|PATTERN INSPECTION LEVEL 1|HARD BAKE|OXIDE ETCH|STRIP PHOTORESIST|CLEAN AFTER ETCH|MEASURE OPENING CD|IMPLANT WELL|PRE ANNEAL CHECK|DRIVE IN DIFFUSION|RAPID THERMAL ANNEAL|MEASURE JUNCTION DEPTH|THERMAL OXIDATION|GATE OXIDE PREP|GATE OXIDE GROWTH|MEASURE GATE OXIDE THICKNESS|DEPOSIT POLYSILICON|POLYSILICON ANNEAL|SPIN COAT PHOTORESIST|SOFT BAKE|EXPOSE LITHO LEVEL 2|POST EXPOSE BAKE|DEVELOP PHOTORESIST|POLY PATTERN INSPECTION|POLYSILICON ETCH|STRIP RESIST|CLEAN AFTER POLY ETCH|MEASURE GATE CD|IMPLANT SOURCE DRAIN|LIGHT ANNEAL|DEPOSIT SPACER DIELECTRIC|ANISOTROPIC ETCH SPACER|IMPLANT LDD|PRE ANNEAL CHECK|RAPID THERMAL ANNEAL|MEASURE JUNCTION PROFILE|DEPOSIT INTERLEVEL DIELECTRIC|DENSIFY DIELECTRIC|MEASURE FILM THICKNESS|CMP DIELECTRIC|MEASURE PLANARITY|SPIN COAT PHOTORESIST|SOFT BAKE|ALIGN MASK LEVEL 3|EXPOSE LITHO LEVEL 3|POST EXPOSE BAKE|DEVELOP PHOTORESIST|VIA INSPECTION|VIA ETCH THROUGH DIELECTRIC|STRIP PHOTORESIST|CLEAN AFTER VIA ETCH|DEPOSIT BARRIER METAL|DEPOSIT METAL SEED|FILL VIA METAL|CMP VIA FILL|DEPOSIT TOP METAL|ANNEAL METAL 1|MEASURE METAL THICKNESS|SPIN COAT PHOTORESIST|SOFT BAKE|ALIGN MASK LEVEL 4|EXPOSE LITHO LEVEL 4|DEVELOP PHOTORESIST|METAL PATTERN INSPECTION|METAL ETCH|STRIP RESIST|CLEAN AFTER METAL ETCH|DEPOSIT PASSIVATION LAYER|CURE PASSIVATION|MEASURE PASSIVATION THICKNESS|OPEN BOND PAD WINDOW|OPEN PAD WINDOW LITHO|DEVELOP PHOTORESIST|PASSIVATION ETCH|STRIP PHOTORESIST|CLEAN PAD OPENING|MEASURE PAD OPENING|BACKSIDE CLEAN|BACKSIDE GRIND|MEASURE WAFER THICKNESS|BACKSIDE ETCH CLEAN|BACKSIDE RINSE|BACKSIDE DRY|BACKSIDE METALLIZATION PREP|DEPOSIT BACKSIDE METAL|BACKSIDE ANNEAL|MEASURE BACKSIDE CONTACT|FINAL CLEAN|FINAL THICKNESS MEASURE|FINAL GEOMETRY CHECK|FINAL PARTICLE INSPECTION|ELECTRICAL PARAMETRIC TEST|LEAKAGE TEST|THRESHOLD VOLTAGE TEST|SWITCHING TEST|WAFER SORT TEST|YIELD ANALYSIS|LOT RELEASE|SHIP LOT,RULE_LITHO_LEVEL_SKIP
forbidden_0107,MOSFET,RECEIVE WAFER LOT|LOT IDENTIFICATION|INITIAL WAFER INSPECTION|MEASURE THICKNESS|MEASURE SURFACE PARTICLES|PRE CLEAN WAFER|BACKSIDE CLEAN|WET CLEAN RCA1|RCA CLEAN 2|HF DIP|DRY WAFER|SUBSTRATE CHECK|EPITAXY PREP|EPITAXIAL DEPOSITION|MEASURE EPITAXY THICKNESS|MEASURE RESISTIVITY|EPITAXY ANNEAL|WAFER SURFACE CLEAN|THERMAL OXIDATION|MEASURE OXIDE THICKNESS|SPIN COAT PHOTORESIST|SOFT BAKE|ALIGN MASK LEVEL 1|EXPOSE LITHO LEVEL 1|DEVELOP PHOTORESIST|PATTERN INSPECTION LEVEL 1|HARD BAKE|OXIDE ETCH|STRIP PHOTORESIST|CLEAN AFTER ETCH|MEASURE OPENING CD|IMPLANT WELL|PRE ANNEAL CHECK|DRIVE IN DIFFUSION|RAPID THERMAL ANNEAL|MEASURE JUNCTION DEPTH|THERMAL OXIDATION|GATE OXIDE PREP|GATE OXIDE GROWTH|MEASURE GATE OXIDE THICKNESS|DEPOSIT POLYSILICON|POLYSILICON ANNEAL|SPIN COAT PHOTORESIST|SOFT BAKE|ALIGN MASK LEVEL 2|EXPOSE LITHO LEVEL 2|DEVELOP PHOTORESIST|POLY PATTERN INSPECTION|POLYSILICON ETCH|STRIP RESIST|CLEAN AFTER POLY ETCH|MEASURE GATE CD|IMPLANT SOURCE DRAIN|LIGHT ANNEAL|MEASURE SHEET RESISTANCE|DEPOSIT SPACER DIELECTRIC|ANISOTROPIC ETCH SPACER|MEASURE SPACER WIDTH|IMPLANT LDD|PRE ANNEAL CHECK|RAPID THERMAL ANNEAL|MEASURE JUNCTION PROFILE|DEPOSIT INTERLEVEL DIELECTRIC|DENSIFY OXIDE|MEASURE FILM THICKNESS|CMP DIELECTRIC|MEASURE SURFACE PLANARITY|SPIN COAT PHOTORESIST|SOFT BAKE|ALIGN MASK LEVEL 3|EXPOSE LITHO LEVEL 3|DEVELOP PHOTORESIST|VIA OPENING INSPECTION|DIELECTRIC ETCH VIA|STRIP RESIST|CLEAN AFTER VIA ETCH|DEPOSIT BARRIER METAL|DEPOSIT METAL SEED|FILL VIA METAL|CMP METAL|MEASURE VIA RESISTANCE|DEPOSIT METAL 1|ANNEAL METAL 1|SPIN COAT PHOTORESIST|SOFT BAKE|ALIGN MASK LEVEL 4|EXPOSE LITHO LEVEL 4|DEVELOP PHOTORESIST|METAL PATTERN INSPECTION|METAL ETCH|STRIP RESIST|CLEAN AFTER METAL ETCH|DEPOSIT PASSIVATION|LEAKAGE TEST|CURE PASSIVATION|MEASURE PASSIVATION QUALITY|OPEN BOND PAD WINDOW|OPEN PAD WINDOW LITHO|DEVELOP PAD WINDOW|PASSIVATION ETCH|STRIP PHOTORESIST|CLEAN PAD OPENING|MEASURE PAD OPENING|BACKSIDE CLEAN|BACKSIDE GRIND|MEASURE WAFER THICKNESS|BACKSIDE ETCH CLEAN|BACKSIDE RINSE|BACKSIDE DRY|BACKSIDE METALLIZATION PREP|DEPOSIT BACKSIDE METAL|BACKSIDE ANNEAL|MEASURE BACKSIDE CONTACT|FINAL CLEAN|FINAL THICKNESS MEASURE|FINAL GEOMETRY CHECK|FINAL CD INSPECTION|FINAL PARTICLE INSPECTION|ELECTRICAL PARAMETRIC TEST|THRESHOLD VOLTAGE TEST|SWITCHING TEST|WAFER SORT TEST|YIELD ANALYSIS|FINAL LOT RELEASE|SHIP LOT,RULE_TEST_BEFORE_PASSIVATION
forbidden_0108,MOSFET,RECEIVE WAFER LOT|LOT IDENTIFICATION|PRE CLEAN INSPECTION|MEASURE THICKNESS|MEASURE SURFACE PARTICLES|PRE CLEAN WAFER|BACKSIDE CLEAN|FRONTSIDE CLEAN|RCA CLEAN 1|WET CLEAN RCA2|HF DIP|DRY WAFER|SUBSTRATE CHECK|EPITAXY PREP|EPITAXIAL DEPOSITION|MEASURE EPITAXY THICKNESS|MEASURE RESISTIVITY|EPITAXY ANNEAL|WAFER SURFACE CLEAN|THERMAL OXIDATION|MEASURE OXIDE THICKNESS|SPIN COAT PHOTORESIST|SOFT BAKE|ALIGN MASK LEVEL 1|EXPOSE LITHO LEVEL 1|POST EXPOSE BAKE|DEVELOP PHOTORESIST|PATTERN INSPECTION LEVEL 1|HARD BAKE|OXIDE ETCH|STRIP PHOTORESIST|CLEAN AFTER ETCH|IMPLANT WELL|PRE ANNEAL CHECK|DRIVE IN DIFFUSION|RAPID THERMAL ANNEAL|MEASURE JUNCTION DEPTH|THERMAL OXIDATION|GATE OXIDE PREP|GATE OXIDE GROWTH|MEASURE GATE OXIDE THICKNESS|DEPOSIT POLYSILICON|POLYSILICON ANNEAL|MEASURE POLY THICKNESS|SPIN COAT PHOTORESIST|SOFT BAKE|ALIGN MASK LEVEL 2|EXPOSE LITHO LEVEL 2|POST EXPOSE BAKE|DEVELOP PHOTORESIST|POLY PATTERN INSPECTION|POLYSILICON ETCH|STRIP PHOTORESIST|CLEAN AFTER POLY ETCH|IMPLANT SOURCE DRAIN|LIGHT ANNEAL|MEASURE SHEET RESISTANCE|DEPOSIT SPACER DIELECTRIC|ANISOTROPIC ETCH SPACER|MEASURE SPACER WIDTH|IMPLANT LDD|PRE ANNEAL CHECK|RAPID THERMAL ANNEAL|MEASURE JUNCTION PROFILE|DEPOSIT INTERLAYER DIELECTRIC|DENSIFY OXIDE|MEASURE FILM THICKNESS|CMP DIELECTRIC|MEASURE SURFACE PLANARITY|SPIN COAT PHOTORESIST|SOFT BAKE|ALIGN MASK LEVEL 3|EXPOSE LITHO LEVEL 3|DEVELOP PHOTORESIST|VIA OPENING INSPECTION|VIA ETCH|STRIP PHOTORESIST|CLEAN AFTER VIA ETCH|DEPOSIT BARRIER METAL|DEPOSIT METAL SEED|FILL VIA METAL|CMP VIA FILL|DEPOSIT TOP METAL|ANNEAL METAL 1|MEASURE METAL THICKNESS|SPIN COAT PHOTORESIST|SOFT BAKE|ALIGN MASK LEVEL 4|EXPOSE LITHO LEVEL 4|DEVELOP PHOTORESIST|METAL PATTERN INSPECTION|METAL ETCH|STRIP PHOTORESIST|MEASURE LINE WIDTH|DEPOSIT PASSIVATION|CURE PASSIVATION|MEASURE PASSIVATION QUALITY|OPEN PAD WINDOW|PAD WINDOW LITHO|DEVELOP PAD WINDOW|PASSIVATION ETCH|STRIP RESIST|CLEAN PAD OPENING|MEASURE PAD OPENING|BACKSIDE CLEAN|BACKSIDE GRIND|MEASURE THICKNESS|BACKSIDE ETCH CLEAN|BACKSIDE RINSE|BACKSIDE DRY|BACKSIDE METALLIZATION PREP|DEPOSIT BACKSIDE METAL|BACKSIDE ANNEAL|MEASURE BACKSIDE CONTACT|FINAL CLEAN|FINAL THICKNESS MEASURE|FINAL GEOMETRY CHECK|FINAL PARTICLE INSPECTION|PARAMETRIC TEST|LEAKAGE TEST|THRESHOLD VOLTAGE TEST|SWITCHING TEST|WAFER SORT TEST|YIELD ANALYSIS|FINAL LOT RELEASE|SHIP LOT,RULE_DEP_NO_CLEAN
forbidden_0109,MOSFET,RECEIVE WAFER LOT|LOT IDENTIFICATION|INITIAL WAFER INSPECTION|MEASURE THICKNESS|MEASURE SURFACE PARTICLES|PRE CLEAN WAFER|BACKSIDE CLEAN|RCA CLEAN 1|WET CLEAN RCA2|HF DIP|DRY WAFER|SUBSTRATE CHECK|EPITAXY PREP|EPITAXIAL DEPOSITION|MEASURE EPITAXY THICKNESS|MEASURE RESISTIVITY|EPITAXY ANNEAL|WAFER SURFACE CLEAN|THERMAL OXIDATION|MEASURE OXIDE THICKNESS|SPIN COAT PHOTORESIST|SOFT BAKE|ALIGN MASK LEVEL 1|EXPOSE LITHO LEVEL 1|DEVELOP PHOTORESIST|PATTERN INSPECTION LEVEL 1|HARD BAKE|OXIDE ETCH|STRIP PHOTORESIST|CLEAN AFTER ETCH|MEASURE OPENING CD|IMPLANT WELL|PRE ANNEAL CHECK|DRIVE IN DIFFUSION|RAPID THERMAL ANNEAL|MEASURE JUNCTION DEPTH|THERMAL OXIDATION|GATE OXIDE PREP|GATE OXIDE GROWTH|MEASURE GATE OXIDE THICKNESS|DEPOSIT POLYSILICON|POLYSILICON ANNEAL|MEASURE POLY THICKNESS|SPIN COAT PHOTORESIST|SOFT BAKE|ALIGN MASK LEVEL 2|EXPOSE LITHO LEVEL 2|DEVELOP PHOTORESIST|POLY PATTERN INSPECTION|HARD BAKE|POLYSILICON ETCH|STRIP PHOTORESIST|CLEAN AFTER POLY ETCH|MEASURE GATE CD|IMPLANT SOURCE DRAIN|PRE ANNEAL CHECK|LIGHT ANNEAL|DEPOSIT SPACER DIELECTRIC|ANISOTROPIC ETCH SPACER|IMPLANT LDD|PRE ANNEAL CHECK|RAPID THERMAL ANNEAL|MEASURE JUNCTION PROFILE|DEPOSIT INTERLAYER DIELECTRIC|DENSIFY DIELECTRIC|MEASURE FILM THICKNESS|CMP INTERLAYER DIELECTRIC|MEASURE PLANARITY|SPIN COAT PHOTORESIST|SOFT BAKE|ALIGN MASK LEVEL 3|EXPOSE LITHO LEVEL 3|DEVELOP PHOTORESIST|VIA OPENING INSPECTION|VIA ETCH THROUGH DIELECTRIC|STRIP RESIST|CLEAN AFTER VIA ETCH|MEASURE VIA CD|CMP METAL|MEASURE VIA RESISTANCE|DEPOSIT METAL 1|ANNEAL METAL|SPIN COAT PHOTORESIST|SOFT BAKE|ALIGN MASK LEVEL 4|EXPOSE LITHO LEVEL 4|DEVELOP PHOTORESIST|METAL PATTERN INSPECTION|METAL ETCH|STRIP PHOTORESIST|CLEAN AFTER METAL ETCH|MEASURE LINE WIDTH|DEPOSIT PASSIVATION LAYER|CURE PASSIVATION|MEASURE PASSIVATION THICKNESS|OPEN PAD WINDOW|OPEN PAD WINDOW LITHO|DEVELOP PAD WINDOW|PASSIVATION ETCH|STRIP PHOTORESIST|CLEAN PAD OPENING|MEASURE PAD OPENING|BACKSIDE CLEAN|BACKSIDE GRIND|MEASURE THICKNESS|BACKSIDE ETCH CLEAN|BACKSIDE RINSE|BACKSIDE DRY|BACKSIDE METALLIZATION PREP|DEPOSIT BACKSIDE METAL|BACKSIDE ANNEAL|MEASURE BACKSIDE CONTACT|FINAL CLEAN|FINAL THICKNESS MEASURE|FINAL GEOMETRY CHECK|FINAL CD INSPECTION|FINAL PARTICLE INSPECTION|ELECTRICAL PARAMETRIC TEST|LEAKAGE TEST|THRESHOLD VOLTAGE TEST|SWITCHING TEST|WAFER SORT TEST|YIELD ANALYSIS|LOT RELEASE|SHIP LOT,RULE_CMP_NO_DEP
forbidden_0110,MOSFET,RECEIVE WAFER LOT|LOT IDENTIFICATION|INITIAL WAFER INSPECTION|MEASURE THICKNESS|MEASURE SURFACE PARTICLES|PRE CLEAN WAFER|BACKSIDE CLEAN|RCA CLEAN 1|WET CLEAN RCA2|HF DIP|DRY WAFER|SUBSTRATE CHECK|EPITAXY PREP|EPITAXIAL DEPOSITION|MEASURE EPITAXY THICKNESS|MEASURE RESISTIVITY|EPITAXY ANNEAL|WAFER SURFACE CLEAN|THERMAL OXIDATION|MEASURE OXIDE THICKNESS|SPIN COAT PHOTORESIST|SOFT BAKE|ALIGN MASK LEVEL 1|EXPOSE LITHO LEVEL 1|DEVELOP PHOTORESIST|PATTERN INSPECTION LEVEL 1|OXIDE ETCH|STRIP PHOTORESIST|CLEAN AFTER ETCH|MEASURE OPENING CD|IMPLANT WELL|PRE ANNEAL CHECK|DRIVE IN DIFFUSION|RAPID THERMAL ANNEAL|MEASURE JUNCTION DEPTH|THERMAL OXIDATION|GATE OXIDE PREP|GATE OXIDE GROWTH|MEASURE GATE OXIDE THICKNESS|DEPOSIT POLYSILICON|POLYSILICON ANNEAL|MEASURE POLY THICKNESS|SPIN COAT PHOTORESIST|SOFT BAKE|ALIGN MASK LEVEL 2|EXPOSE LITHO LEVEL 2|POST EXPOSE BAKE|DEVELOP PHOTORESIST|POLY PATTERN INSPECTION|POLYSILICON ETCH|STRIP RESIST|CLEAN AFTER POLY ETCH|MEASURE GATE CD|IMPLANT SOURCE DRAIN|LIGHT ANNEAL|MEASURE SHEET RESISTANCE|DEPOSIT SPACER DIELECTRIC|ANISOTROPIC ETCH SPACER|MEASURE SPACER WIDTH|IMPLANT LDD|PRE ANNEAL CHECK|RAPID THERMAL ANNEAL|DEPOSIT INTERLEVEL DIELECTRIC|DENSIFY DIELECTRIC|MEASURE DIELECTRIC THICKNESS|CMP INTERLAYER DIELECTRIC|MEASURE PLANARITY|SPIN COAT PHOTORESIST|SOFT BAKE|ALIGN MASK LEVEL 3|EXPOSE LITHO LEVEL 3|POST EXPOSE BAKE|DEVELOP PHOTORESIST|VIA INSPECTION|DIELECTRIC ETCH VIA|STRIP RESIST|CLEAN AFTER VIA ETCH|MEASURE VIA CD|DEPOSIT BARRIER METAL|DEPOSIT METAL SEED|FILL VIA METAL|CMP VIA FILL|MEASURE CONTACT RESISTANCE|DEPOSIT TOP METAL|ANNEAL METAL 1|SPIN COAT PHOTORESIST|SOFT BAKE|ALIGN MASK LEVEL 4|EXPOSE LITHO LEVEL 4|DEVELOP PHOTORESIST|METAL PATTERN INSPECTION|METAL ETCH|STRIP RESIST|CLEAN AFTER METAL ETCH|MEASURE LINE WIDTH|DEPOSIT PASSIVATION|DEPOSIT BACKSIDE METAL|CURE PASSIVATION|MEASURE PASSIVATION THICKNESS|OPEN PAD WINDOW|OPEN PAD WINDOW LITHO|DEVELOP PAD WINDOW|PASSIVATION ETCH|STRIP PHOTORESIST|CLEAN PAD OPENING|MEASURE PAD OPENING|BACKSIDE CLEAN|BACKSIDE GRIND|MEASURE WAFER THICKNESS|BACKSIDE ETCH CLEAN|BACKSIDE RINSE|BACKSIDE DRY|BACKSIDE METALLIZATION PREP|BACKSIDE ANNEAL|MEASURE BACKSIDE CONTACT|FINAL CLEAN|FINAL THICKNESS MEASURE|FINAL GEOMETRY CHECK|FINAL CD INSPECTION|FINAL PARTICLE INSPECTION|ELECTRICAL PARAMETRIC TEST|LEAKAGE TEST|THRESHOLD VOLTAGE TEST|SWITCHING TEST|WAFER SORT TEST|YIELD ANALYSIS|FINAL LOT RELEASE|SHIP LOT,RULE_BACKSIDE_BEFORE_PASSIVATION
forbidden_0111,MOSFET,RECEIVE WAFER LOT|LOT IDENTIFICATION|PRE CLEAN INSPECTION|MEASURE THICKNESS|MEASURE SURFACE PARTICLES|PRE CLEAN WAFER|BACKSIDE CLEAN|RCA CLEAN 1|WET CLEAN RCA2|HF DIP|SUBSTRATE CHECK|EPITAXY PREP|EPITAXIAL DEPOSITION|MEASURE EPITAXY THICKNESS|MEASURE RESISTIVITY|EPITAXY ANNEAL|WAFER SURFACE CLEAN|THERMAL OXIDATION|MEASURE OXIDE THICKNESS|SPIN COAT PHOTORESIST|SOFT BAKE|ALIGN MASK LEVEL 1|EXPOSE LITHO LEVEL 1|DEVELOP PHOTORESIST|PATTERN INSPECTION LEVEL 1|HARD BAKE|OXIDE ETCH|STRIP RESIST|CLEAN AFTER ETCH|MEASURE OPENING CD|IMPLANT WELL|PRE ANNEAL CHECK|DRIVE IN DIFFUSION|RAPID THERMAL ANNEAL|MEASURE JUNCTION DEPTH|THERMAL OXIDATION|GATE OXIDE PREP|GATE OXIDE GROWTH|MEASURE GATE OXIDE THICKNESS|DEPOSIT POLYSILICON|POLYSILICON ANNEAL|SPIN COAT PHOTORESIST|SOFT BAKE|ALIGN MASK LEVEL 2|EXPOSE LITHO LEVEL 2|POLY PATTERN INSPECTION|POLYSILICON ETCH|STRIP RESIST|CLEAN AFTER POLY ETCH|MEASURE GATE CD|IMPLANT SOURCE DRAIN|PRE ANNEAL CHECK|LIGHT ANNEAL|DEPOSIT SPACER DIELECTRIC|ANISOTROPIC ETCH SPACER|IMPLANT LDD|PRE ANNEAL CHECK|RAPID THERMAL ANNEAL|MEASURE JUNCTION PROFILE|DEPOSIT INTERLEVEL DIELECTRIC|DENSIFY DIELECTRIC|MEASURE FILM THICKNESS|CMP INTERLAYER DIELECTRIC|MEASURE SURFACE PLANARITY|SPIN COAT PHOTORESIST|SOFT BAKE|ALIGN MASK LEVEL 3|EXPOSE LITHO LEVEL 3|DEVELOP PHOTORESIST|VIA OPENING INSPECTION|HARD BAKE|VIA ETCH|STRIP PHOTORESIST|CLEAN AFTER VIA ETCH|MEASURE VIA CD|DEPOSIT BARRIER METAL|DEPOSIT METAL SEED|FILL VIA METAL|CMP METAL|MEASURE VIA RESISTANCE|DEPOSIT METAL 1|ANNEAL METAL 1|MEASURE METAL THICKNESS|SPIN COAT PHOTORESIST|SOFT BAKE|ALIGN MASK LEVEL 4|EXPOSE LITHO LEVEL 4|POST EXPOSE BAKE|DEVELOP PHOTORESIST|METAL PATTERN INSPECTION|METAL ETCH|STRIP RESIST|CLEAN AFTER METAL ETCH|MEASURE LINE WIDTH|DEPOSIT PASSIVATION|CURE PASSIVATION|MEASURE PASSIVATION THICKNESS|OPEN BOND PAD WINDOW|PAD WINDOW LITHO|DEVELOP PAD WINDOW|PASSIVATION ETCH PAD OPENING|STRIP PHOTORESIST|CLEAN PAD OPENING|MEASURE PAD OPENING|BACKSIDE CLEAN|BACKSIDE GRIND|MEASURE THICKNESS|BACKSIDE ETCH CLEAN|BACKSIDE RINSE|BACKSIDE DRY|BACKSIDE METALLIZATION PREP|DEPOSIT BACKSIDE METAL|BACKSIDE ANNEAL|MEASURE BACKSIDE CONTACT|FINAL CLEAN|FINAL THICKNESS MEASURE|FINAL GEOMETRY CHECK|FINAL CD INSPECTION|FINAL PARTICLE INSPECTION|PARAMETRIC TEST|LEAKAGE TEST|THRESHOLD VOLTAGE TEST|SWITCHING TEST|WAFER SORT TEST|YIELD ANALYSIS|LOT RELEASE|SHIP LOT,RULE_ETCH_NO_MASK
forbidden_0112,MOSFET,RECEIVE WAFER LOT|LOT IDENTIFICATION|INITIAL WAFER INSPECTION|MEASURE THICKNESS|MEASURE SURFACE PARTICLES|PRE CLEAN WAFER|FRONTSIDE CLEAN|RCA CLEAN 1|RCA CLEAN 2|HF DIP|SUBSTRATE CHECK|EPITAXY PREP|EPITAXIAL DEPOSITION|MEASURE EPITAXY THICKNESS|MEASURE RESISTIVITY|EPITAXY ANNEAL|WAFER SURFACE CLEAN|THERMAL OXIDATION|MEASURE OXIDE THICKNESS|SPIN COAT PHOTORESIST|SOFT BAKE|ALIGN MASK LEVEL 1|EXPOSE LITHO LEVEL 1|DEVELOP PHOTORESIST|PATTERN INSPECTION LEVEL 1|OXIDE ETCH|STRIP RESIST|CLEAN AFTER ETCH|IMPLANT WELL|DRIVE IN DIFFUSION|RAPID THERMAL ANNEAL|MEASURE JUNCTION DEPTH|THERMAL OXIDATION|GATE OXIDE PREP|GATE OXIDE GROWTH|MEASURE GATE OXIDE THICKNESS|DEPOSIT POLYSILICON|POLYSILICON ANNEAL|MEASURE POLY THICKNESS|SPIN COAT PHOTORESIST|SOFT BAKE|ALIGN MASK LEVEL 2|EXPOSE LITHO LEVEL 2|DEVELOP PHOTORESIST|POLY PATTERN INSPECTION|POLYSILICON ETCH|STRIP PHOTORESIST|CLEAN AFTER POLY ETCH|MEASURE GATE CD|IMPLANT SOURCE DRAIN|LIGHT ANNEAL|MEASURE SHEET RESISTANCE|DEPOSIT SPACER DIELECTRIC|ANISOTROPIC ETCH SPACER|MEASURE SPACER WIDTH|IMPLANT LDD|PRE ANNEAL CHECK|RAPID THERMAL ANNEAL|DEPOSIT INTERLEVEL DIELECTRIC|DENSIFY OXIDE|MEASURE FILM THICKNESS|CMP INTERLAYER DIELECTRIC|MEASURE PLANARITY|SPIN COAT PHOTORESIST|SOFT BAKE|ALIGN MASK LEVEL 3|EXPOSE LITHO LEVEL 3|POST EXPOSE BAKE|DEVELOP PHOTORESIST|VIA INSPECTION|VIA ETCH|STRIP RESIST|CLEAN AFTER VIA ETCH|MEASURE VIA CD|DEPOSIT BARRIER METAL|DEPOSIT METAL SEED|FILL VIA METAL|CMP METAL|MEASURE CONTACT RESISTANCE|DEPOSIT TOP METAL|ANNEAL METAL|SPIN COAT PHOTORESIST|SOFT BAKE|ALIGN MASK LEVEL 4|EXPOSE LITHO LEVEL 4|DEVELOP PHOTORESIST|METAL PATTERN INSPECTION|METAL ETCH|STRIP RESIST|CLEAN AFTER METAL ETCH|MEASURE LINE WIDTH|DEPOSIT PASSIVATION LAYER|LEAKAGE TEST|CURE PASSIVATION|MEASURE PASSIVATION QUALITY|OPEN BOND PAD WINDOW|OPEN PAD WINDOW LITHO|DEVELOP PHOTORESIST|PASSIVATION ETCH PAD OPENING|STRIP PHOTORESIST|CLEAN PAD OPENING|MEASURE PAD OPENING|BACKSIDE CLEAN|BACKSIDE GRIND|MEASURE THICKNESS|BACKSIDE ETCH CLEAN|BACKSIDE RINSE|BACKSIDE DRY|BACKSIDE METALLIZATION PREP|DEPOSIT BACKSIDE METAL|BACKSIDE ANNEAL|MEASURE BACKSIDE CONTACT|FINAL CLEAN|FINAL THICKNESS MEASURE|FINAL CD INSPECTION|FINAL PARTICLE INSPECTION|ELECTRICAL PARAMETRIC TEST|THRESHOLD VOLTAGE TEST|SWITCHING TEST|WAFER SORT TEST|YIELD ANALYSIS|LOT RELEASE|SHIP LOT,RULE_TEST_BEFORE_PASSIVATION
forbidden_0113,MOSFET,RECEIVE WAFER LOT|LOT IDENTIFICATION|INITIAL WAFER INSPECTION|MEASURE THICKNESS|MEASURE SURFACE PARTICLES|PRE CLEAN WAFER|RCA CLEAN 1|RCA CLEAN 2|HF DIP|SUBSTRATE CHECK|EPITAXY PREP|EPITAXIAL DEPOSITION|MEASURE EPITAXY THICKNESS|MEASURE RESISTIVITY|EPITAXY ANNEAL|WAFER SURFACE CLEAN|THERMAL OXIDATION|MEASURE OXIDE THICKNESS|SPIN COAT PHOTORESIST|SOFT BAKE|ALIGN MASK LEVEL 2|ALIGN MASK LEVEL 1|EXPOSE LITHO LEVEL 1|DEVELOP PHOTORESIST|PATTERN INSPECTION LEVEL 1|HARD BAKE|OXIDE ETCH|STRIP RESIST|CLEAN AFTER ETCH|MEASURE OPENING CD|IMPLANT WELL|DRIVE IN DIFFUSION|RAPID THERMAL ANNEAL|MEASURE JUNCTION DEPTH|THERMAL OXIDATION|GATE OXIDE PREP|GATE OXIDE GROWTH|MEASURE GATE OXIDE THICKNESS|DEPOSIT POLYSILICON|POLYSILICON ANNEAL|MEASURE POLY THICKNESS|SPIN COAT PHOTORESIST|SOFT BAKE|EXPOSE LITHO LEVEL 2|DEVELOP PHOTORESIST|POLY PATTERN INSPECTION|HARD BAKE|POLYSILICON ETCH|STRIP PHOTORESIST|CLEAN AFTER POLY ETCH|IMPLANT SOURCE DRAIN|PRE ANNEAL CHECK|LIGHT ANNEAL|MEASURE SHEET RESISTANCE|DEPOSIT SPACER DIELECTRIC|ANISOTROPIC ETCH SPACER|MEASURE SPACER WIDTH|IMPLANT LDD|PRE ANNEAL CHECK|RAPID THERMAL ANNEAL|MEASURE JUNCTION PROFILE|DEPOSIT INTERLAYER DIELECTRIC|DENSIFY DIELECTRIC|MEASURE FILM THICKNESS|CMP DIELECTRIC|MEASURE SURFACE PLANARITY|SPIN COAT PHOTORESIST|SOFT BAKE|ALIGN MASK LEVEL 3|EXPOSE LITHO LEVEL 3|POST EXPOSE BAKE|DEVELOP PHOTORESIST|VIA OPENING INSPECTION|VIA ETCH|STRIP PHOTORESIST|CLEAN AFTER VIA ETCH|MEASURE VIA CD|DEPOSIT BARRIER METAL|DEPOSIT METAL SEED|FILL VIA METAL|CMP VIA FILL|MEASURE CONTACT RESISTANCE|DEPOSIT TOP METAL|ANNEAL METAL|MEASURE METAL THICKNESS|SPIN COAT PHOTORESIST|SOFT BAKE|ALIGN MASK LEVEL 4|EXPOSE LITHO LEVEL 4|DEVELOP PHOTORESIST|METAL PATTERN INSPECTION|METAL ETCH|STRIP RESIST|CLEAN AFTER METAL ETCH|MEASURE LINE WIDTH|DEPOSIT PASSIVATION|CURE PASSIVATION|MEASURE PASSIVATION QUALITY|OPEN PAD WINDOW|PAD WINDOW LITHO|DEVELOP PHOTORESIST|PASSIVATION ETCH|STRIP PHOTORESIST|CLEAN PAD OPENING|MEASURE PAD OPENING|BACKSIDE CLEAN|BACKSIDE GRIND|MEASURE WAFER THICKNESS|BACKSIDE ETCH CLEAN|BACKSIDE RINSE|BACKSIDE DRY|BACKSIDE METALLIZATION PREP|DEPOSIT BACKSIDE METAL|BACKSIDE ANNEAL|MEASURE BACKSIDE CONTACT|FINAL CLEAN|FINAL THICKNESS MEASURE|FINAL GEOMETRY CHECK|FINAL CD INSPECTION|FINAL PARTICLE INSPECTION|ELECTRICAL PARAMETRIC TEST|LEAKAGE TEST|THRESHOLD VOLTAGE TEST|SWITCHING TEST|WAFER SORT TEST|YIELD ANALYSIS|LOT RELEASE|SHIP LOT,RULE_LITHO_LEVEL_SKIP
forbidden_0114,MOSFET,RECEIVE WAFER LOT|LOT IDENTIFICATION|PRE CLEAN INSPECTION|MEASURE THICKNESS|MEASURE SURFACE PARTICLES|PRE CLEAN WAFER|RCA CLEAN 1|WET CLEAN RCA2|HF DIP|DRY WAFER|SUBSTRATE CHECK|EPITAXY PREP|EPITAXIAL DEPOSITION|MEASURE EPITAXY THICKNESS|MEASURE RESISTIVITY|EPITAXY ANNEAL|WAFER SURFACE CLEAN|THERMAL OXIDATION|MEASURE OXIDE THICKNESS|SPIN COAT PHOTORESIST|SOFT BAKE|ALIGN MASK LEVEL 1|EXPOSE LITHO LEVEL 1|DEVELOP PHOTORESIST|PATTERN INSPECTION LEVEL 1|OXIDE ETCH|STRIP PHOTORESIST|CLEAN AFTER ETCH|MEASURE OPENING CD|IMPLANT WELL|PRE ANNEAL CHECK|DRIVE IN DIFFUSION|RAPID THERMAL ANNEAL|MEASURE JUNCTION DEPTH|THERMAL OXIDATION|GATE OXIDE PREP|GATE OXIDE GROWTH|MEASURE GATE OXIDE THICKNESS|DEPOSIT POLYSILICON|POLYSILICON ANNEAL|MEASURE POLY THICKNESS|SPIN COAT PHOTORESIST|SOFT BAKE|ALIGN MASK LEVEL 2|EXPOSE LITHO LEVEL 2|DEVELOP PHOTORESIST|POLY PATTERN INSPECTION|POLYSILICON ETCH|STRIP PHOTORESIST|CLEAN AFTER POLY ETCH|MEASURE GATE CD|IMPLANT SOURCE DRAIN|LIGHT ANNEAL|DEPOSIT SPACER DIELECTRIC|ANISOTROPIC ETCH SPACER|IMPLANT LDD|RAPID THERMAL ANNEAL|DEPOSIT INTERLEVEL DIELECTRIC|DENSIFY OXIDE|MEASURE DIELECTRIC THICKNESS|CMP DIELECTRIC|MEASURE SURFACE PLANARITY|SPIN COAT PHOTORESIST|SOFT BAKE|ALIGN MASK LEVEL 3|EXPOSE LITHO LEVEL 3|DEVELOP PHOTORESIST|VIA INSPECTION|HARD BAKE|VIA ETCH|STRIP RESIST|CLEAN AFTER VIA ETCH|MEASURE VIA CD|DEPOSIT BARRIER METAL|DEPOSIT METAL SEED|FILL VIA METAL|CMP VIA FILL|MEASURE VIA RESISTANCE|DEPOSIT METAL 1|ANNEAL METAL 1|MEASURE METAL THICKNESS|SPIN COAT PHOTORESIST|SOFT BAKE|ALIGN MASK LEVEL 4|EXPOSE LITHO LEVEL 4|DEVELOP PHOTORESIST|METAL PATTERN INSPECTION|METAL ETCH|STRIP RESIST|CLEAN AFTER METAL ETCH|MEASURE LINE WIDTH|DEPOSIT PASSIVATION LAYER|DEPOSIT BACKSIDE METAL|CURE PASSIVATION|MEASURE PASSIVATION QUALITY|OPEN PAD WINDOW|PAD WINDOW LITHO|DEVELOP PAD WINDOW|PASSIVATION ETCH PAD OPENING|STRIP PHOTORESIST|CLEAN PAD OPENING|MEASURE PAD OPENING|BACKSIDE CLEAN|BACKSIDE GRIND|MEASURE THICKNESS|BACKSIDE ETCH CLEAN|BACKSIDE RINSE|BACKSIDE DRY|BACKSIDE METALLIZATION PREP|BACKSIDE ANNEAL|MEASURE BACKSIDE CONTACT|FINAL CLEAN|FINAL THICKNESS MEASURE|FINAL GEOMETRY CHECK|FINAL CD INSPECTION|ELECTRICAL PARAMETRIC TEST|LEAKAGE TEST|THRESHOLD VOLTAGE TEST|SWITCHING TEST|WAFER SORT TEST|YIELD ANALYSIS|LOT RELEASE|SHIP LOT,RULE_BACKSIDE_BEFORE_PASSIVATION
forbidden_0115,MOSFET,RECEIVE WAFER LOT|LOT IDENTIFICATION|INITIAL WAFER INSPECTION|MEASURE THICKNESS|MEASURE SURFACE PARTICLES|SUBSTRATE CHECK|EPITAXY PREP|EPITAXIAL DEPOSITION|MEASURE EPITAXY THICKNESS|MEASURE RESISTIVITY|EPITAXY ANNEAL|WAFER SURFACE CLEAN|THERMAL OXIDATION|MEASURE OXIDE THICKNESS|SPIN COAT PHOTORESIST|SOFT BAKE|ALIGN MASK LEVEL 1|EXPOSE LITHO LEVEL 1|DEVELOP PHOTORESIST|PATTERN INSPECTION LEVEL 1|HARD BAKE|OXIDE ETCH|STRIP PHOTORESIST|CLEAN AFTER ETCH|MEASURE OPENING CD|IMPLANT WELL|PRE ANNEAL CHECK|DRIVE IN DIFFUSION|RAPID THERMAL ANNEAL|MEASURE JUNCTION DEPTH|THERMAL OXIDATION|GATE OXIDE PREP|GATE OXIDE GROWTH|MEASURE GATE OXIDE THICKNESS|DEPOSIT POLYSILICON|POLYSILICON ANNEAL|MEASURE POLY THICKNESS|SPIN COAT PHOTORESIST|SOFT BAKE|ALIGN MASK LEVEL 2|EXPOSE LITHO LEVEL 2|DEVELOP PHOTORESIST|POLY PATTERN INSPECTION|POLYSILICON ETCH|STRIP RESIST|CLEAN AFTER POLY ETCH|MEASURE GATE CD|IMPLANT SOURCE DRAIN|PRE ANNEAL CHECK|LIGHT ANNEAL|DEPOSIT SPACER DIELECTRIC|ANISOTROPIC ETCH SPACER|MEASURE SPACER WIDTH|IMPLANT LDD|PRE ANNEAL CHECK|RAPID THERMAL ANNEAL|DEPOSIT INTERLEVEL DIELECTRIC|DENSIFY DIELECTRIC|MEASURE DIELECTRIC THICKNESS|CMP INTERLAYER DIELECTRIC|MEASURE SURFACE PLANARITY|SPIN COAT PHOTORESIST|SOFT BAKE|ALIGN MASK LEVEL 3|EXPOSE LITHO LEVEL 3|DEVELOP PHOTORESIST|VIA INSPECTION|HARD BAKE|VIA ETCH THROUGH DIELECTRIC|STRIP PHOTORESIST|CLEAN AFTER VIA ETCH|MEASURE VIA CD|DEPOSIT BARRIER METAL|DEPOSIT METAL SEED|FILL VIA METAL|CMP VIA FILL|MEASURE CONTACT RESISTANCE|DEPOSIT METAL 1|ANNEAL METAL 1|SPIN COAT PHOTORESIST|SOFT BAKE|ALIGN MASK LEVEL 4|EXPOSE LITHO LEVEL 4|DEVELOP PHOTORESIST|METAL PATTERN INSPECTION|METAL ETCH|STRIP PHOTORESIST|CLEAN AFTER METAL ETCH|DEPOSIT PASSIVATION|CURE PASSIVATION|MEASURE PASSIVATION QUALITY|OPEN PAD WINDOW|OPEN PAD WINDOW LITHO|DEVELOP PAD WINDOW|PASSIVATION ETCH PAD OPENING|STRIP PHOTORESIST|CLEAN PAD OPENING|MEASURE PAD OPENING|BACKSIDE CLEAN|BACKSIDE GRIND|MEASURE THICKNESS|BACKSIDE ETCH CLEAN|BACKSIDE RINSE|BACKSIDE DRY|BACKSIDE METALLIZATION PREP|DEPOSIT BACKSIDE METAL|BACKSIDE ANNEAL|MEASURE BACKSIDE CONTACT|FINAL CLEAN|FINAL THICKNESS MEASURE|FINAL GEOMETRY CHECK|FINAL CD INSPECTION|FINAL PARTICLE INSPECTION|ELECTRICAL PARAMETRIC TEST|LEAKAGE TEST|THRESHOLD VOLTAGE TEST|SWITCHING TEST|WAFER SORT TEST|YIELD ANALYSIS|FINAL LOT RELEASE|SHIP LOT,RULE_DEP_NO_CLEAN
forbidden_0116,MOSFET,RECEIVE WAFER LOT|LOT IDENTIFICATION|PRE CLEAN INSPECTION|MEASURE SURFACE PARTICLES|PRE CLEAN WAFER|BACKSIDE CLEAN|WET CLEAN RCA1|WET CLEAN RCA2|HF DIP|SUBSTRATE CHECK|EPITAXY PREP|EPITAXIAL DEPOSITION|MEASURE EPITAXY THICKNESS|MEASURE RESISTIVITY|EPITAXY ANNEAL|WAFER SURFACE CLEAN|THERMAL OXIDATION|MEASURE OXIDE THICKNESS|SPIN COAT PHOTORESIST|SOFT BAKE|ALIGN MASK LEVEL 1|EXPOSE LITHO LEVEL 1|DEVELOP PHOTORESIST|PATTERN INSPECTION LEVEL 1|OXIDE ETCH|STRIP PHOTORESIST|CLEAN AFTER ETCH|MEASURE OPENING CD|IMPLANT WELL|PRE ANNEAL CHECK|DRIVE IN DIFFUSION|RAPID THERMAL ANNEAL|MEASURE JUNCTION DEPTH|THERMAL OXIDATION|GATE OXIDE PREP|GATE OXIDE GROWTH|MEASURE GATE OXIDE THICKNESS|DEPOSIT POLYSILICON|POLYSILICON ANNEAL|MEASURE POLY THICKNESS|SPIN COAT PHOTORESIST|SOFT BAKE|ALIGN MASK LEVEL 2|EXPOSE LITHO LEVEL 2|DEVELOP PHOTORESIST|POLY PATTERN INSPECTION|POLYSILICON ETCH|STRIP PHOTORESIST|CLEAN AFTER POLY ETCH|MEASURE GATE CD|IMPLANT SOURCE DRAIN|PRE ANNEAL CHECK|LIGHT ANNEAL|DEPOSIT SPACER DIELECTRIC|ANISOTROPIC ETCH SPACER|MEASURE SPACER WIDTH|IMPLANT LDD|PRE ANNEAL CHECK|RAPID THERMAL ANNEAL|MEASURE JUNCTION PROFILE|DEPOSIT INTERLEVEL DIELECTRIC|DENSIFY DIELECTRIC|MEASURE DIELECTRIC THICKNESS|CMP DIELECTRIC|MEASURE SURFACE PLANARITY|SPIN COAT PHOTORESIST|SOFT BAKE|ALIGN MASK LEVEL 3|EXPOSE LITHO LEVEL 3|DEVELOP PHOTORESIST|VIA INSPECTION|VIA ETCH|STRIP RESIST|CLEAN AFTER VIA ETCH|MEASURE VIA CD|DEPOSIT BARRIER METAL|DEPOSIT METAL SEED|FILL VIA METAL|CMP METAL|MEASURE CONTACT RESISTANCE|DEPOSIT TOP METAL|ANNEAL METAL|SPIN COAT PHOTORESIST|SOFT BAKE|ALIGN MASK LEVEL 4|EXPOSE LITHO LEVEL 4|POST EXPOSE BAKE|DEVELOP PHOTORESIST|METAL PATTERN INSPECTION|METAL ETCH|STRIP RESIST|CLEAN AFTER METAL ETCH|MEASURE LINE WIDTH|DEPOSIT PASSIVATION LAYER|CURE PASSIVATION|MEASURE PASSIVATION THICKNESS|OPEN PAD WINDOW|PAD WINDOW LITHO|DEVELOP PHOTORESIST|PASSIVATION ETCH|STRIP RESIST|CLEAN PAD OPENING|MEASURE PAD OPENING|BACKSIDE CLEAN|BACKSIDE GRIND|MEASURE THICKNESS|BACKSIDE ETCH CLEAN|BACKSIDE RINSE|BACKSIDE DRY|BACKSIDE METALLIZATION PREP|DEPOSIT BACKSIDE METAL|BACKSIDE ANNEAL|MEASURE BACKSIDE CONTACT|FINAL CLEAN|FINAL GEOMETRY CHECK|FINAL PARTICLE INSPECTION|PARAMETRIC TEST|LEAKAGE TEST|THRESHOLD VOLTAGE TEST|SWITCHING TEST|SHIP LOT|WAFER SORT TEST|YIELD ANALYSIS|LOT RELEASE,RULE_SHIP_BEFORE_TEST
forbidden_0117,MOSFET,RECEIVE WAFER LOT|LOT IDENTIFICATION|INITIAL WAFER INSPECTION|MEASURE THICKNESS|PRE CLEAN WAFER|FRONTSIDE CLEAN|RCA CLEAN 1|RCA CLEAN 2|HF DIP|SUBSTRATE CHECK|EPITAXY PREP|EPITAXIAL DEPOSITION|MEASURE EPITAXY THICKNESS|MEASURE RESISTIVITY|EPITAXY ANNEAL|WAFER SURFACE CLEAN|THERMAL OXIDATION|MEASURE OXIDE THICKNESS|SPIN COAT PHOTORESIST|SOFT BAKE|ALIGN MASK LEVEL 1|EXPOSE LITHO LEVEL 1|POST EXPOSE BAKE|DEVELOP PHOTORESIST|PATTERN INSPECTION LEVEL 1|OXIDE ETCH|STRIP RESIST|CLEAN AFTER ETCH|MEASURE OPENING CD|IMPLANT WELL|DRIVE IN DIFFUSION|RAPID THERMAL ANNEAL|MEASURE JUNCTION DEPTH|THERMAL OXIDATION|GATE OXIDE PREP|GATE OXIDE GROWTH|MEASURE GATE OXIDE THICKNESS|DEPOSIT POLYSILICON|POLYSILICON ANNEAL|MEASURE POLY THICKNESS|SPIN COAT PHOTORESIST|SOFT BAKE|ALIGN MASK LEVEL 2|EXPOSE LITHO LEVEL 2|DEVELOP PHOTORESIST|POLY PATTERN INSPECTION|POLYSILICON ETCH|STRIP PHOTORESIST|CLEAN AFTER POLY ETCH|MEASURE GATE CD|IMPLANT SOURCE DRAIN|PRE ANNEAL CHECK|LIGHT ANNEAL|MEASURE SHEET RESISTANCE|DEPOSIT SPACER DIELECTRIC|ANISOTROPIC ETCH SPACER|MEASURE SPACER WIDTH|IMPLANT LDD|RAPID THERMAL ANNEAL|MEASURE JUNCTION PROFILE|DEPOSIT INTERLEVEL DIELECTRIC|DENSIFY OXIDE|MEASURE FILM THICKNESS|CMP DIELECTRIC|MEASURE SURFACE PLANARITY|SPIN COAT PHOTORESIST|SOFT BAKE|ALIGN MASK LEVEL 3|EXPOSE LITHO LEVEL 3|DEVELOP PHOTORESIST|VIA INSPECTION|HARD BAKE|VIA ETCH THROUGH DIELECTRIC|STRIP PHOTORESIST|CLEAN AFTER VIA ETCH|MEASURE VIA CD|DEPOSIT BARRIER METAL|DEPOSIT METAL SEED|FILL VIA METAL|CMP VIA FILL|MEASURE CONTACT RESISTANCE|DEPOSIT TOP METAL|ANNEAL METAL 1|MEASURE METAL THICKNESS|SPIN COAT PHOTORESIST|SOFT BAKE|ALIGN MASK LEVEL 4|EXPOSE LITHO LEVEL 4|DEVELOP PHOTORESIST|METAL PATTERN INSPECTION|METAL ETCH|STRIP PHOTORESIST|CLEAN AFTER METAL ETCH|MEASURE LINE WIDTH|DEPOSIT PASSIVATION LAYER|THRESHOLD VOLTAGE TEST|CURE PASSIVATION|MEASURE PASSIVATION QUALITY|OPEN BOND PAD WINDOW|OPEN PAD WINDOW LITHO|DEVELOP PAD WINDOW|PASSIVATION ETCH PAD OPENING|STRIP RESIST|CLEAN PAD OPENING|MEASURE PAD OPENING|BACKSIDE CLEAN|BACKSIDE GRIND|MEASURE WAFER THICKNESS|BACKSIDE ETCH CLEAN|BACKSIDE RINSE|BACKSIDE DRY|BACKSIDE METALLIZATION PREP|DEPOSIT BACKSIDE METAL|BACKSIDE ANNEAL|MEASURE BACKSIDE CONTACT|FINAL CLEAN|FINAL THICKNESS MEASURE|FINAL GEOMETRY CHECK|FINAL PARTICLE INSPECTION|ELECTRICAL PARAMETRIC TEST|LEAKAGE TEST|SWITCHING TEST|WAFER SORT TEST|YIELD ANALYSIS|FINAL LOT RELEASE|SHIP LOT,RULE_TEST_BEFORE_PASSIVATION
forbidden_0118,MOSFET,RECEIVE WAFER LOT|LOT IDENTIFICATION|PRE CLEAN INSPECTION|PRE CLEAN WAFER|BACKSIDE CLEAN|RCA CLEAN 1|WET CLEAN RCA2|HF DIP|SUBSTRATE CHECK|EPITAXY PREP|EPITAXIAL DEPOSITION|MEASURE EPITAXY THICKNESS|MEASURE RESISTIVITY|EPITAXY ANNEAL|WAFER SURFACE CLEAN|THERMAL OXIDATION|MEASURE OXIDE THICKNESS|SPIN COAT PHOTORESIST|SOFT BAKE|ALIGN MASK LEVEL 1|EXPOSE LITHO LEVEL 1|POST EXPOSE BAKE|DEVELOP PHOTORESIST|PATTERN INSPECTION LEVEL 1|OXIDE ETCH|STRIP RESIST|CLEAN AFTER ETCH|MEASURE OPENING CD|IMPLANT WELL|PRE ANNEAL CHECK|DRIVE IN DIFFUSION|RAPID THERMAL ANNEAL|MEASURE JUNCTION DEPTH|THERMAL OXIDATION|GATE OXIDE PREP|GATE OXIDE GROWTH|MEASURE GATE OXIDE THICKNESS|DEPOSIT POLYSILICON|POLYSILICON ANNEAL|MEASURE POLY THICKNESS|SPIN COAT PHOTORESIST|SOFT BAKE|ALIGN MASK LEVEL 2|EXPOSE LITHO LEVEL 2|DEVELOP PHOTORESIST|POLY PATTERN INSPECTION|POLYSILICON ETCH|STRIP PHOTORESIST|CLEAN AFTER POLY ETCH|MEASURE GATE CD|IMPLANT SOURCE DRAIN|PRE ANNEAL CHECK|LIGHT ANNEAL|MEASURE SHEET RESISTANCE|DEPOSIT SPACER DIELECTRIC|ANISOTROPIC ETCH SPACER|IMPLANT LDD|RAPID THERMAL ANNEAL|MEASURE JUNCTION PROFILE|DEPOSIT INTERLEVEL DIELECTRIC|DENSIFY DIELECTRIC|MEASURE FILM THICKNESS|CMP INTERLAYER DIELECTRIC|MEASURE PLANARITY|SPIN COAT PHOTORESIST|SOFT BAKE|ALIGN MASK LEVEL 3|EXPOSE LITHO LEVEL 3|DEVELOP PHOTORESIST|VIA OPENING INSPECTION|HARD BAKE|VIA ETCH THROUGH DIELECTRIC|STRIP PHOTORESIST|CLEAN AFTER VIA ETCH|DEPOSIT BARRIER METAL|DEPOSIT METAL SEED|FILL VIA METAL|CMP METAL|MEASURE CONTACT RESISTANCE|DEPOSIT TOP METAL|ANNEAL METAL 1|MEASURE METAL THICKNESS|SPIN COAT PHOTORESIST|SOFT BAKE|ALIGN MASK LEVEL 4|EXPOSE LITHO LEVEL 4|POST EXPOSE BAKE|DEVELOP PHOTORESIST|METAL PATTERN INSPECTION|METAL ETCH|STRIP RESIST|CLEAN AFTER METAL ETCH|MEASURE LINE WIDTH|OPEN PAD WINDOW|DEPOSIT PASSIVATION|CURE PASSIVATION|MEASURE PASSIVATION THICKNESS|OPEN PAD WINDOW LITHO|DEVELOP PAD WINDOW|PASSIVATION ETCH PAD OPENING|STRIP RESIST|CLEAN PAD OPENING|MEASURE PAD OPENING|BACKSIDE CLEAN|BACKSIDE GRIND|MEASURE WAFER THICKNESS|BACKSIDE ETCH CLEAN|BACKSIDE RINSE|BACKSIDE DRY|BACKSIDE METALLIZATION PREP|DEPOSIT BACKSIDE METAL|BACKSIDE ANNEAL|MEASURE BACKSIDE CONTACT|FINAL CLEAN|FINAL THICKNESS MEASURE|FINAL GEOMETRY CHECK|ELECTRICAL PARAMETRIC TEST|LEAKAGE TEST|THRESHOLD VOLTAGE TEST|SWITCHING TEST|WAFER SORT TEST|YIELD ANALYSIS|LOT RELEASE|SHIP LOT,RULE_PAD_OPEN_BEFORE_DEP
forbidden_0119,MOSFET,RECEIVE WAFER LOT|LOT IDENTIFICATION|INITIAL WAFER INSPECTION|MEASURE THICKNESS|MEASURE SURFACE PARTICLES|PRE CLEAN WAFER|BACKSIDE CLEAN|RCA CLEAN 1|WET CLEAN RCA2|HF DIP|SUBSTRATE CHECK|EPITAXY PREP|EPITAXIAL DEPOSITION|MEASURE EPITAXY THICKNESS|MEASURE RESISTIVITY|EPITAXY ANNEAL|WAFER SURFACE CLEAN|THERMAL OXIDATION|MEASURE OXIDE THICKNESS|SPIN COAT PHOTORESIST|SOFT BAKE|ALIGN MASK LEVEL 1|EXPOSE LITHO LEVEL 1|DEVELOP PHOTORESIST|PATTERN INSPECTION LEVEL 1|HARD BAKE|OXIDE ETCH|STRIP PHOTORESIST|CLEAN AFTER ETCH|MEASURE OPENING CD|IMPLANT WELL|DRIVE IN DIFFUSION|RAPID THERMAL ANNEAL|MEASURE JUNCTION DEPTH|THERMAL OXIDATION|GATE OXIDE PREP|GATE OXIDE GROWTH|MEASURE GATE OXIDE THICKNESS|DEPOSIT POLYSILICON|POLYSILICON ANNEAL|SPIN COAT PHOTORESIST|SOFT BAKE|ALIGN MASK LEVEL 2|EXPOSE LITHO LEVEL 2|DEVELOP PHOTORESIST|POLY PATTERN INSPECTION|POLYSILICON ETCH|STRIP PHOTORESIST|CLEAN AFTER POLY ETCH|MEASURE GATE CD|IMPLANT SOURCE DRAIN|LIGHT ANNEAL|MEASURE SHEET RESISTANCE|DEPOSIT SPACER DIELECTRIC|ANISOTROPIC ETCH SPACER|IMPLANT LDD|RAPID THERMAL ANNEAL|DEPOSIT INTERLAYER DIELECTRIC|DENSIFY OXIDE|MEASURE DIELECTRIC THICKNESS|CMP DIELECTRIC|MEASURE SURFACE PLANARITY|SPIN COAT PHOTORESIST|SOFT BAKE|ALIGN MASK LEVEL 3|EXPOSE LITHO LEVEL 3|DEVELOP PHOTORESIST|VIA OPENING INSPECTION|HARD BAKE|VIA ETCH THROUGH DIELECTRIC|STRIP PHOTORESIST|CLEAN AFTER VIA ETCH|DEPOSIT BARRIER METAL|DEPOSIT METAL SEED|FILL VIA METAL|CMP METAL|MEASURE VIA RESISTANCE|DEPOSIT TOP METAL|ANNEAL METAL|SPIN COAT PHOTORESIST|SOFT BAKE|ALIGN MASK LEVEL 4|EXPOSE LITHO LEVEL 4|DEVELOP PHOTORESIST|METAL PATTERN INSPECTION|HARD BAKE|METAL ETCH|STRIP PHOTORESIST|CLEAN AFTER METAL ETCH|OPEN PAD WINDOW|DEPOSIT PASSIVATION LAYER|CURE PASSIVATION|MEASURE PASSIVATION THICKNESS|PAD WINDOW LITHO|DEVELOP PHOTORESIST|PASSIVATION ETCH PAD OPENING|STRIP PHOTORESIST|CLEAN PAD OPENING|MEASURE PAD OPENING|BACKSIDE CLEAN|BACKSIDE GRIND|MEASURE THICKNESS|BACKSIDE ETCH CLEAN|BACKSIDE RINSE|BACKSIDE DRY|BACKSIDE METALLIZATION PREP|DEPOSIT BACKSIDE METAL|BACKSIDE ANNEAL|MEASURE BACKSIDE CONTACT|FINAL CLEAN|FINAL THICKNESS MEASURE|FINAL GEOMETRY CHECK|FINAL PARTICLE INSPECTION|PARAMETRIC TEST|LEAKAGE TEST|THRESHOLD VOLTAGE TEST|SWITCHING TEST|WAFER SORT TEST|YIELD ANALYSIS|LOT RELEASE|SHIP LOT,RULE_PAD_OPEN_BEFORE_DEP
forbidden_0120,MOSFET,RECEIVE WAFER LOT|LOT IDENTIFICATION|INITIAL WAFER INSPECTION|MEASURE THICKNESS|MEASURE SURFACE PARTICLES|PRE CLEAN WAFER|FRONTSIDE CLEAN|WET CLEAN RCA1|WET CLEAN RCA2|HF DIP|DRY WAFER|SUBSTRATE CHECK|EPITAXY PREP|EPITAXIAL DEPOSITION|MEASURE EPITAXY THICKNESS|MEASURE RESISTIVITY|EPITAXY ANNEAL|WAFER SURFACE CLEAN|THERMAL OXIDATION|MEASURE OXIDE THICKNESS|SPIN COAT PHOTORESIST|SOFT BAKE|ALIGN MASK LEVEL 1|EXPOSE LITHO LEVEL 1|DEVELOP PHOTORESIST|PATTERN INSPECTION LEVEL 1|OXIDE ETCH|STRIP PHOTORESIST|CLEAN AFTER ETCH|MEASURE OPENING CD|IMPLANT WELL|DRIVE IN DIFFUSION|RAPID THERMAL ANNEAL|MEASURE JUNCTION DEPTH|THERMAL OXIDATION|GATE OXIDE PREP|GATE OXIDE GROWTH|MEASURE GATE OXIDE THICKNESS|DEPOSIT POLYSILICON|POLYSILICON ANNEAL|SPIN COAT PHOTORESIST|SOFT BAKE|ALIGN MASK LEVEL 2|EXPOSE LITHO LEVEL 2|DEVELOP PHOTORESIST|POLY PATTERN INSPECTION|HARD BAKE|POLYSILICON ETCH|STRIP PHOTORESIST|CLEAN AFTER POLY ETCH|MEASURE GATE CD|IMPLANT SOURCE DRAIN|LIGHT ANNEAL|MEASURE SHEET RESISTANCE|DEPOSIT SPACER DIELECTRIC|ANISOTROPIC ETCH SPACER|MEASURE SPACER WIDTH|IMPLANT LDD|PRE ANNEAL CHECK|RAPID THERMAL ANNEAL|MEASURE JUNCTION PROFILE|DEPOSIT INTERLEVEL DIELECTRIC|DENSIFY DIELECTRIC|MEASURE FILM THICKNESS|CMP DIELECTRIC|MEASURE SURFACE PLANARITY|SPIN COAT PHOTORESIST|SOFT BAKE|ALIGN MASK LEVEL 3|EXPOSE LITHO LEVEL 3|POST EXPOSE BAKE|DEVELOP PHOTORESIST|VIA INSPECTION|DIELECTRIC ETCH VIA|STRIP PHOTORESIST|CLEAN AFTER VIA ETCH|MEASURE VIA CD|DEPOSIT BARRIER METAL|DEPOSIT METAL SEED|FILL VIA METAL|CMP VIA FILL|MEASURE VIA RESISTANCE|DEPOSIT TOP METAL|ANNEAL METAL 1|SPIN COAT PHOTORESIST|SOFT BAKE|ALIGN MASK LEVEL 4|EXPOSE LITHO LEVEL 4|POST EXPOSE BAKE|DEVELOP PHOTORESIST|METAL PATTERN INSPECTION|METAL ETCH|STRIP RESIST|CLEAN AFTER METAL ETCH|MEASURE LINE WIDTH|OPEN PAD WINDOW|DEPOSIT PASSIVATION LAYER|CURE PASSIVATION|MEASURE PASSIVATION THICKNESS|OPEN PAD WINDOW LITHO|DEVELOP PHOTORESIST|PASSIVATION ETCH|STRIP RESIST|CLEAN PAD OPENING|MEASURE PAD OPENING|BACKSIDE CLEAN|BACKSIDE GRIND|MEASURE THICKNESS|BACKSIDE ETCH CLEAN|BACKSIDE RINSE|BACKSIDE DRY|BACKSIDE METALLIZATION PREP|DEPOSIT BACKSIDE METAL|BACKSIDE ANNEAL|MEASURE BACKSIDE CONTACT|FINAL CLEAN|FINAL GEOMETRY CHECK|PARAMETRIC TEST|LEAKAGE TEST|THRESHOLD VOLTAGE TEST|SWITCHING TEST|WAFER SORT TEST|YIELD ANALYSIS|FINAL LOT RELEASE|SHIP LOT,RULE_PAD_OPEN_BEFORE_DEP
forbidden_0121,MOSFET,RECEIVE WAFER LOT|LOT IDENTIFICATION|PRE CLEAN INSPECTION|MEASURE THICKNESS|MEASURE SURFACE PARTICLES|PRE CLEAN WAFER|BACKSIDE CLEAN|RCA CLEAN 1|RCA CLEAN 2|HF DIP|SUBSTRATE CHECK|EPITAXY PREP|EPITAXIAL DEPOSITION|MEASURE EPITAXY THICKNESS|MEASURE RESISTIVITY|EPITAXY ANNEAL|WAFER SURFACE CLEAN|THERMAL OXIDATION|MEASURE OXIDE THICKNESS|SPIN COAT PHOTORESIST|SOFT BAKE|ALIGN MASK LEVEL 2|ALIGN MASK LEVEL 1|EXPOSE LITHO LEVEL 1|POST EXPOSE BAKE|DEVELOP PHOTORESIST|PATTERN INSPECTION LEVEL 1|HARD BAKE|OXIDE ETCH|STRIP PHOTORESIST|CLEAN AFTER ETCH|MEASURE OPENING CD|IMPLANT WELL|PRE ANNEAL CHECK|DRIVE IN DIFFUSION|RAPID THERMAL ANNEAL|MEASURE JUNCTION DEPTH|THERMAL OXIDATION|GATE OXIDE PREP|GATE OXIDE GROWTH|MEASURE GATE OXIDE THICKNESS|DEPOSIT POLYSILICON|POLYSILICON ANNEAL|MEASURE POLY THICKNESS|SPIN COAT PHOTORESIST|SOFT BAKE|EXPOSE LITHO LEVEL 2|DEVELOP PHOTORESIST|POLY PATTERN INSPECTION|HARD BAKE|POLYSILICON ETCH|STRIP PHOTORESIST|CLEAN AFTER POLY ETCH|MEASURE GATE CD|IMPLANT SOURCE DRAIN|LIGHT ANNEAL|DEPOSIT SPACER DIELECTRIC|ANISOTROPIC ETCH SPACER|IMPLANT LDD|PRE ANNEAL CHECK|RAPID THERMAL ANNEAL|DEPOSIT INTERLAYER DIELECTRIC|DENSIFY OXIDE|MEASURE DIELECTRIC THICKNESS|CMP DIELECTRIC|MEASURE PLANARITY|SPIN COAT PHOTORESIST|SOFT BAKE|ALIGN MASK LEVEL 3|EXPOSE LITHO LEVEL 3|DEVELOP PHOTORESIST|VIA INSPECTION|VIA ETCH THROUGH DIELECTRIC|STRIP RESIST|CLEAN AFTER VIA ETCH|MEASURE VIA CD|DEPOSIT BARRIER METAL|DEPOSIT METAL SEED|FILL VIA METAL|CMP VIA FILL|DEPOSIT TOP METAL|ANNEAL METAL|SPIN COAT PHOTORESIST|SOFT BAKE|ALIGN MASK LEVEL 4|EXPOSE LITHO LEVEL 4|DEVELOP PHOTORESIST|METAL PATTERN INSPECTION|METAL ETCH|STRIP PHOTORESIST|CLEAN AFTER METAL ETCH|DEPOSIT PASSIVATION|CURE PASSIVATION|MEASURE PASSIVATION QUALITY|OPEN BOND PAD WINDOW|PAD WINDOW LITHO|DEVELOP PAD WINDOW|PASSIVATION ETCH PAD OPENING|STRIP PHOTORESIST|CLEAN PAD OPENING|MEASURE PAD OPENING|BACKSIDE CLEAN|BACKSIDE GRIND|MEASURE THICKNESS|BACKSIDE ETCH CLEAN|BACKSIDE RINSE|BACKSIDE DRY|BACKSIDE METALLIZATION PREP|DEPOSIT BACKSIDE METAL|BACKSIDE ANNEAL|MEASURE BACKSIDE CONTACT|FINAL CLEAN|FINAL THICKNESS MEASURE|FINAL GEOMETRY CHECK|FINAL PARTICLE INSPECTION|ELECTRICAL PARAMETRIC TEST|LEAKAGE TEST|THRESHOLD VOLTAGE TEST|SWITCHING TEST|WAFER SORT TEST|YIELD ANALYSIS|LOT RELEASE|SHIP LOT,RULE_LITHO_LEVEL_SKIP
forbidden_0122,MOSFET,RECEIVE WAFER LOT|LOT IDENTIFICATION|PRE CLEAN INSPECTION|MEASURE THICKNESS|MEASURE SURFACE PARTICLES|PRE CLEAN WAFER|FRONTSIDE CLEAN|WET CLEAN RCA1|WET CLEAN RCA2|HF DIP|DRY WAFER|SUBSTRATE CHECK|EPITAXY PREP|EPITAXIAL DEPOSITION|MEASURE EPITAXY THICKNESS|MEASURE RESISTIVITY|EPITAXY ANNEAL|WAFER SURFACE CLEAN|THERMAL OXIDATION|MEASURE OXIDE THICKNESS|SPIN COAT PHOTORESIST|SOFT BAKE|ALIGN MASK LEVEL 1|EXPOSE LITHO LEVEL 1|DEVELOP PHOTORESIST|PATTERN INSPECTION LEVEL 1|OXIDE ETCH|STRIP PHOTORESIST|CLEAN AFTER ETCH|MEASURE OPENING CD|IMPLANT WELL|PRE ANNEAL CHECK|DRIVE IN DIFFUSION|RAPID THERMAL ANNEAL|MEASURE JUNCTION DEPTH|THERMAL OXIDATION|GATE OXIDE PREP|GATE OXIDE GROWTH|MEASURE GATE OXIDE THICKNESS|DEPOSIT POLYSILICON|POLYSILICON ANNEAL|MEASURE POLY THICKNESS|SPIN COAT PHOTORESIST|SOFT BAKE|ALIGN MASK LEVEL 2|EXPOSE LITHO LEVEL 2|DEVELOP PHOTORESIST|POLY PATTERN INSPECTION|HARD BAKE|POLYSILICON ETCH|STRIP RESIST|CLEAN AFTER POLY ETCH|MEASURE GATE CD|IMPLANT SOURCE DRAIN|LIGHT ANNEAL|MEASURE SHEET RESISTANCE|DEPOSIT SPACER DIELECTRIC|ANISOTROPIC ETCH SPACER|MEASURE SPACER WIDTH|IMPLANT LDD|PRE ANNEAL CHECK|RAPID THERMAL ANNEAL|MEASURE JUNCTION PROFILE|DEPOSIT INTERLEVEL DIELECTRIC|DENSIFY DIELECTRIC|MEASURE DIELECTRIC THICKNESS|CMP DIELECTRIC|MEASURE SURFACE PLANARITY|SPIN COAT PHOTORESIST|SOFT BAKE|ALIGN MASK LEVEL 3|EXPOSE LITHO LEVEL 3|DEVELOP PHOTORESIST|VIA INSPECTION|VIA ETCH|STRIP PHOTORESIST|CLEAN AFTER VIA ETCH|DEPOSIT BARRIER METAL|DEPOSIT METAL SEED|FILL VIA METAL|CMP VIA FILL|MEASURE VIA RESISTANCE|DEPOSIT TOP METAL|ANNEAL METAL|SPIN COAT PHOTORESIST|SOFT BAKE|ALIGN MASK LEVEL 4|EXPOSE LITHO LEVEL 4|DEVELOP PHOTORESIST|METAL PATTERN INSPECTION|METAL ETCH|STRIP PHOTORESIST|CLEAN AFTER METAL ETCH|MEASURE LINE WIDTH|DEPOSIT PASSIVATION LAYER|DEPOSIT BACKSIDE METAL|CURE PASSIVATION|MEASURE PASSIVATION QUALITY|OPEN BOND PAD WINDOW|PAD WINDOW LITHO|DEVELOP PHOTORESIST|PASSIVATION ETCH PAD OPENING|STRIP PHOTORESIST|CLEAN PAD OPENING|MEASURE PAD OPENING|BACKSIDE CLEAN|BACKSIDE GRIND|MEASURE WAFER THICKNESS|BACKSIDE ETCH CLEAN|BACKSIDE RINSE|BACKSIDE DRY|BACKSIDE METALLIZATION PREP|BACKSIDE ANNEAL|MEASURE BACKSIDE CONTACT|FINAL CLEAN|FINAL THICKNESS MEASURE|FINAL CD INSPECTION|FINAL PARTICLE INSPECTION|PARAMETRIC TEST|LEAKAGE TEST|THRESHOLD VOLTAGE TEST|SWITCHING TEST|WAFER SORT TEST|YIELD ANALYSIS|FINAL LOT RELEASE|SHIP LOT,RULE_BACKSIDE_BEFORE_PASSIVATION
forbidden_0123,MOSFET,RECEIVE WAFER LOT|LOT IDENTIFICATION|PRE CLEAN INSPECTION|MEASURE SURFACE PARTICLES|PRE CLEAN WAFER|FRONTSIDE CLEAN|RCA CLEAN 1|WET CLEAN RCA2|HF DIP|DRY WAFER|SUBSTRATE CHECK|EPITAXY PREP|EPITAXIAL DEPOSITION|MEASURE EPITAXY THICKNESS|MEASURE RESISTIVITY|EPITAXY ANNEAL|WAFER SURFACE CLEAN|THERMAL OXIDATION|MEASURE OXIDE THICKNESS|SPIN COAT PHOTORESIST|SOFT BAKE|ALIGN MASK LEVEL 1|EXPOSE LITHO LEVEL 1|DEVELOP PHOTORESIST|PATTERN INSPECTION LEVEL 1|OXIDE ETCH|STRIP RESIST|CLEAN AFTER ETCH|MEASURE OPENING CD|IMPLANT WELL|DRIVE IN DIFFUSION|RAPID THERMAL ANNEAL|MEASURE JUNCTION DEPTH|THERMAL OXIDATION|GATE OXIDE PREP|GATE OXIDE GROWTH|MEASURE GATE OXIDE THICKNESS|DEPOSIT POLYSILICON|POLYSILICON ANNEAL|MEASURE POLY THICKNESS|SPIN COAT PHOTORESIST|SOFT BAKE|ALIGN MASK LEVEL 2|EXPOSE LITHO LEVEL 2|DEVELOP PHOTORESIST|POLY PATTERN INSPECTION|POLYSILICON ETCH|STRIP RESIST|CLEAN AFTER POLY ETCH|MEASURE GATE CD|IMPLANT SOURCE DRAIN|PRE ANNEAL CHECK|LIGHT ANNEAL|MEASURE SHEET RESISTANCE|DEPOSIT SPACER DIELECTRIC|ANISOTROPIC ETCH SPACER|MEASURE SPACER WIDTH|IMPLANT LDD|PRE ANNEAL CHECK|RAPID THERMAL ANNEAL|MEASURE JUNCTION PROFILE|DEPOSIT INTERLAYER DIELECTRIC|DENSIFY OXIDE|MEASURE DIELECTRIC THICKNESS|CMP DIELECTRIC|MEASURE SURFACE PLANARITY|SPIN COAT PHOTORESIST|SOFT BAKE|ALIGN MASK LEVEL 3|EXPOSE LITHO LEVEL 3|DEVELOP PHOTORESIST|VIA INSPECTION|HARD BAKE|VIA ETCH THROUGH DIELECTRIC|STRIP PHOTORESIST|CLEAN AFTER VIA ETCH|MEASURE VIA CD|DEPOSIT BARRIER METAL|DEPOSIT METAL SEED|FILL VIA METAL|CMP METAL|DEPOSIT METAL 1|ANNEAL METAL|MEASURE METAL THICKNESS|SPIN COAT PHOTORESIST|SOFT BAKE|ALIGN MASK LEVEL 4|EXPOSE LITHO LEVEL 4|DEVELOP PHOTORESIST|METAL PATTERN INSPECTION|METAL ETCH|STRIP PHOTORESIST|CLEAN AFTER METAL ETCH|OPEN PAD WINDOW|DEPOSIT PASSIVATION LAYER|CURE PASSIVATION|MEASURE PASSIVATION QUALITY|OPEN PAD WINDOW LITHO|DEVELOP PHOTORESIST|PASSIVATION ETCH|STRIP RESIST|CLEAN PAD OPENING|MEASURE PAD OPENING|BACKSIDE CLEAN|BACKSIDE GRIND|MEASURE THICKNESS|BACKSIDE ETCH CLEAN|BACKSIDE RINSE|BACKSIDE DRY|BACKSIDE METALLIZATION PREP|DEPOSIT BACKSIDE METAL|BACKSIDE ANNEAL|MEASURE BACKSIDE CONTACT|FINAL CLEAN|FINAL THICKNESS MEASURE|FINAL GEOMETRY CHECK|FINAL CD INSPECTION|PARAMETRIC TEST|LEAKAGE TEST|THRESHOLD VOLTAGE TEST|SWITCHING TEST|WAFER SORT TEST|YIELD ANALYSIS|FINAL LOT RELEASE|SHIP LOT,RULE_PAD_OPEN_BEFORE_DEP
forbidden_0124,MOSFET,RECEIVE WAFER LOT|LOT IDENTIFICATION|INITIAL WAFER INSPECTION|MEASURE THICKNESS|MEASURE SURFACE PARTICLES|PRE CLEAN WAFER|BACKSIDE CLEAN|FRONTSIDE CLEAN|RCA CLEAN 1|WET CLEAN RCA2|HF DIP|DRY WAFER|SUBSTRATE CHECK|EPITAXY PREP|EPITAXIAL DEPOSITION|MEASURE EPITAXY THICKNESS|MEASURE RESISTIVITY|EPITAXY ANNEAL|WAFER SURFACE CLEAN|THERMAL OXIDATION|MEASURE OXIDE THICKNESS|SPIN COAT PHOTORESIST|SOFT BAKE|ALIGN MASK LEVEL 1|EXPOSE LITHO LEVEL 1|DEVELOP PHOTORESIST|PATTERN INSPECTION LEVEL 1|HARD BAKE|OXIDE ETCH|STRIP PHOTORESIST|CLEAN AFTER ETCH|MEASURE OPENING CD|IMPLANT WELL|DRIVE IN DIFFUSION|RAPID THERMAL ANNEAL|MEASURE JUNCTION DEPTH|THERMAL OXIDATION|GATE OXIDE PREP|GATE OXIDE GROWTH|MEASURE GATE OXIDE THICKNESS|DEPOSIT POLYSILICON|POLYSILICON ANNEAL|MEASURE POLY THICKNESS|SPIN COAT PHOTORESIST|SOFT BAKE|ALIGN MASK LEVEL 2|EXPOSE LITHO LEVEL 2|DEVELOP PHOTORESIST|POLY PATTERN INSPECTION|POLYSILICON ETCH|STRIP RESIST|CLEAN AFTER POLY ETCH|MEASURE GATE CD|IMPLANT SOURCE DRAIN|LIGHT ANNEAL|MEASURE SHEET RESISTANCE|DEPOSIT SPACER DIELECTRIC|ANISOTROPIC ETCH SPACER|MEASURE SPACER WIDTH|IMPLANT LDD|PRE ANNEAL CHECK|RAPID THERMAL ANNEAL|MEASURE JUNCTION PROFILE|DEPOSIT INTERLAYER DIELECTRIC|DENSIFY DIELECTRIC|MEASURE FILM THICKNESS|CMP DIELECTRIC|MEASURE PLANARITY|SPIN COAT PHOTORESIST|SOFT BAKE|ALIGN MASK LEVEL 3|EXPOSE LITHO LEVEL 3|POST EXPOSE BAKE|DEVELOP PHOTORESIST|VIA OPENING INSPECTION|DIELECTRIC ETCH VIA|STRIP PHOTORESIST|CLEAN AFTER VIA ETCH|MEASURE VIA CD|DEPOSIT BARRIER METAL|DEPOSIT METAL SEED|FILL VIA METAL|CMP METAL|DEPOSIT METAL 1|ANNEAL METAL|SPIN COAT PHOTORESIST|SOFT BAKE|ALIGN MASK LEVEL 4|EXPOSE LITHO LEVEL 4|DEVELOP PHOTORESIST|METAL PATTERN INSPECTION|METAL ETCH|STRIP RESIST|CLEAN AFTER METAL ETCH|MEASURE LINE WIDTH|OPEN BOND PAD WINDOW|DEPOSIT PASSIVATION LAYER|CURE PASSIVATION|MEASURE PASSIVATION QUALITY|PAD WINDOW LITHO|DEVELOP PAD WINDOW|PASSIVATION ETCH|STRIP PHOTORESIST|CLEAN PAD OPENING|MEASURE PAD OPENING|BACKSIDE CLEAN|BACKSIDE GRIND|MEASURE THICKNESS|BACKSIDE ETCH CLEAN|BACKSIDE RINSE|BACKSIDE DRY|BACKSIDE METALLIZATION PREP|DEPOSIT BACKSIDE METAL|BACKSIDE ANNEAL|MEASURE BACKSIDE CONTACT|FINAL CLEAN|FINAL THICKNESS MEASURE|FINAL PARTICLE INSPECTION|ELECTRICAL PARAMETRIC TEST|LEAKAGE TEST|THRESHOLD VOLTAGE TEST|SWITCHING TEST|WAFER SORT TEST|YIELD ANALYSIS|FINAL LOT RELEASE|SHIP LOT,RULE_PAD_OPEN_BEFORE_DEP
forbidden_0125,MOSFET,RECEIVE WAFER LOT|LOT IDENTIFICATION|INITIAL WAFER INSPECTION|MEASURE THICKNESS|PRE CLEAN WAFER|FRONTSIDE CLEAN|RCA CLEAN 1|WET CLEAN RCA2|HF DIP|DRY WAFER|SUBSTRATE CHECK|EPITAXY PREP|EPITAXIAL DEPOSITION|MEASURE EPITAXY THICKNESS|MEASURE RESISTIVITY|EPITAXY ANNEAL|WAFER SURFACE CLEAN|THERMAL OXIDATION|MEASURE OXIDE THICKNESS|SPIN COAT PHOTORESIST|SOFT BAKE|ALIGN MASK LEVEL 1|EXPOSE LITHO LEVEL 1|POST EXPOSE BAKE|DEVELOP PHOTORESIST|PATTERN INSPECTION LEVEL 1|HARD BAKE|OXIDE ETCH|STRIP PHOTORESIST|CLEAN AFTER ETCH|MEASURE OPENING CD|IMPLANT WELL|PRE ANNEAL CHECK|DRIVE IN DIFFUSION|RAPID THERMAL ANNEAL|MEASURE JUNCTION DEPTH|THERMAL OXIDATION|GATE OXIDE PREP|GATE OXIDE GROWTH|MEASURE GATE OXIDE THICKNESS|DEPOSIT POLYSILICON|POLYSILICON ANNEAL|MEASURE POLY THICKNESS|SPIN COAT PHOTORESIST|SOFT BAKE|ALIGN MASK LEVEL 2|EXPOSE LITHO LEVEL 2|DEVELOP PHOTORESIST|POLY PATTERN INSPECTION|POLYSILICON ETCH|STRIP RESIST|CLEAN AFTER POLY ETCH|MEASURE GATE CD|IMPLANT SOURCE DRAIN|PRE ANNEAL CHECK|LIGHT ANNEAL|MEASURE SHEET RESISTANCE|DEPOSIT SPACER DIELECTRIC|ANISOTROPIC ETCH SPACER|MEASURE SPACER WIDTH|IMPLANT LDD|PRE ANNEAL CHECK|RAPID THERMAL ANNEAL|MEASURE JUNCTION PROFILE|DEPOSIT INTERLAYER DIELECTRIC|DENSIFY DIELECTRIC|MEASURE FILM THICKNESS|CMP DIELECTRIC|MEASURE SURFACE PLANARITY|SPIN COAT PHOTORESIST|SOFT BAKE|ALIGN MASK LEVEL 3|EXPOSE LITHO LEVEL 3|DEVELOP PHOTORESIST|VIA INSPECTION|VIA ETCH|STRIP RESIST|CLEAN AFTER VIA ETCH|DEPOSIT BARRIER METAL|DEPOSIT METAL SEED|FILL VIA METAL|CMP VIA FILL|MEASURE VIA RESISTANCE|DEPOSIT TOP METAL|ANNEAL METAL|SPIN COAT PHOTORESIST|SOFT BAKE|ALIGN MASK LEVEL 4|EXPOSE LITHO LEVEL 4|DEVELOP PHOTORESIST|METAL PATTERN INSPECTION|METAL ETCH|STRIP RESIST|CLEAN AFTER METAL ETCH|MEASURE LINE WIDTH|DEPOSIT PASSIVATION LAYER|DEPOSIT BACKSIDE METAL|CURE PASSIVATION|MEASURE PASSIVATION QUALITY|OPEN BOND PAD WINDOW|OPEN PAD WINDOW LITHO|DEVELOP PHOTORESIST|PASSIVATION ETCH|STRIP RESIST|CLEAN PAD OPENING|MEASURE PAD OPENING|BACKSIDE CLEAN|BACKSIDE GRIND|MEASURE WAFER THICKNESS|BACKSIDE ETCH CLEAN|BACKSIDE RINSE|BACKSIDE DRY|BACKSIDE METALLIZATION PREP|BACKSIDE ANNEAL|MEASURE BACKSIDE CONTACT|FINAL CLEAN|FINAL GEOMETRY CHECK|FINAL PARTICLE INSPECTION|ELECTRICAL PARAMETRIC TEST|LEAKAGE TEST|THRESHOLD VOLTAGE TEST|SWITCHING TEST|WAFER SORT TEST|YIELD ANALYSIS|LOT RELEASE|SHIP LOT,RULE_BACKSIDE_BEFORE_PASSIVATION
forbidden_0126,MOSFET,RECEIVE WAFER LOT|LOT IDENTIFICATION|PRE CLEAN INSPECTION|MEASURE THICKNESS|MEASURE SURFACE PARTICLES|PRE CLEAN WAFER|FRONTSIDE CLEAN|WET CLEAN RCA1|WET CLEAN RCA2|HF DIP|SUBSTRATE CHECK|EPITAXY PREP|EPITAXIAL DEPOSITION|MEASURE EPITAXY THICKNESS|MEASURE RESISTIVITY|EPITAXY ANNEAL|WAFER SURFACE CLEAN|THERMAL OXIDATION|MEASURE OXIDE THICKNESS|SPIN COAT PHOTORESIST|SOFT BAKE|ALIGN MASK LEVEL 2|ALIGN MASK LEVEL 1|EXPOSE LITHO LEVEL 1|DEVELOP PHOTORESIST|PATTERN INSPECTION LEVEL 1|OXIDE ETCH|STRIP PHOTORESIST|CLEAN AFTER ETCH|MEASURE OPENING CD|IMPLANT WELL|PRE ANNEAL CHECK|DRIVE IN DIFFUSION|RAPID THERMAL ANNEAL|MEASURE JUNCTION DEPTH|THERMAL OXIDATION|GATE OXIDE PREP|GATE OXIDE GROWTH|MEASURE GATE OXIDE THICKNESS|DEPOSIT POLYSILICON|POLYSILICON ANNEAL|MEASURE POLY THICKNESS|SPIN COAT PHOTORESIST|SOFT BAKE|EXPOSE LITHO LEVEL 2|POST EXPOSE BAKE|DEVELOP PHOTORESIST|POLY PATTERN INSPECTION|POLYSILICON ETCH|STRIP PHOTORESIST|CLEAN AFTER POLY ETCH|MEASURE GATE CD|IMPLANT SOURCE DRAIN|PRE ANNEAL CHECK|LIGHT ANNEAL|MEASURE SHEET RESISTANCE|DEPOSIT SPACER DIELECTRIC|ANISOTROPIC ETCH SPACER|MEASURE SPACER WIDTH|IMPLANT LDD|PRE ANNEAL CHECK|RAPID THERMAL ANNEAL|MEASURE JUNCTION PROFILE|DEPOSIT INTERLEVEL DIELECTRIC|DENSIFY OXIDE|MEASURE FILM THICKNESS|CMP INTERLAYER DIELECTRIC|MEASURE SURFACE PLANARITY|SPIN COAT PHOTORESIST|SOFT BAKE|ALIGN MASK LEVEL 3|EXPOSE LITHO LEVEL 3|DEVELOP PHOTORESIST|VIA INSPECTION|HARD BAKE|DIELECTRIC ETCH VIA|STRIP PHOTORESIST|CLEAN AFTER VIA ETCH|MEASURE VIA CD|DEPOSIT BARRIER METAL|DEPOSIT METAL SEED|FILL VIA METAL|CMP VIA FILL|DEPOSIT TOP METAL|ANNEAL METAL 1|MEASURE METAL THICKNESS|SPIN COAT PHOTORESIST|SOFT BAKE|ALIGN MASK LEVEL 4|EXPOSE LITHO LEVEL 4|DEVELOP PHOTORESIST|METAL PATTERN INSPECTION|HARD BAKE|METAL ETCH|STRIP PHOTORESIST|CLEAN AFTER METAL ETCH|MEASURE LINE WIDTH|DEPOSIT PASSIVATION LAYER|CURE PASSIVATION|MEASURE PASSIVATION QUALITY|OPEN PAD WINDOW|PAD WINDOW LITHO|DEVELOP PHOTORESIST|PASSIVATION ETCH PAD OPENING|STRIP RESIST|CLEAN PAD OPENING|MEASURE PAD OPENING|BACKSIDE CLEAN|BACKSIDE GRIND|MEASURE THICKNESS|BACKSIDE ETCH CLEAN|BACKSIDE RINSE|BACKSIDE DRY|BACKSIDE METALLIZATION PREP|DEPOSIT BACKSIDE METAL|BACKSIDE ANNEAL|MEASURE BACKSIDE CONTACT|FINAL CLEAN|FINAL THICKNESS MEASURE|FINAL GEOMETRY CHECK|FINAL CD INSPECTION|FINAL PARTICLE INSPECTION|ELECTRICAL PARAMETRIC TEST|LEAKAGE TEST|THRESHOLD VOLTAGE TEST|SWITCHING TEST|WAFER SORT TEST|YIELD ANALYSIS|FINAL LOT RELEASE|SHIP LOT,RULE_LITHO_LEVEL_SKIP
forbidden_0127,MOSFET,RECEIVE WAFER LOT|LOT IDENTIFICATION|INITIAL WAFER INSPECTION|MEASURE THICKNESS|MEASURE SURFACE PARTICLES|PRE CLEAN WAFER|RCA CLEAN 1|WET CLEAN RCA2|HF DIP|DRY WAFER|SUBSTRATE CHECK|EPITAXY PREP|EPITAXIAL DEPOSITION|MEASURE EPITAXY THICKNESS|MEASURE RESISTIVITY|EPITAXY ANNEAL|WAFER SURFACE CLEAN|THERMAL OXIDATION|MEASURE OXIDE THICKNESS|SPIN COAT PHOTORESIST|SOFT BAKE|ALIGN MASK LEVEL 1|EXPOSE LITHO LEVEL 1|DEVELOP PHOTORESIST|PATTERN INSPECTION LEVEL 1|HARD BAKE|OXIDE ETCH|STRIP PHOTORESIST|CLEAN AFTER ETCH|IMPLANT WELL|PRE ANNEAL CHECK|DRIVE IN DIFFUSION|RAPID THERMAL ANNEAL|MEASURE JUNCTION DEPTH|THERMAL OXIDATION|GATE OXIDE PREP|GATE OXIDE GROWTH|MEASURE GATE OXIDE THICKNESS|DEPOSIT POLYSILICON|POLYSILICON ANNEAL|MEASURE POLY THICKNESS|SPIN COAT PHOTORESIST|SOFT BAKE|ALIGN MASK LEVEL 2|EXPOSE LITHO LEVEL 2|POST EXPOSE BAKE|DEVELOP PHOTORESIST|POLY PATTERN INSPECTION|POLYSILICON ETCH|STRIP PHOTORESIST|CLEAN AFTER POLY ETCH|MEASURE GATE CD|IMPLANT SOURCE DRAIN|LIGHT ANNEAL|DEPOSIT SPACER DIELECTRIC|ANISOTROPIC ETCH SPACER|IMPLANT LDD|PRE ANNEAL CHECK|RAPID THERMAL ANNEAL|MEASURE JUNCTION PROFILE|DEPOSIT INTERLAYER DIELECTRIC|DENSIFY OXIDE|MEASURE FILM THICKNESS|CMP INTERLAYER DIELECTRIC|MEASURE PLANARITY|SPIN COAT PHOTORESIST|SOFT BAKE|ALIGN MASK LEVEL 3|EXPOSE LITHO LEVEL 3|DEVELOP PHOTORESIST|VIA INSPECTION|VIA ETCH|STRIP PHOTORESIST|CLEAN AFTER VIA ETCH|MEASURE VIA CD|DEPOSIT BARRIER METAL|DEPOSIT METAL SEED|FILL VIA METAL|CMP METAL|MEASURE CONTACT RESISTANCE|DEPOSIT TOP METAL|ANNEAL METAL 1|SPIN COAT PHOTORESIST|SOFT BAKE|ALIGN MASK LEVEL 4|EXPOSE LITHO LEVEL 4|POST EXPOSE BAKE|DEVELOP PHOTORESIST|METAL PATTERN INSPECTION|METAL ETCH|STRIP RESIST|CLEAN AFTER METAL ETCH|DEPOSIT PASSIVATION LAYER|ELECTRICAL PARAMETRIC TEST|CURE PASSIVATION|MEASURE PASSIVATION QUALITY|OPEN BOND PAD WINDOW|PAD WINDOW LITHO|DEVELOP PAD WINDOW|PASSIVATION ETCH PAD OPENING|STRIP PHOTORESIST|CLEAN PAD OPENING|MEASURE PAD OPENING|BACKSIDE CLEAN|BACKSIDE GRIND|MEASURE THICKNESS|BACKSIDE ETCH CLEAN|BACKSIDE RINSE|BACKSIDE DRY|BACKSIDE METALLIZATION PREP|DEPOSIT BACKSIDE METAL|BACKSIDE ANNEAL|MEASURE BACKSIDE CONTACT|FINAL CLEAN|FINAL THICKNESS MEASURE|FINAL GEOMETRY CHECK|FINAL PARTICLE INSPECTION|LEAKAGE TEST|THRESHOLD VOLTAGE TEST|SWITCHING TEST|WAFER SORT TEST|YIELD ANALYSIS|LOT RELEASE|SHIP LOT,RULE_TEST_BEFORE_PASSIVATION
forbidden_0128,MOSFET,RECEIVE WAFER LOT|LOT IDENTIFICATION|INITIAL WAFER INSPECTION|MEASURE THICKNESS|MEASURE SURFACE PARTICLES|PRE CLEAN WAFER|FRONTSIDE CLEAN|WET CLEAN RCA1|RCA CLEAN 2|HF DIP|DRY WAFER|SUBSTRATE CHECK|EPITAXY PREP|EPITAXIAL DEPOSITION|MEASURE EPITAXY THICKNESS|MEASURE RESISTIVITY|EPITAXY ANNEAL|WAFER SURFACE CLEAN|THERMAL OXIDATION|MEASURE OXIDE THICKNESS|SPIN COAT PHOTORESIST|SOFT BAKE|ALIGN MASK LEVEL 1|EXPOSE LITHO LEVEL 1|PATTERN INSPECTION LEVEL 1|STRIP PHOTORESIST|CLEAN AFTER ETCH|MEASURE OPENING CD|IMPLANT WELL|DRIVE IN DIFFUSION|RAPID THERMAL ANNEAL|MEASURE JUNCTION DEPTH|THERMAL OXIDATION|GATE OXIDE PREP|GATE OXIDE GROWTH|MEASURE GATE OXIDE THICKNESS|DEPOSIT POLYSILICON|POLYSILICON ANNEAL|MEASURE POLY THICKNESS|SPIN COAT PHOTORESIST|SOFT BAKE|ALIGN MASK LEVEL 2|EXPOSE LITHO LEVEL 2|POST EXPOSE BAKE|DEVELOP PHOTORESIST|POLY PATTERN INSPECTION|POLYSILICON ETCH|STRIP PHOTORESIST|CLEAN AFTER POLY ETCH|MEASURE GATE CD|IMPLANT SOURCE DRAIN|PRE ANNEAL CHECK|LIGHT ANNEAL|MEASURE SHEET RESISTANCE|DEPOSIT SPACER DIELECTRIC|ANISOTROPIC ETCH SPACER|MEASURE SPACER WIDTH|IMPLANT LDD|RAPID THERMAL ANNEAL|DEPOSIT INTERLAYER DIELECTRIC|DENSIFY OXIDE|MEASURE FILM THICKNESS|CMP DIELECTRIC|MEASURE SURFACE PLANARITY|SPIN COAT PHOTORESIST|SOFT BAKE|ALIGN MASK LEVEL 3|EXPOSE LITHO LEVEL 3|DEVELOP PHOTORESIST|VIA INSPECTION|DIELECTRIC ETCH VIA|STRIP RESIST|CLEAN AFTER VIA ETCH|MEASURE VIA CD|DEPOSIT BARRIER METAL|DEPOSIT METAL SEED|FILL VIA METAL|CMP METAL|MEASURE CONTACT RESISTANCE|DEPOSIT TOP METAL|ANNEAL METAL|SPIN COAT PHOTORESIST|SOFT BAKE|ALIGN MASK LEVEL 4|EXPOSE LITHO LEVEL 4|DEVELOP PHOTORESIST|METAL PATTERN INSPECTION|METAL ETCH|STRIP RESIST|CLEAN AFTER METAL ETCH|MEASURE LINE WIDTH|DEPOSIT PASSIVATION|CURE PASSIVATION|MEASURE PASSIVATION THICKNESS|OPEN BOND PAD WINDOW|OPEN PAD WINDOW LITHO|DEVELOP PHOTORESIST|PASSIVATION ETCH PAD OPENING|STRIP RESIST|CLEAN PAD OPENING|MEASURE PAD OPENING|BACKSIDE CLEAN|BACKSIDE GRIND|MEASURE WAFER THICKNESS|BACKSIDE ETCH CLEAN|BACKSIDE RINSE|BACKSIDE DRY|BACKSIDE METALLIZATION PREP|DEPOSIT BACKSIDE METAL|BACKSIDE ANNEAL|MEASURE BACKSIDE CONTACT|FINAL CLEAN|FINAL THICKNESS MEASURE|FINAL GEOMETRY CHECK|FINAL PARTICLE INSPECTION|PARAMETRIC TEST|LEAKAGE TEST|THRESHOLD VOLTAGE TEST|SWITCHING TEST|WAFER SORT TEST|YIELD ANALYSIS|LOT RELEASE|SHIP LOT,RULE_IMPLANT_NO_MASK
forbidden_0129,MOSFET,RECEIVE WAFER LOT|LOT IDENTIFICATION|INITIAL WAFER INSPECTION|MEASURE THICKNESS|MEASURE SURFACE PARTICLES|PRE CLEAN WAFER|BACKSIDE CLEAN|WET CLEAN RCA1|WET CLEAN RCA2|HF DIP|SUBSTRATE CHECK|EPITAXY PREP|EPITAXIAL DEPOSITION|MEASURE EPITAXY THICKNESS|MEASURE RESISTIVITY|EPITAXY ANNEAL|WAFER SURFACE CLEAN|THERMAL OXIDATION|MEASURE OXIDE THICKNESS|SPIN COAT PHOTORESIST|SOFT BAKE|ALIGN MASK LEVEL 1|EXPOSE LITHO LEVEL 1|POST EXPOSE BAKE|DEVELOP PHOTORESIST|PATTERN INSPECTION LEVEL 1|OXIDE ETCH|STRIP PHOTORESIST|CLEAN AFTER ETCH|MEASURE OPENING CD|IMPLANT WELL|PRE ANNEAL CHECK|DRIVE IN DIFFUSION|RAPID THERMAL ANNEAL|THERMAL OXIDATION|GATE OXIDE PREP|GATE OXIDE GROWTH|MEASURE GATE OXIDE THICKNESS|DEPOSIT POLYSILICON|POLYSILICON ANNEAL|SPIN COAT PHOTORESIST|SOFT BAKE|ALIGN MASK LEVEL 2|EXPOSE LITHO LEVEL 2|DEVELOP PHOTORESIST|POLY PATTERN INSPECTION|POLYSILICON ETCH|STRIP PHOTORESIST|CLEAN AFTER POLY ETCH|MEASURE GATE CD|IMPLANT SOURCE DRAIN|LIGHT ANNEAL|MEASURE SHEET RESISTANCE|DEPOSIT SPACER DIELECTRIC|ANISOTROPIC ETCH SPACER|IMPLANT LDD|RAPID THERMAL ANNEAL|MEASURE JUNCTION PROFILE|DEPOSIT INTERLEVEL DIELECTRIC|DENSIFY OXIDE|MEASURE FILM THICKNESS|CMP DIELECTRIC|MEASURE SURFACE PLANARITY|SPIN COAT PHOTORESIST|SOFT BAKE|ALIGN MASK LEVEL 3|EXPOSE LITHO LEVEL 3|DEVELOP PHOTORESIST|VIA INSPECTION|VIA ETCH THROUGH DIELECTRIC|STRIP RESIST|CLEAN AFTER VIA ETCH|DEPOSIT BARRIER METAL|DEPOSIT METAL SEED|FILL VIA METAL|CMP METAL|MEASURE VIA RESISTANCE|DEPOSIT TOP METAL|ANNEAL METAL 1|MEASURE METAL THICKNESS|SPIN COAT PHOTORESIST|SOFT BAKE|ALIGN MASK LEVEL 4|EXPOSE LITHO LEVEL 4|POST EXPOSE BAKE|DEVELOP PHOTORESIST|METAL PATTERN INSPECTION|HARD BAKE|METAL ETCH|STRIP RESIST|CLEAN AFTER METAL ETCH|DEPOSIT PASSIVATION|DEPOSIT BACKSIDE METAL|CURE PASSIVATION|MEASURE PASSIVATION THICKNESS|OPEN PAD WINDOW|OPEN PAD WINDOW LITHO|DEVELOP PAD WINDOW|PASSIVATION ETCH|STRIP RESIST|CLEAN PAD OPENING|MEASURE PAD OPENING|BACKSIDE CLEAN|BACKSIDE GRIND|MEASURE WAFER THICKNESS|BACKSIDE ETCH CLEAN|BACKSIDE RINSE|BACKSIDE DRY|BACKSIDE METALLIZATION PREP|BACKSIDE ANNEAL|MEASURE BACKSIDE CONTACT|FINAL CLEAN|FINAL GEOMETRY CHECK|FINAL PARTICLE INSPECTION|ELECTRICAL PARAMETRIC TEST|LEAKAGE TEST|THRESHOLD VOLTAGE TEST|SWITCHING TEST|WAFER SORT TEST|YIELD ANALYSIS|FINAL LOT RELEASE|SHIP LOT,RULE_BACKSIDE_BEFORE_PASSIVATION
forbidden_0130,MOSFET,RECEIVE WAFER LOT|LOT IDENTIFICATION|INITIAL WAFER INSPECTION|MEASURE THICKNESS|MEASURE SURFACE PARTICLES|PRE CLEAN WAFER|BACKSIDE CLEAN|WET CLEAN RCA1|RCA CLEAN 2|HF DIP|SUBSTRATE CHECK|EPITAXY PREP|EPITAXIAL DEPOSITION|MEASURE EPITAXY THICKNESS|MEASURE RESISTIVITY|EPITAXY ANNEAL|WAFER SURFACE CLEAN|THERMAL OXIDATION|MEASURE OXIDE THICKNESS|SPIN COAT PHOTORESIST|SOFT BAKE|ALIGN MASK LEVEL 1|EXPOSE LITHO LEVEL 1|DEVELOP PHOTORESIST|PATTERN INSPECTION LEVEL 1|HARD BAKE|OXIDE ETCH|STRIP PHOTORESIST|CLEAN AFTER ETCH|MEASURE OPENING CD|IMPLANT WELL|PRE ANNEAL CHECK|DRIVE IN DIFFUSION|RAPID THERMAL ANNEAL|MEASURE JUNCTION DEPTH|THERMAL OXIDATION|GATE OXIDE PREP|GATE OXIDE GROWTH|MEASURE GATE OXIDE THICKNESS|DEPOSIT POLYSILICON|POLYSILICON ANNEAL|MEASURE POLY THICKNESS|SPIN COAT PHOTORESIST|SOFT BAKE|ALIGN MASK LEVEL 2|EXPOSE LITHO LEVEL 2|POLY PATTERN INSPECTION|POLYSILICON ETCH|STRIP RESIST|CLEAN AFTER POLY ETCH|MEASURE GATE CD|IMPLANT SOURCE DRAIN|LIGHT ANNEAL|MEASURE SHEET RESISTANCE|DEPOSIT SPACER DIELECTRIC|ANISOTROPIC ETCH SPACER|MEASURE SPACER WIDTH|IMPLANT LDD|RAPID THERMAL ANNEAL|DEPOSIT INTERLEVEL DIELECTRIC|DENSIFY OXIDE|MEASURE FILM THICKNESS|CMP DIELECTRIC|MEASURE SURFACE PLANARITY|SPIN COAT PHOTORESIST|SOFT BAKE|ALIGN MASK LEVEL 3|EXPOSE LITHO LEVEL 3|DEVELOP PHOTORESIST|VIA OPENING INSPECTION|HARD BAKE|DIELECTRIC ETCH VIA|STRIP RESIST|CLEAN AFTER VIA ETCH|MEASURE VIA CD|DEPOSIT BARRIER METAL|DEPOSIT METAL SEED|FILL VIA METAL|CMP VIA FILL|MEASURE CONTACT RESISTANCE|DEPOSIT METAL 1|ANNEAL METAL 1|SPIN COAT PHOTORESIST|SOFT BAKE|ALIGN MASK LEVEL 4|EXPOSE LITHO LEVEL 4|DEVELOP PHOTORESIST|METAL PATTERN INSPECTION|METAL ETCH|STRIP PHOTORESIST|CLEAN AFTER METAL ETCH|DEPOSIT PASSIVATION|CURE PASSIVATION|MEASURE PASSIVATION THICKNESS|OPEN BOND PAD WINDOW|OPEN PAD WINDOW LITHO|DEVELOP PAD WINDOW|PASSIVATION ETCH PAD OPENING|STRIP PHOTORESIST|CLEAN PAD OPENING|MEASURE PAD OPENING|BACKSIDE CLEAN|BACKSIDE GRIND|MEASURE WAFER THICKNESS|BACKSIDE ETCH CLEAN|BACKSIDE RINSE|BACKSIDE DRY|BACKSIDE METALLIZATION PREP|DEPOSIT BACKSIDE METAL|BACKSIDE ANNEAL|MEASURE BACKSIDE CONTACT|FINAL CLEAN|FINAL THICKNESS MEASURE|FINAL GEOMETRY CHECK|FINAL CD INSPECTION|FINAL PARTICLE INSPECTION|ELECTRICAL PARAMETRIC TEST|LEAKAGE TEST|THRESHOLD VOLTAGE TEST|SWITCHING TEST|WAFER SORT TEST|YIELD ANALYSIS|LOT RELEASE|SHIP LOT,RULE_ETCH_NO_MASK
forbidden_0131,MOSFET,RECEIVE WAFER LOT|LOT IDENTIFICATION|INITIAL WAFER INSPECTION|MEASURE SURFACE PARTICLES|PRE CLEAN WAFER|WET CLEAN RCA1|WET CLEAN RCA2|HF DIP|SUBSTRATE CHECK|EPITAXY PREP|EPITAXIAL DEPOSITION|MEASURE EPITAXY THICKNESS|MEASURE RESISTIVITY|EPITAXY ANNEAL|WAFER SURFACE CLEAN|THERMAL OXIDATION|MEASURE OXIDE THICKNESS|SPIN COAT PHOTORESIST|SOFT BAKE|ALIGN MASK LEVEL 1|EXPOSE LITHO LEVEL 1|POST EXPOSE BAKE|DEVELOP PHOTORESIST|PATTERN INSPECTION LEVEL 1|HARD BAKE|OXIDE ETCH|STRIP RESIST|CLEAN AFTER ETCH|IMPLANT WELL|DRIVE IN DIFFUSION|RAPID THERMAL ANNEAL|MEASURE JUNCTION DEPTH|THERMAL OXIDATION|GATE OXIDE PREP|GATE OXIDE GROWTH|MEASURE GATE OXIDE THICKNESS|DEPOSIT POLYSILICON|POLYSILICON ANNEAL|MEASURE POLY THICKNESS|SPIN COAT PHOTORESIST|SOFT BAKE|ALIGN MASK LEVEL 2|EXPOSE LITHO LEVEL 2|POST EXPOSE BAKE|DEVELOP PHOTORESIST|POLY PATTERN INSPECTION|POLYSILICON ETCH|STRIP PHOTORESIST|CLEAN AFTER POLY ETCH|MEASURE GATE CD|IMPLANT SOURCE DRAIN|LIGHT ANNEAL|MEASURE SHEET RESISTANCE|DEPOSIT SPACER DIELECTRIC|ANISOTROPIC ETCH SPACER|MEASURE SPACER WIDTH|IMPLANT LDD|PRE ANNEAL CHECK|RAPID THERMAL ANNEAL|MEASURE JUNCTION PROFILE|DEPOSIT INTERLEVEL DIELECTRIC|DENSIFY OXIDE|MEASURE FILM THICKNESS|CMP INTERLAYER DIELECTRIC|MEASURE PLANARITY|SPIN COAT PHOTORESIST|SOFT BAKE|ALIGN MASK LEVEL 3|EXPOSE LITHO LEVEL 3|DEVELOP PHOTORESIST|VIA OPENING INSPECTION|VIA ETCH|STRIP RESIST|CLEAN AFTER VIA ETCH|DEPOSIT BARRIER METAL|DEPOSIT METAL SEED|FILL VIA METAL|CMP METAL|MEASURE CONTACT RESISTANCE|DEPOSIT TOP METAL|ANNEAL METAL|SPIN COAT PHOTORESIST|SOFT BAKE|ALIGN MASK LEVEL 4|EXPOSE LITHO LEVEL 4|DEVELOP PHOTORESIST|METAL PATTERN INSPECTION|HARD BAKE|METAL ETCH|STRIP PHOTORESIST|CLEAN AFTER METAL ETCH|DEPOSIT PASSIVATION LAYER|ELECTRICAL PARAMETRIC TEST|CURE PASSIVATION|MEASURE PASSIVATION THICKNESS|OPEN BOND PAD WINDOW|OPEN PAD WINDOW LITHO|DEVELOP PHOTORESIST|PASSIVATION ETCH PAD OPENING|STRIP PHOTORESIST|CLEAN PAD OPENING|MEASURE PAD OPENING|BACKSIDE CLEAN|BACKSIDE GRIND|MEASURE THICKNESS|BACKSIDE ETCH CLEAN|BACKSIDE RINSE|BACKSIDE DRY|BACKSIDE METALLIZATION PREP|DEPOSIT BACKSIDE METAL|BACKSIDE ANNEAL|MEASURE BACKSIDE CONTACT|FINAL CLEAN|FINAL THICKNESS MEASURE|FINAL GEOMETRY CHECK|FINAL CD INSPECTION|FINAL PARTICLE INSPECTION|LEAKAGE TEST|THRESHOLD VOLTAGE TEST|SWITCHING TEST|WAFER SORT TEST|YIELD ANALYSIS|LOT RELEASE|SHIP LOT,RULE_TEST_BEFORE_PASSIVATION
forbidden_0132,MOSFET,RECEIVE WAFER LOT|LOT IDENTIFICATION|INITIAL WAFER INSPECTION|MEASURE THICKNESS|MEASURE SURFACE PARTICLES|PRE CLEAN WAFER|FRONTSIDE CLEAN|WET CLEAN RCA1|WET CLEAN RCA2|HF DIP|SUBSTRATE CHECK|EPITAXY PREP|EPITAXIAL DEPOSITION|MEASURE EPITAXY THICKNESS|MEASURE RESISTIVITY|EPITAXY ANNEAL|WAFER SURFACE CLEAN|THERMAL OXIDATION|MEASURE OXIDE THICKNESS|SPIN COAT PHOTORESIST|SOFT BAKE|ALIGN MASK LEVEL 1|EXPOSE LITHO LEVEL 1|DEVELOP PHOTORESIST|PATTERN INSPECTION LEVEL 1|OXIDE ETCH|STRIP RESIST|CLEAN AFTER ETCH|IMPLANT WELL|PRE ANNEAL CHECK|DRIVE IN DIFFUSION|RAPID THERMAL ANNEAL|MEASURE JUNCTION DEPTH|THERMAL OXIDATION|GATE OXIDE PREP|GATE OXIDE GROWTH|MEASURE GATE OXIDE THICKNESS|DEPOSIT POLYSILICON|POLYSILICON ANNEAL|MEASURE POLY THICKNESS|SPIN COAT PHOTORESIST|SOFT BAKE|ALIGN MASK LEVEL 2|EXPOSE LITHO LEVEL 2|DEVELOP PHOTORESIST|POLY PATTERN INSPECTION|POLYSILICON ETCH|STRIP PHOTORESIST|CLEAN AFTER POLY ETCH|IMPLANT SOURCE DRAIN|PRE ANNEAL CHECK|LIGHT ANNEAL|DEPOSIT SPACER DIELECTRIC|ANISOTROPIC ETCH SPACER|MEASURE SPACER WIDTH|IMPLANT LDD|PRE ANNEAL CHECK|RAPID THERMAL ANNEAL|MEASURE JUNCTION PROFILE|DEPOSIT INTERLAYER DIELECTRIC|DENSIFY DIELECTRIC|MEASURE FILM THICKNESS|CMP DIELECTRIC|MEASURE SURFACE PLANARITY|SPIN COAT PHOTORESIST|SOFT BAKE|ALIGN MASK LEVEL 3|EXPOSE LITHO LEVEL 3|POST EXPOSE BAKE|DEVELOP PHOTORESIST|VIA INSPECTION|VIA ETCH|STRIP RESIST|CLEAN AFTER VIA ETCH|MEASURE VIA CD|DEPOSIT BARRIER METAL|DEPOSIT METAL SEED|FILL VIA METAL|CMP VIA FILL|DEPOSIT METAL 1|ANNEAL METAL 1|MEASURE METAL THICKNESS|SPIN COAT PHOTORESIST|SOFT BAKE|ALIGN MASK LEVEL 4|EXPOSE LITHO LEVEL 4|POST EXPOSE BAKE|DEVELOP PHOTORESIST|METAL PATTERN INSPECTION|HARD BAKE|METAL ETCH|STRIP RESIST|CLEAN AFTER METAL ETCH|MEASURE LINE WIDTH|DEPOSIT PASSIVATION LAYER|LEAKAGE TEST|CURE PASSIVATION|MEASURE PASSIVATION QUALITY|OPEN PAD WINDOW|PAD WINDOW LITHO|DEVELOP PHOTORESIST|PASSIVATION ETCH PAD OPENING|STRIP PHOTORESIST|CLEAN PAD OPENING|MEASURE PAD OPENING|BACKSIDE CLEAN|BACKSIDE GRIND|MEASURE WAFER THICKNESS|BACKSIDE ETCH CLEAN|BACKSIDE RINSE|BACKSIDE DRY|BACKSIDE METALLIZATION PREP|DEPOSIT BACKSIDE METAL|BACKSIDE ANNEAL|MEASURE BACKSIDE CONTACT|FINAL CLEAN|FINAL GEOMETRY CHECK|FINAL PARTICLE INSPECTION|ELECTRICAL PARAMETRIC TEST|THRESHOLD VOLTAGE TEST|SWITCHING TEST|WAFER SORT TEST|YIELD ANALYSIS|LOT RELEASE|SHIP LOT,RULE_TEST_BEFORE_PASSIVATION
forbidden_0133,MOSFET,RECEIVE WAFER LOT|LOT IDENTIFICATION|PRE CLEAN INSPECTION|MEASURE THICKNESS|MEASURE SURFACE PARTICLES|PRE CLEAN WAFER|BACKSIDE CLEAN|WET CLEAN RCA1|RCA CLEAN 2|HF DIP|DRY WAFER|SUBSTRATE CHECK|EPITAXY PREP|EPITAXIAL DEPOSITION|MEASURE EPITAXY THICKNESS|MEASURE RESISTIVITY|EPITAXY ANNEAL|WAFER SURFACE CLEAN|THERMAL OXIDATION|MEASURE OXIDE THICKNESS|SPIN COAT PHOTORESIST|SOFT BAKE|ALIGN MASK LEVEL 1|EXPOSE LITHO LEVEL 1|POST EXPOSE BAKE|DEVELOP PHOTORESIST|PATTERN INSPECTION LEVEL 1|HARD BAKE|OXIDE ETCH|STRIP PHOTORESIST|CLEAN AFTER ETCH|MEASURE OPENING CD|IMPLANT WELL|PRE ANNEAL CHECK|DRIVE IN DIFFUSION|RAPID THERMAL ANNEAL|MEASURE JUNCTION DEPTH|THERMAL OXIDATION|GATE OXIDE PREP|GATE OXIDE GROWTH|MEASURE GATE OXIDE THICKNESS|DEPOSIT POLYSILICON|POLYSILICON ANNEAL|MEASURE POLY THICKNESS|SPIN COAT PHOTORESIST|SOFT BAKE|ALIGN MASK LEVEL 2|EXPOSE LITHO LEVEL 2|DEVELOP PHOTORESIST|POLY PATTERN INSPECTION|POLYSILICON ETCH|STRIP RESIST|CLEAN AFTER POLY ETCH|MEASURE GATE CD|IMPLANT SOURCE DRAIN|PRE ANNEAL CHECK|LIGHT ANNEAL|MEASURE SHEET RESISTANCE|DEPOSIT SPACER DIELECTRIC|ANISOTROPIC ETCH SPACER|IMPLANT LDD|PRE ANNEAL CHECK|RAPID THERMAL ANNEAL|DEPOSIT INTERLEVEL DIELECTRIC|DENSIFY OXIDE|MEASURE FILM THICKNESS|CMP INTERLAYER DIELECTRIC|MEASURE PLANARITY|SPIN COAT PHOTORESIST|SOFT BAKE|ALIGN MASK LEVEL 3|EXPOSE LITHO LEVEL 3|DEVELOP PHOTORESIST|VIA INSPECTION|HARD BAKE|VIA ETCH|STRIP RESIST|CLEAN AFTER VIA ETCH|MEASURE VIA CD|DEPOSIT BARRIER METAL|DEPOSIT METAL SEED|FILL VIA METAL|CMP VIA FILL|DEPOSIT METAL 1|ANNEAL METAL 1|SPIN COAT PHOTORESIST|SOFT BAKE|ALIGN MASK LEVEL 4|EXPOSE LITHO LEVEL 4|POST EXPOSE BAKE|DEVELOP PHOTORESIST|METAL PATTERN INSPECTION|METAL ETCH|STRIP PHOTORESIST|CLEAN AFTER METAL ETCH|MEASURE LINE WIDTH|DEPOSIT PASSIVATION LAYER|THRESHOLD VOLTAGE TEST|CURE PASSIVATION|MEASURE PASSIVATION THICKNESS|OPEN PAD WINDOW|OPEN PAD WINDOW LITHO|DEVELOP PHOTORESIST|PASSIVATION ETCH PAD OPENING|STRIP PHOTORESIST|CLEAN PAD OPENING|MEASURE PAD OPENING|BACKSIDE CLEAN|BACKSIDE GRIND|MEASURE THICKNESS|BACKSIDE ETCH CLEAN|BACKSIDE RINSE|BACKSIDE DRY|BACKSIDE METALLIZATION PREP|DEPOSIT BACKSIDE METAL|BACKSIDE ANNEAL|MEASURE BACKSIDE CONTACT|FINAL CLEAN|FINAL GEOMETRY CHECK|FINAL CD INSPECTION|FINAL PARTICLE INSPECTION|PARAMETRIC TEST|LEAKAGE TEST|SWITCHING TEST|WAFER SORT TEST|YIELD ANALYSIS|LOT RELEASE|SHIP LOT,RULE_TEST_BEFORE_PASSIVATION
forbidden_0134,MOSFET,RECEIVE WAFER LOT|LOT IDENTIFICATION|PRE CLEAN INSPECTION|MEASURE THICKNESS|MEASURE SURFACE PARTICLES|PRE CLEAN WAFER|BACKSIDE CLEAN|RCA CLEAN 1|WET CLEAN RCA2|HF DIP|DRY WAFER|SUBSTRATE CHECK|EPITAXY PREP|EPITAXIAL DEPOSITION|MEASURE EPITAXY THICKNESS|MEASURE RESISTIVITY|EPITAXY ANNEAL|WAFER SURFACE CLEAN|THERMAL OXIDATION|MEASURE OXIDE THICKNESS|SPIN COAT PHOTORESIST|SOFT BAKE|ALIGN MASK LEVEL 1|EXPOSE LITHO LEVEL 1|DEVELOP PHOTORESIST|PATTERN INSPECTION LEVEL 1|OXIDE ETCH|STRIP PHOTORESIST|CLEAN AFTER ETCH|MEASURE OPENING CD|IMPLANT WELL|PRE ANNEAL CHECK|DRIVE IN DIFFUSION|RAPID THERMAL ANNEAL|MEASURE JUNCTION DEPTH|THERMAL OXIDATION|GATE OXIDE PREP|GATE OXIDE GROWTH|MEASURE GATE OXIDE THICKNESS|DEPOSIT POLYSILICON|POLYSILICON ANNEAL|MEASURE POLY THICKNESS|SPIN COAT PHOTORESIST|SOFT BAKE|ALIGN MASK LEVEL 2|EXPOSE LITHO LEVEL 2|POST EXPOSE BAKE|DEVELOP PHOTORESIST|POLY PATTERN INSPECTION|HARD BAKE|POLYSILICON ETCH|STRIP PHOTORESIST|CLEAN AFTER POLY ETCH|IMPLANT SOURCE DRAIN|PRE ANNEAL CHECK|LIGHT ANNEAL|DEPOSIT SPACER DIELECTRIC|ANISOTROPIC ETCH SPACER|MEASURE SPACER WIDTH|IMPLANT LDD|RAPID THERMAL ANNEAL|MEASURE JUNCTION PROFILE|DEPOSIT INTERLAYER DIELECTRIC|DENSIFY OXIDE|MEASURE DIELECTRIC THICKNESS|CMP INTERLAYER DIELECTRIC|MEASURE PLANARITY|SPIN COAT PHOTORESIST|SOFT BAKE|ALIGN MASK LEVEL 3|EXPOSE LITHO LEVEL 3|DEVELOP PHOTORESIST|VIA OPENING INSPECTION|HARD BAKE|VIA ETCH|STRIP PHOTORESIST|CLEAN AFTER VIA ETCH|DEPOSIT BARRIER METAL|DEPOSIT METAL SEED|FILL VIA METAL|CMP METAL|DEPOSIT TOP METAL|ANNEAL METAL 1|MEASURE METAL THICKNESS|SPIN COAT PHOTORESIST|SOFT BAKE|ALIGN MASK LEVEL 4|EXPOSE LITHO LEVEL 4|DEVELOP PHOTORESIST|METAL PATTERN INSPECTION|METAL ETCH|STRIP PHOTORESIST|CLEAN AFTER METAL ETCH|MEASURE LINE WIDTH|DEPOSIT PASSIVATION LAYER|DEPOSIT BACKSIDE METAL|CURE PASSIVATION|MEASURE PASSIVATION THICKNESS|OPEN PAD WINDOW|OPEN PAD WINDOW LITHO|DEVELOP PAD WINDOW|PASSIVATION ETCH PAD OPENING|STRIP RESIST|CLEAN PAD OPENING|MEASURE PAD OPENING|BACKSIDE CLEAN|BACKSIDE GRIND|MEASURE WAFER THICKNESS|BACKSIDE ETCH CLEAN|BACKSIDE RINSE|BACKSIDE DRY|BACKSIDE METALLIZATION PREP|BACKSIDE ANNEAL|MEASURE BACKSIDE CONTACT|FINAL CLEAN|FINAL THICKNESS MEASURE|FINAL GEOMETRY CHECK|FINAL CD INSPECTION|PARAMETRIC TEST|LEAKAGE TEST|THRESHOLD VOLTAGE TEST|SWITCHING TEST|WAFER SORT TEST|YIELD ANALYSIS|LOT RELEASE|SHIP LOT,RULE_BACKSIDE_BEFORE_PASSIVATION
forbidden_0135,MOSFET,RECEIVE WAFER LOT|LOT IDENTIFICATION|INITIAL WAFER INSPECTION|MEASURE THICKNESS|MEASURE SURFACE PARTICLES|PRE CLEAN WAFER|BACKSIDE CLEAN|RCA CLEAN 1|WET CLEAN RCA2|HF DIP|DRY WAFER|SUBSTRATE CHECK|EPITAXY PREP|EPITAXIAL DEPOSITION|MEASURE EPITAXY THICKNESS|MEASURE RESISTIVITY|EPITAXY ANNEAL|WAFER SURFACE CLEAN|THERMAL OXIDATION|MEASURE OXIDE THICKNESS|SPIN COAT PHOTORESIST|SOFT BAKE|ALIGN MASK LEVEL 1|EXPOSE LITHO LEVEL 1|DEVELOP PHOTORESIST|PATTERN INSPECTION LEVEL 1|OXIDE ETCH|STRIP PHOTORESIST|CLEAN AFTER ETCH|IMPLANT WELL|DRIVE IN DIFFUSION|RAPID THERMAL ANNEAL|MEASURE JUNCTION DEPTH|THERMAL OXIDATION|GATE OXIDE PREP|GATE OXIDE GROWTH|MEASURE GATE OXIDE THICKNESS|DEPOSIT POLYSILICON|POLYSILICON ANNEAL|MEASURE POLY THICKNESS|SPIN COAT PHOTORESIST|SOFT BAKE|ALIGN MASK LEVEL 2|EXPOSE LITHO LEVEL 2|DEVELOP PHOTORESIST|POLY PATTERN INSPECTION|POLYSILICON ETCH|STRIP RESIST|CLEAN AFTER POLY ETCH|MEASURE GATE CD|IMPLANT SOURCE DRAIN|PRE ANNEAL CHECK|LIGHT ANNEAL|MEASURE SHEET RESISTANCE|DEPOSIT SPACER DIELECTRIC|ANISOTROPIC ETCH SPACER|MEASURE SPACER WIDTH|IMPLANT LDD|PRE ANNEAL CHECK|RAPID THERMAL ANNEAL|MEASURE JUNCTION PROFILE|DEPOSIT INTERLEVEL DIELECTRIC|DENSIFY OXIDE|MEASURE DIELECTRIC THICKNESS|CMP DIELECTRIC|MEASURE PLANARITY|SPIN COAT PHOTORESIST|SOFT BAKE|ALIGN MASK LEVEL 3|EXPOSE LITHO LEVEL 3|POST EXPOSE BAKE|DEVELOP PHOTORESIST|VIA OPENING INSPECTION|VIA ETCH THROUGH DIELECTRIC|STRIP RESIST|CLEAN AFTER VIA ETCH|DEPOSIT BARRIER METAL|DEPOSIT METAL SEED|FILL VIA METAL|CMP METAL|MEASURE CONTACT RESISTANCE|DEPOSIT TOP METAL|ANNEAL METAL 1|SPIN COAT PHOTORESIST|SOFT BAKE|ALIGN MASK LEVEL 4|METAL PATTERN INSPECTION|METAL ETCH|STRIP RESIST|CLEAN AFTER METAL ETCH|DEPOSIT PASSIVATION|CURE PASSIVATION|MEASURE PASSIVATION THICKNESS|OPEN BOND PAD WINDOW|OPEN PAD WINDOW LITHO|DEVELOP PAD WINDOW|PASSIVATION ETCH PAD OPENING|STRIP PHOTORESIST|CLEAN PAD OPENING|MEASURE PAD OPENING|BACKSIDE CLEAN|BACKSIDE GRIND|MEASURE WAFER THICKNESS|BACKSIDE ETCH CLEAN|BACKSIDE RINSE|BACKSIDE DRY|BACKSIDE METALLIZATION PREP|DEPOSIT BACKSIDE METAL|BACKSIDE ANNEAL|MEASURE BACKSIDE CONTACT|FINAL CLEAN|FINAL THICKNESS MEASURE|FINAL GEOMETRY CHECK|FINAL CD INSPECTION|FINAL PARTICLE INSPECTION|ELECTRICAL PARAMETRIC TEST|LEAKAGE TEST|THRESHOLD VOLTAGE TEST|SWITCHING TEST|WAFER SORT TEST|YIELD ANALYSIS|FINAL LOT RELEASE|SHIP LOT,RULE_ETCH_NO_MASK
forbidden_0136,MOSFET,RECEIVE WAFER LOT|LOT IDENTIFICATION|PRE CLEAN INSPECTION|MEASURE SURFACE PARTICLES|PRE CLEAN WAFER|RCA CLEAN 1|RCA CLEAN 2|HF DIP|SUBSTRATE CHECK|EPITAXY PREP|EPITAXIAL DEPOSITION|MEASURE EPITAXY THICKNESS|MEASURE RESISTIVITY|EPITAXY ANNEAL|WAFER SURFACE CLEAN|THERMAL OXIDATION|MEASURE OXIDE THICKNESS|SPIN COAT PHOTORESIST|SOFT BAKE|ALIGN MASK LEVEL 1|EXPOSE LITHO LEVEL 1|DEVELOP PHOTORESIST|PATTERN INSPECTION LEVEL 1|OXIDE ETCH|STRIP PHOTORESIST|CLEAN AFTER ETCH|IMPLANT WELL|PRE ANNEAL CHECK|DRIVE IN DIFFUSION|RAPID THERMAL ANNEAL|MEASURE JUNCTION DEPTH|THERMAL OXIDATION|GATE OXIDE PREP|GATE OXIDE GROWTH|MEASURE GATE OXIDE THICKNESS|DEPOSIT POLYSILICON|POLYSILICON ANNEAL|MEASURE POLY THICKNESS|SPIN COAT PHOTORESIST|SOFT BAKE|ALIGN MASK LEVEL 2|EXPOSE LITHO LEVEL 2|DEVELOP PHOTORESIST|POLY PATTERN INSPECTION|HARD BAKE|POLYSILICON ETCH|STRIP PHOTORESIST|CLEAN AFTER POLY ETCH|MEASURE GATE CD|IMPLANT SOURCE DRAIN|LIGHT ANNEAL|MEASURE SHEET RESISTANCE|DEPOSIT SPACER DIELECTRIC|ANISOTROPIC ETCH SPACER|IMPLANT LDD|PRE ANNEAL CHECK|RAPID THERMAL ANNEAL|MEASURE JUNCTION PROFILE|DEPOSIT INTERLEVEL DIELECTRIC|DENSIFY DIELECTRIC|MEASURE DIELECTRIC THICKNESS|CMP DIELECTRIC|MEASURE PLANARITY|SPIN COAT PHOTORESIST|SOFT BAKE|ALIGN MASK LEVEL 3|EXPOSE LITHO LEVEL 3|DEVELOP PHOTORESIST|VIA OPENING INSPECTION|HARD BAKE|VIA ETCH|STRIP PHOTORESIST|CLEAN AFTER VIA ETCH|MEASURE VIA CD|DEPOSIT BARRIER METAL|DEPOSIT METAL SEED|FILL VIA METAL|CMP VIA FILL|MEASURE CONTACT RESISTANCE|DEPOSIT METAL 1|ANNEAL METAL|MEASURE METAL THICKNESS|SPIN COAT PHOTORESIST|SOFT BAKE|ALIGN MASK LEVEL 4|EXPOSE LITHO LEVEL 4|METAL PATTERN INSPECTION|HARD BAKE|METAL ETCH|STRIP RESIST|CLEAN AFTER METAL ETCH|DEPOSIT PASSIVATION LAYER|CURE PASSIVATION|MEASURE PASSIVATION QUALITY|OPEN PAD WINDOW|PAD WINDOW LITHO|PASSIVATION ETCH PAD OPENING|STRIP RESIST|CLEAN PAD OPENING|MEASURE PAD OPENING|BACKSIDE CLEAN|BACKSIDE GRIND|MEASURE THICKNESS|BACKSIDE ETCH CLEAN|BACKSIDE RINSE|BACKSIDE DRY|BACKSIDE METALLIZATION PREP|DEPOSIT BACKSIDE METAL|BACKSIDE ANNEAL|MEASURE BACKSIDE CONTACT|FINAL CLEAN|FINAL THICKNESS MEASURE|FINAL GEOMETRY CHECK|FINAL CD INSPECTION|PARAMETRIC TEST|LEAKAGE TEST|THRESHOLD VOLTAGE TEST|SWITCHING TEST|WAFER SORT TEST|YIELD ANALYSIS|LOT RELEASE|SHIP LOT,RULE_ETCH_NO_MASK
forbidden_0137,MOSFET,RECEIVE WAFER LOT|LOT IDENTIFICATION|PRE CLEAN INSPECTION|MEASURE THICKNESS|MEASURE SURFACE PARTICLES|PRE CLEAN WAFER|WET CLEAN RCA1|WET CLEAN RCA2|HF DIP|SUBSTRATE CHECK|EPITAXY PREP|EPITAXIAL DEPOSITION|MEASURE EPITAXY THICKNESS|MEASURE RESISTIVITY|EPITAXY ANNEAL|WAFER SURFACE CLEAN|THERMAL OXIDATION|MEASURE OXIDE THICKNESS|SPIN COAT PHOTORESIST|SOFT BAKE|ALIGN MASK LEVEL 1|EXPOSE LITHO LEVEL 1|DEVELOP PHOTORESIST|PATTERN INSPECTION LEVEL 1|OXIDE ETCH|STRIP PHOTORESIST|CLEAN AFTER ETCH|MEASURE OPENING CD|IMPLANT WELL|DRIVE IN DIFFUSION|RAPID THERMAL ANNEAL|MEASURE JUNCTION DEPTH|THERMAL OXIDATION|GATE OXIDE PREP|GATE OXIDE GROWTH|MEASURE GATE OXIDE THICKNESS|DEPOSIT POLYSILICON|POLYSILICON ANNEAL|MEASURE POLY THICKNESS|SPIN COAT PHOTORESIST|SOFT BAKE|ALIGN MASK LEVEL 2|EXPOSE LITHO LEVEL 2|POST EXPOSE BAKE|DEVELOP PHOTORESIST|POLY PATTERN INSPECTION|HARD BAKE|POLYSILICON ETCH|STRIP RESIST|CLEAN AFTER POLY ETCH|MEASURE GATE CD|IMPLANT SOURCE DRAIN|PRE ANNEAL CHECK|LIGHT ANNEAL|DEPOSIT SPACER DIELECTRIC|ANISOTROPIC ETCH SPACER|MEASURE SPACER WIDTH|IMPLANT LDD|RAPID THERMAL ANNEAL|MEASURE JUNCTION PROFILE|DENSIFY DIELECTRIC|MEASURE DIELECTRIC THICKNESS|CMP DIELECTRIC|MEASURE PLANARITY|SPIN COAT PHOTORESIST|SOFT BAKE|ALIGN MASK LEVEL 3|EXPOSE LITHO LEVEL 3|POST EXPOSE BAKE|DEVELOP PHOTORESIST|VIA OPENING INSPECTION|DIELECTRIC ETCH VIA|STRIP PHOTORESIST|CLEAN AFTER VIA ETCH|MEASURE VIA CD|DEPOSIT BARRIER METAL|DEPOSIT METAL SEED|FILL VIA METAL|CMP METAL|DEPOSIT TOP METAL|ANNEAL METAL 1|MEASURE METAL THICKNESS|SPIN COAT PHOTORESIST|SOFT BAKE|ALIGN MASK LEVEL 4|EXPOSE LITHO LEVEL 4|DEVELOP PHOTORESIST|METAL PATTERN INSPECTION|HARD BAKE|METAL ETCH|STRIP RESIST|CLEAN AFTER METAL ETCH|DEPOSIT PASSIVATION|CURE PASSIVATION|MEASURE PASSIVATION THICKNESS|OPEN PAD WINDOW|PAD WINDOW LITHO|DEVELOP PAD WINDOW|PASSIVATION ETCH PAD OPENING|STRIP RESIST|CLEAN PAD OPENING|MEASURE PAD OPENING|BACKSIDE CLEAN|BACKSIDE GRIND|MEASURE WAFER THICKNESS|BACKSIDE ETCH CLEAN|BACKSIDE RINSE|BACKSIDE DRY|BACKSIDE METALLIZATION PREP|DEPOSIT BACKSIDE METAL|BACKSIDE ANNEAL|MEASURE BACKSIDE CONTACT|FINAL CLEAN|FINAL GEOMETRY CHECK|FINAL CD INSPECTION|PARAMETRIC TEST|LEAKAGE TEST|THRESHOLD VOLTAGE TEST|SWITCHING TEST|WAFER SORT TEST|YIELD ANALYSIS|LOT RELEASE|SHIP LOT,RULE_CMP_NO_DEP
forbidden_0138,MOSFET,RECEIVE WAFER LOT|LOT IDENTIFICATION|INITIAL WAFER INSPECTION|MEASURE THICKNESS|MEASURE SURFACE PARTICLES|PRE CLEAN WAFER|FRONTSIDE CLEAN|RCA CLEAN 1|RCA CLEAN 2|HF DIP|DRY WAFER|SUBSTRATE CHECK|EPITAXY PREP|EPITAXIAL DEPOSITION|MEASURE EPITAXY THICKNESS|MEASURE RESISTIVITY|EPITAXY ANNEAL|WAFER SURFACE CLEAN|THERMAL OXIDATION|MEASURE OXIDE THICKNESS|SPIN COAT PHOTORESIST|SOFT BAKE|ALIGN MASK LEVEL 1|EXPOSE LITHO LEVEL 1|POST EXPOSE BAKE|DEVELOP PHOTORESIST|PATTERN INSPECTION LEVEL 1|HARD BAKE|OXIDE ETCH|STRIP PHOTORESIST|CLEAN AFTER ETCH|MEASURE OPENING CD|IMPLANT WELL|DRIVE IN DIFFUSION|RAPID THERMAL ANNEAL|MEASURE JUNCTION DEPTH|THERMAL OXIDATION|GATE OXIDE PREP|GATE OXIDE GROWTH|MEASURE GATE OXIDE THICKNESS|DEPOSIT POLYSILICON|POLYSILICON ANNEAL|MEASURE POLY THICKNESS|SPIN COAT PHOTORESIST|SOFT BAKE|ALIGN MASK LEVEL 2|EXPOSE LITHO LEVEL 2|DEVELOP PHOTORESIST|POLY PATTERN INSPECTION|POLYSILICON ETCH|STRIP RESIST|CLEAN AFTER POLY ETCH|MEASURE GATE CD|IMPLANT SOURCE DRAIN|PRE ANNEAL CHECK|LIGHT ANNEAL|DEPOSIT SPACER DIELECTRIC|ANISOTROPIC ETCH SPACER|MEASURE SPACER WIDTH|IMPLANT LDD|PRE ANNEAL CHECK|RAPID THERMAL ANNEAL|MEASURE JUNCTION PROFILE|DEPOSIT INTERLEVEL DIELECTRIC|DENSIFY DIELECTRIC|MEASURE DIELECTRIC THICKNESS|CMP DIELECTRIC|MEASURE SURFACE PLANARITY|SPIN COAT PHOTORESIST|SOFT BAKE|ALIGN MASK LEVEL 3|EXPOSE LITHO LEVEL 3|DEVELOP PHOTORESIST|VIA OPENING INSPECTION|VIA ETCH THROUGH DIELECTRIC|STRIP RESIST|CLEAN AFTER VIA ETCH|DEPOSIT BARRIER METAL|DEPOSIT METAL SEED|FILL VIA METAL|CMP VIA FILL|MEASURE VIA RESISTANCE|DEPOSIT TOP METAL|ANNEAL METAL 1|MEASURE METAL THICKNESS|SPIN COAT PHOTORESIST|SOFT BAKE|ALIGN MASK LEVEL 4|METAL PATTERN INSPECTION|HARD BAKE|METAL ETCH|STRIP PHOTORESIST|CLEAN AFTER METAL ETCH|MEASURE LINE WIDTH|DEPOSIT PASSIVATION LAYER|CURE PASSIVATION|MEASURE PASSIVATION THICKNESS|OPEN BOND PAD WINDOW|OPEN PAD WINDOW LITHO|DEVELOP PHOTORESIST|PASSIVATION ETCH|STRIP RESIST|CLEAN PAD OPENING|MEASURE PAD OPENING|BACKSIDE CLEAN|BACKSIDE GRIND|MEASURE THICKNESS|BACKSIDE ETCH CLEAN|BACKSIDE RINSE|BACKSIDE DRY|BACKSIDE METALLIZATION PREP|DEPOSIT BACKSIDE METAL|BACKSIDE ANNEAL|MEASURE BACKSIDE CONTACT|FINAL CLEAN|FINAL THICKNESS MEASURE|FINAL GEOMETRY CHECK|FINAL CD INSPECTION|FINAL PARTICLE INSPECTION|PARAMETRIC TEST|LEAKAGE TEST|THRESHOLD VOLTAGE TEST|SWITCHING TEST|WAFER SORT TEST|YIELD ANALYSIS|LOT RELEASE|SHIP LOT,RULE_ETCH_NO_MASK
forbidden_0139,MOSFET,RECEIVE WAFER LOT|LOT IDENTIFICATION|PRE CLEAN INSPECTION|MEASURE THICKNESS|MEASURE SURFACE PARTICLES|PRE CLEAN WAFER|WET CLEAN RCA1|RCA CLEAN 2|HF DIP|DRY WAFER|SUBSTRATE CHECK|EPITAXY PREP|EPITAXIAL DEPOSITION|MEASURE EPITAXY THICKNESS|MEASURE RESISTIVITY|EPITAXY ANNEAL|WAFER SURFACE CLEAN|THERMAL OXIDATION|MEASURE OXIDE THICKNESS|SPIN COAT PHOTORESIST|SOFT BAKE|ALIGN MASK LEVEL 1|EXPOSE LITHO LEVEL 1|DEVELOP PHOTORESIST|PATTERN INSPECTION LEVEL 1|HARD BAKE|OXIDE ETCH|STRIP PHOTORESIST|CLEAN AFTER ETCH|MEASURE OPENING CD|IMPLANT WELL|DRIVE IN DIFFUSION|RAPID THERMAL ANNEAL|THERMAL OXIDATION|GATE OXIDE PREP|GATE OXIDE GROWTH|MEASURE GATE OXIDE THICKNESS|DEPOSIT POLYSILICON|POLYSILICON ANNEAL|MEASURE POLY THICKNESS|SPIN COAT PHOTORESIST|SOFT BAKE|ALIGN MASK LEVEL 2|EXPOSE LITHO LEVEL 2|POST EXPOSE BAKE|DEVELOP PHOTORESIST|POLY PATTERN INSPECTION|POLYSILICON ETCH|STRIP RESIST|CLEAN AFTER POLY ETCH|MEASURE GATE CD|IMPLANT SOURCE DRAIN|PRE ANNEAL CHECK|LIGHT ANNEAL|MEASURE SHEET RESISTANCE|DEPOSIT SPACER DIELECTRIC|ANISOTROPIC ETCH SPACER|MEASURE SPACER WIDTH|IMPLANT LDD|PRE ANNEAL CHECK|RAPID THERMAL ANNEAL|DEPOSIT INTERLEVEL DIELECTRIC|DENSIFY DIELECTRIC|MEASURE FILM THICKNESS|CMP INTERLAYER DIELECTRIC|MEASURE SURFACE PLANARITY|SPIN COAT PHOTORESIST|SOFT BAKE|ALIGN MASK LEVEL 3|EXPOSE LITHO LEVEL 3|DEVELOP PHOTORESIST|VIA INSPECTION|DIELECTRIC ETCH VIA|STRIP PHOTORESIST|CLEAN AFTER VIA ETCH|MEASURE VIA CD|DEPOSIT BARRIER METAL|DEPOSIT METAL SEED|FILL VIA METAL|CMP VIA FILL|MEASURE VIA RESISTANCE|DEPOSIT TOP METAL|ANNEAL METAL|MEASURE METAL THICKNESS|SPIN COAT PHOTORESIST|SOFT BAKE|ALIGN MASK LEVEL 4|EXPOSE LITHO LEVEL 4|DEVELOP PHOTORESIST|METAL PATTERN INSPECTION|METAL ETCH|STRIP PHOTORESIST|CLEAN AFTER METAL ETCH|DEPOSIT PASSIVATION LAYER|DEPOSIT BACKSIDE METAL|CURE PASSIVATION|MEASURE PASSIVATION QUALITY|OPEN PAD WINDOW|PAD WINDOW LITHO|DEVELOP PHOTORESIST|PASSIVATION ETCH PAD OPENING|STRIP RESIST|CLEAN PAD OPENING|MEASURE PAD OPENING|BACKSIDE CLEAN|BACKSIDE GRIND|MEASURE WAFER THICKNESS|BACKSIDE ETCH CLEAN|BACKSIDE RINSE|BACKSIDE DRY|BACKSIDE METALLIZATION PREP|BACKSIDE ANNEAL|MEASURE BACKSIDE CONTACT|FINAL CLEAN|FINAL THICKNESS MEASURE|FINAL CD INSPECTION|FINAL PARTICLE INSPECTION|PARAMETRIC TEST|LEAKAGE TEST|THRESHOLD VOLTAGE TEST|SWITCHING TEST|WAFER SORT TEST|YIELD ANALYSIS|FINAL LOT RELEASE|SHIP LOT,RULE_BACKSIDE_BEFORE_PASSIVATION
forbidden_0140,MOSFET,RECEIVE WAFER LOT|LOT IDENTIFICATION|PRE CLEAN INSPECTION|MEASURE THICKNESS|MEASURE SURFACE PARTICLES|PRE CLEAN WAFER|BACKSIDE CLEAN|RCA CLEAN 1|RCA CLEAN 2|HF DIP|SUBSTRATE CHECK|EPITAXY PREP|EPITAXIAL DEPOSITION|MEASURE EPITAXY THICKNESS|MEASURE RESISTIVITY|EPITAXY ANNEAL|WAFER SURFACE CLEAN|THERMAL OXIDATION|MEASURE OXIDE THICKNESS|SPIN COAT PHOTORESIST|SOFT BAKE|ALIGN MASK LEVEL 1|EXPOSE LITHO LEVEL 1|DEVELOP PHOTORESIST|PATTERN INSPECTION LEVEL 1|OXIDE ETCH|STRIP PHOTORESIST|CLEAN AFTER ETCH|MEASURE OPENING CD|IMPLANT WELL|PRE ANNEAL CHECK|DRIVE IN DIFFUSION|RAPID THERMAL ANNEAL|MEASURE JUNCTION DEPTH|THERMAL OXIDATION|GATE OXIDE PREP|GATE OXIDE GROWTH|MEASURE GATE OXIDE THICKNESS|DEPOSIT POLYSILICON|POLYSILICON ANNEAL|MEASURE POLY THICKNESS|SPIN COAT PHOTORESIST|SOFT BAKE|ALIGN MASK LEVEL 2|EXPOSE LITHO LEVEL 2|DEVELOP PHOTORESIST|POLY PATTERN INSPECTION|HARD BAKE|POLYSILICON ETCH|STRIP RESIST|CLEAN AFTER POLY ETCH|MEASURE GATE CD|IMPLANT SOURCE DRAIN|PRE ANNEAL CHECK|LIGHT ANNEAL|MEASURE SHEET RESISTANCE|DEPOSIT SPACER DIELECTRIC|ANISOTROPIC ETCH SPACER|MEASURE SPACER WIDTH|IMPLANT LDD|RAPID THERMAL ANNEAL|DEPOSIT INTERLEVEL DIELECTRIC|DENSIFY DIELECTRIC|MEASURE FILM THICKNESS|CMP DIELECTRIC|MEASURE PLANARITY|SPIN COAT PHOTORESIST|SOFT BAKE|ALIGN MASK LEVEL 3|EXPOSE LITHO LEVEL 3|DEVELOP PHOTORESIST|VIA OPENING INSPECTION|VIA ETCH|STRIP RESIST|CLEAN AFTER VIA ETCH|MEASURE VIA CD|DEPOSIT BARRIER METAL|DEPOSIT METAL SEED|FILL VIA METAL|CMP METAL|MEASURE CONTACT RESISTANCE|DEPOSIT METAL 1|ANNEAL METAL 1|SPIN COAT PHOTORESIST|SOFT BAKE|ALIGN MASK LEVEL 4|EXPOSE LITHO LEVEL 4|DEVELOP PHOTORESIST|METAL PATTERN INSPECTION|METAL ETCH|STRIP RESIST|CLEAN AFTER METAL ETCH|MEASURE LINE WIDTH|DEPOSIT PASSIVATION LAYER|DEPOSIT BACKSIDE METAL|CURE PASSIVATION|MEASURE PASSIVATION THICKNESS|OPEN PAD WINDOW|OPEN PAD WINDOW LITHO|DEVELOP PHOTORESIST|PASSIVATION ETCH PAD OPENING|STRIP RESIST|CLEAN PAD OPENING|MEASURE PAD OPENING|BACKSIDE CLEAN|BACKSIDE GRIND|MEASURE WAFER THICKNESS|BACKSIDE ETCH CLEAN|BACKSIDE RINSE|BACKSIDE DRY|BACKSIDE METALLIZATION PREP|BACKSIDE ANNEAL|MEASURE BACKSIDE CONTACT|FINAL CLEAN|FINAL THICKNESS MEASURE|FINAL GEOMETRY CHECK|FINAL CD INSPECTION|PARAMETRIC TEST|LEAKAGE TEST|THRESHOLD VOLTAGE TEST|SWITCHING TEST|WAFER SORT TEST|YIELD ANALYSIS|LOT RELEASE|SHIP LOT,RULE_BACKSIDE_BEFORE_PASSIVATION
forbidden_0141,MOSFET,RECEIVE WAFER LOT|LOT IDENTIFICATION|INITIAL WAFER INSPECTION|MEASURE THICKNESS|MEASURE SURFACE PARTICLES|PRE CLEAN WAFER|BACKSIDE CLEAN|WET CLEAN RCA1|RCA CLEAN 2|HF DIP|SUBSTRATE CHECK|EPITAXY PREP|EPITAXIAL DEPOSITION|MEASURE EPITAXY THICKNESS|MEASURE RESISTIVITY|EPITAXY ANNEAL|WAFER SURFACE CLEAN|THERMAL OXIDATION|MEASURE OXIDE THICKNESS|SPIN COAT PHOTORESIST|SOFT BAKE|ALIGN MASK LEVEL 1|EXPOSE LITHO LEVEL 1|DEVELOP PHOTORESIST|PATTERN INSPECTION LEVEL 1|OXIDE ETCH|STRIP RESIST|CLEAN AFTER ETCH|MEASURE OPENING CD|IMPLANT WELL|PRE ANNEAL CHECK|DRIVE IN DIFFUSION|RAPID THERMAL ANNEAL|MEASURE JUNCTION DEPTH|THERMAL OXIDATION|GATE OXIDE PREP|GATE OXIDE GROWTH|MEASURE GATE OXIDE THICKNESS|DEPOSIT POLYSILICON|POLYSILICON ANNEAL|MEASURE POLY THICKNESS|SPIN COAT PHOTORESIST|SOFT BAKE|ALIGN MASK LEVEL 2|EXPOSE LITHO LEVEL 2|DEVELOP PHOTORESIST|POLY PATTERN INSPECTION|HARD BAKE|POLYSILICON ETCH|STRIP PHOTORESIST|CLEAN AFTER POLY ETCH|MEASURE GATE CD|IMPLANT SOURCE DRAIN|PRE ANNEAL CHECK|LIGHT ANNEAL|MEASURE SHEET RESISTANCE|DEPOSIT SPACER DIELECTRIC|ANISOTROPIC ETCH SPACER|MEASURE SPACER WIDTH|IMPLANT LDD|PRE ANNEAL CHECK|RAPID THERMAL ANNEAL|MEASURE JUNCTION PROFILE|DENSIFY DIELECTRIC|MEASURE FILM THICKNESS|CMP DIELECTRIC|MEASURE PLANARITY|SPIN COAT PHOTORESIST|SOFT BAKE|ALIGN MASK LEVEL 3|EXPOSE LITHO LEVEL 3|POST EXPOSE BAKE|DEVELOP PHOTORESIST|VIA INSPECTION|HARD BAKE|VIA ETCH|STRIP RESIST|CLEAN AFTER VIA ETCH|MEASURE VIA CD|DEPOSIT BARRIER METAL|DEPOSIT METAL SEED|FILL VIA METAL|CMP METAL|DEPOSIT METAL 1|ANNEAL METAL|MEASURE METAL THICKNESS|SPIN COAT PHOTORESIST|SOFT BAKE|ALIGN MASK LEVEL 4|EXPOSE LITHO LEVEL 4|DEVELOP PHOTORESIST|METAL PATTERN INSPECTION|METAL ETCH|STRIP PHOTORESIST|CLEAN AFTER METAL ETCH|MEASURE LINE WIDTH|DEPOSIT PASSIVATION LAYER|CURE PASSIVATION|MEASURE PASSIVATION THICKNESS|OPEN PAD WINDOW|PAD WINDOW LITHO|DEVELOP PHOTORESIST|PASSIVATION ETCH PAD OPENING|STRIP PHOTORESIST|CLEAN PAD OPENING|MEASURE PAD OPENING|BACKSIDE CLEAN|BACKSIDE GRIND|MEASURE THICKNESS|BACKSIDE ETCH CLEAN|BACKSIDE RINSE|BACKSIDE DRY|BACKSIDE METALLIZATION PREP|DEPOSIT BACKSIDE METAL|BACKSIDE ANNEAL|MEASURE BACKSIDE CONTACT|FINAL CLEAN|FINAL GEOMETRY CHECK|FINAL CD INSPECTION|FINAL PARTICLE INSPECTION|PARAMETRIC TEST|LEAKAGE TEST|THRESHOLD VOLTAGE TEST|SWITCHING TEST|WAFER SORT TEST|YIELD ANALYSIS|FINAL LOT RELEASE|SHIP LOT,RULE_CMP_NO_DEP
forbidden_0142,MOSFET,RECEIVE WAFER LOT|LOT IDENTIFICATION|INITIAL WAFER INSPECTION|PRE CLEAN WAFER|WET CLEAN RCA1|WET CLEAN RCA2|HF DIP|DRY WAFER|SUBSTRATE CHECK|EPITAXY PREP|EPITAXIAL DEPOSITION|MEASURE EPITAXY THICKNESS|MEASURE RESISTIVITY|EPITAXY ANNEAL|WAFER SURFACE CLEAN|THERMAL OXIDATION|MEASURE OXIDE THICKNESS|SPIN COAT PHOTORESIST|SOFT BAKE|ALIGN MASK LEVEL 1|EXPOSE LITHO LEVEL 1|DEVELOP PHOTORESIST|PATTERN INSPECTION LEVEL 1|OXIDE ETCH|STRIP RESIST|CLEAN AFTER ETCH|MEASURE OPENING CD|IMPLANT WELL|PRE ANNEAL CHECK|DRIVE IN DIFFUSION|RAPID THERMAL ANNEAL|MEASURE JUNCTION DEPTH|THERMAL OXIDATION|GATE OXIDE PREP|GATE OXIDE GROWTH|MEASURE GATE OXIDE THICKNESS|DEPOSIT POLYSILICON|POLYSILICON ANNEAL|MEASURE POLY THICKNESS|SPIN COAT PHOTORESIST|SOFT BAKE|ALIGN MASK LEVEL 2|EXPOSE LITHO LEVEL 2|POST EXPOSE BAKE|DEVELOP PHOTORESIST|POLY PATTERN INSPECTION|POLYSILICON ETCH|STRIP PHOTORESIST|CLEAN AFTER POLY ETCH|IMPLANT SOURCE DRAIN|PRE ANNEAL CHECK|LIGHT ANNEAL|DEPOSIT SPACER DIELECTRIC|ANISOTROPIC ETCH SPACER|IMPLANT LDD|RAPID THERMAL ANNEAL|DEPOSIT INTERLEVEL DIELECTRIC|DENSIFY OXIDE|MEASURE DIELECTRIC THICKNESS|CMP INTERLAYER DIELECTRIC|MEASURE PLANARITY|SPIN COAT PHOTORESIST|SOFT BAKE|ALIGN MASK LEVEL 3|EXPOSE LITHO LEVEL 3|DEVELOP PHOTORESIST|VIA OPENING INSPECTION|VIA ETCH|STRIP RESIST|CLEAN AFTER VIA ETCH|MEASURE VIA CD|DEPOSIT BARRIER METAL|DEPOSIT METAL SEED|FILL VIA METAL|CMP VIA FILL|MEASURE VIA RESISTANCE|DEPOSIT TOP METAL|ANNEAL METAL 1|MEASURE METAL THICKNESS|SPIN COAT PHOTORESIST|SOFT BAKE|ALIGN MASK LEVEL 4|EXPOSE LITHO LEVEL 4|METAL PATTERN INSPECTION|METAL ETCH|STRIP PHOTORESIST|CLEAN AFTER METAL ETCH|MEASURE LINE WIDTH|DEPOSIT PASSIVATION|CURE PASSIVATION|MEASURE PASSIVATION QUALITY|OPEN PAD WINDOW|OPEN PAD WINDOW LITHO|PASSIVATION ETCH|STRIP PHOTORESIST|CLEAN PAD OPENING|MEASURE PAD OPENING|BACKSIDE CLEAN|BACKSIDE GRIND|MEASURE THICKNESS|BACKSIDE ETCH CLEAN|BACKSIDE RINSE|BACKSIDE DRY|BACKSIDE METALLIZATION PREP|DEPOSIT BACKSIDE METAL|BACKSIDE ANNEAL|MEASURE BACKSIDE CONTACT|FINAL CLEAN|FINAL CD INSPECTION|ELECTRICAL PARAMETRIC TEST|LEAKAGE TEST|THRESHOLD VOLTAGE TEST|SWITCHING TEST|WAFER SORT TEST|YIELD ANALYSIS|LOT RELEASE|SHIP LOT,RULE_ETCH_NO_MASK
forbidden_0143,MOSFET,RECEIVE WAFER LOT|LOT IDENTIFICATION|INITIAL WAFER INSPECTION|MEASURE SURFACE PARTICLES|PRE CLEAN WAFER|RCA CLEAN 1|WET CLEAN RCA2|HF DIP|DRY WAFER|SUBSTRATE CHECK|EPITAXY PREP|EPITAXIAL DEPOSITION|MEASURE EPITAXY THICKNESS|MEASURE RESISTIVITY|EPITAXY ANNEAL|WAFER SURFACE CLEAN|THERMAL OXIDATION|MEASURE OXIDE THICKNESS|SPIN COAT PHOTORESIST|SOFT BAKE|ALIGN MASK LEVEL 1|EXPOSE LITHO LEVEL 1|DEVELOP PHOTORESIST|PATTERN INSPECTION LEVEL 1|OXIDE ETCH|STRIP PHOTORESIST|CLEAN AFTER ETCH|MEASURE OPENING CD|IMPLANT WELL|PRE ANNEAL CHECK|DRIVE IN DIFFUSION|RAPID THERMAL ANNEAL|MEASURE JUNCTION DEPTH|THERMAL OXIDATION|GATE OXIDE PREP|GATE OXIDE GROWTH|MEASURE GATE OXIDE THICKNESS|DEPOSIT POLYSILICON|POLYSILICON ANNEAL|SPIN COAT PHOTORESIST|SOFT BAKE|ALIGN MASK LEVEL 2|EXPOSE LITHO LEVEL 2|DEVELOP PHOTORESIST|POLY PATTERN INSPECTION|POLYSILICON ETCH|STRIP PHOTORESIST|CLEAN AFTER POLY ETCH|IMPLANT SOURCE DRAIN|LIGHT ANNEAL|MEASURE SHEET RESISTANCE|DEPOSIT SPACER DIELECTRIC|ANISOTROPIC ETCH SPACER|MEASURE SPACER WIDTH|IMPLANT LDD|RAPID THERMAL ANNEAL|DEPOSIT INTERLEVEL DIELECTRIC|DENSIFY DIELECTRIC|MEASURE FILM THICKNESS|CMP INTERLAYER DIELECTRIC|MEASURE SURFACE PLANARITY|SPIN COAT PHOTORESIST|SOFT BAKE|ALIGN MASK LEVEL 3|EXPOSE LITHO LEVEL 3|POST EXPOSE BAKE|DEVELOP PHOTORESIST|VIA OPENING INSPECTION|VIA ETCH|STRIP RESIST|CLEAN AFTER VIA ETCH|MEASURE VIA CD|CMP METAL|MEASURE CONTACT RESISTANCE|DEPOSIT TOP METAL|ANNEAL METAL|MEASURE METAL THICKNESS|SPIN COAT PHOTORESIST|SOFT BAKE|ALIGN MASK LEVEL 4|EXPOSE LITHO LEVEL 4|DEVELOP PHOTORESIST|METAL PATTERN INSPECTION|METAL ETCH|STRIP PHOTORESIST|CLEAN AFTER METAL ETCH|MEASURE LINE WIDTH|DEPOSIT PASSIVATION LAYER|CURE PASSIVATION|MEASURE PASSIVATION THICKNESS|OPEN PAD WINDOW|PAD WINDOW LITHO|DEVELOP PHOTORESIST|PASSIVATION ETCH|STRIP RESIST|CLEAN PAD OPENING|MEASURE PAD OPENING|BACKSIDE CLEAN|BACKSIDE GRIND|MEASURE WAFER THICKNESS|BACKSIDE ETCH CLEAN|BACKSIDE RINSE|BACKSIDE DRY|BACKSIDE METALLIZATION PREP|DEPOSIT BACKSIDE METAL|BACKSIDE ANNEAL|MEASURE BACKSIDE CONTACT|FINAL CLEAN|FINAL THICKNESS MEASURE|FINAL GEOMETRY CHECK|FINAL CD INSPECTION|FINAL PARTICLE INSPECTION|PARAMETRIC TEST|LEAKAGE TEST|THRESHOLD VOLTAGE TEST|SWITCHING TEST|WAFER SORT TEST|YIELD ANALYSIS|FINAL LOT RELEASE|SHIP LOT,RULE_CMP_NO_DEP
forbidden_0144,MOSFET,RECEIVE WAFER LOT|LOT IDENTIFICATION|PRE CLEAN INSPECTION|MEASURE THICKNESS|MEASURE SURFACE PARTICLES|PRE CLEAN WAFER|WET CLEAN RCA1|WET CLEAN RCA2|HF DIP|SUBSTRATE CHECK|EPITAXY PREP|EPITAXIAL DEPOSITION|MEASURE EPITAXY THICKNESS|MEASURE RESISTIVITY|EPITAXY ANNEAL|WAFER SURFACE CLEAN|THERMAL OXIDATION|MEASURE OXIDE THICKNESS|SPIN COAT PHOTORESIST|SOFT BAKE|ALIGN MASK LEVEL 1|EXPOSE LITHO LEVEL 1|DEVELOP PHOTORESIST|PATTERN INSPECTION LEVEL 1|OXIDE ETCH|STRIP PHOTORESIST|CLEAN AFTER ETCH|MEASURE OPENING CD|IMPLANT WELL|PRE ANNEAL CHECK|DRIVE IN DIFFUSION|RAPID THERMAL ANNEAL|MEASURE JUNCTION DEPTH|THERMAL OXIDATION|GATE OXIDE PREP|GATE OXIDE GROWTH|MEASURE GATE OXIDE THICKNESS|DEPOSIT POLYSILICON|POLYSILICON ANNEAL|MEASURE POLY THICKNESS|SPIN COAT PHOTORESIST|SOFT BAKE|ALIGN MASK LEVEL 2|EXPOSE LITHO LEVEL 2|DEVELOP PHOTORESIST|POLY PATTERN INSPECTION|POLYSILICON ETCH|STRIP PHOTORESIST|CLEAN AFTER POLY ETCH|MEASURE GATE CD|IMPLANT SOURCE DRAIN|PRE ANNEAL CHECK|LIGHT ANNEAL|MEASURE SHEET RESISTANCE|DEPOSIT SPACER DIELECTRIC|ANISOTROPIC ETCH SPACER|IMPLANT LDD|RAPID THERMAL ANNEAL|MEASURE JUNCTION PROFILE|DEPOSIT INTERLAYER DIELECTRIC|DENSIFY OXIDE|MEASURE FILM THICKNESS|CMP DIELECTRIC|MEASURE PLANARITY|SPIN COAT PHOTORESIST|SOFT BAKE|ALIGN MASK LEVEL 3|EXPOSE LITHO LEVEL 3|DEVELOP PHOTORESIST|VIA INSPECTION|VIA ETCH|STRIP RESIST|MEASURE VIA CD|DEPOSIT BARRIER METAL|DEPOSIT METAL SEED|FILL VIA METAL|CMP VIA FILL|DEPOSIT TOP METAL|ANNEAL METAL|SPIN COAT PHOTORESIST|SOFT BAKE|ALIGN MASK LEVEL 4|EXPOSE LITHO LEVEL 4|POST EXPOSE BAKE|DEVELOP PHOTORESIST|METAL PATTERN INSPECTION|METAL ETCH|STRIP RESIST|CLEAN AFTER METAL ETCH|MEASURE LINE WIDTH|DEPOSIT PASSIVATION|CURE PASSIVATION|MEASURE PASSIVATION THICKNESS|OPEN BOND PAD WINDOW|PAD WINDOW LITHO|DEVELOP PAD WINDOW|PASSIVATION ETCH|STRIP RESIST|CLEAN PAD OPENING|MEASURE PAD OPENING|BACKSIDE CLEAN|BACKSIDE GRIND|MEASURE THICKNESS|BACKSIDE ETCH CLEAN|BACKSIDE RINSE|BACKSIDE DRY|BACKSIDE METALLIZATION PREP|DEPOSIT BACKSIDE METAL|BACKSIDE ANNEAL|MEASURE BACKSIDE CONTACT|FINAL CLEAN|FINAL GEOMETRY CHECK|FINAL CD INSPECTION|FINAL PARTICLE INSPECTION|PARAMETRIC TEST|LEAKAGE TEST|THRESHOLD VOLTAGE TEST|SWITCHING TEST|WAFER SORT TEST|YIELD ANALYSIS|FINAL LOT RELEASE|SHIP LOT,RULE_DEP_NO_CLEAN
forbidden_0145,MOSFET,RECEIVE WAFER LOT|LOT IDENTIFICATION|PRE CLEAN INSPECTION|MEASURE THICKNESS|MEASURE SURFACE PARTICLES|PRE CLEAN WAFER|WET CLEAN RCA1|RCA CLEAN 2|HF DIP|SUBSTRATE CHECK|EPITAXY PREP|EPITAXIAL DEPOSITION|MEASURE EPITAXY THICKNESS|MEASURE RESISTIVITY|EPITAXY ANNEAL|WAFER SURFACE CLEAN|THERMAL OXIDATION|MEASURE OXIDE THICKNESS|SPIN COAT PHOTORESIST|SOFT BAKE|ALIGN MASK LEVEL 1|EXPOSE LITHO LEVEL 1|DEVELOP PHOTORESIST|PATTERN INSPECTION LEVEL 1|HARD BAKE|OXIDE ETCH|STRIP PHOTORESIST|CLEAN AFTER ETCH|MEASURE OPENING CD|IMPLANT WELL|DRIVE IN DIFFUSION|RAPID THERMAL ANNEAL|MEASURE JUNCTION DEPTH|THERMAL OXIDATION|GATE OXIDE PREP|GATE OXIDE GROWTH|MEASURE GATE OXIDE THICKNESS|DEPOSIT POLYSILICON|POLYSILICON ANNEAL|SPIN COAT PHOTORESIST|SOFT BAKE|ALIGN MASK LEVEL 2|EXPOSE LITHO LEVEL 2|POST EXPOSE BAKE|DEVELOP PHOTORESIST|POLY PATTERN INSPECTION|POLYSILICON ETCH|STRIP PHOTORESIST|CLEAN AFTER POLY ETCH|MEASURE GATE CD|IMPLANT SOURCE DRAIN|LIGHT ANNEAL|MEASURE SHEET RESISTANCE|DEPOSIT SPACER DIELECTRIC|ANISOTROPIC ETCH SPACER|IMPLANT LDD|PRE ANNEAL CHECK|RAPID THERMAL ANNEAL|MEASURE JUNCTION PROFILE|DEPOSIT INTERLEVEL DIELECTRIC|DENSIFY DIELECTRIC|MEASURE DIELECTRIC THICKNESS|CMP DIELECTRIC|MEASURE PLANARITY|SPIN COAT PHOTORESIST|SOFT BAKE|ALIGN MASK LEVEL 3|EXPOSE LITHO LEVEL 3|DEVELOP PHOTORESIST|VIA INSPECTION|VIA ETCH THROUGH DIELECTRIC|STRIP PHOTORESIST|MEASURE VIA CD|DEPOSIT BARRIER METAL|DEPOSIT METAL SEED|FILL VIA METAL|CMP VIA FILL|MEASURE VIA RESISTANCE|DEPOSIT METAL 1|ANNEAL METAL|MEASURE METAL THICKNESS|SPIN COAT PHOTORESIST|SOFT BAKE|ALIGN MASK LEVEL 4|EXPOSE LITHO LEVEL 4|DEVELOP PHOTORESIST|METAL PATTERN INSPECTION|METAL ETCH|STRIP PHOTORESIST|CLEAN AFTER METAL ETCH|MEASURE LINE WIDTH|DEPOSIT PASSIVATION|CURE PASSIVATION|MEASURE PASSIVATION THICKNESS|OPEN PAD WINDOW|PAD WINDOW LITHO|DEVELOP PHOTORESIST|PASSIVATION ETCH|STRIP PHOTORESIST|CLEAN PAD OPENING|MEASURE PAD OPENING|BACKSIDE CLEAN|BACKSIDE GRIND|MEASURE WAFER THICKNESS|BACKSIDE ETCH CLEAN|BACKSIDE RINSE|BACKSIDE DRY|BACKSIDE METALLIZATION PREP|DEPOSIT BACKSIDE METAL|BACKSIDE ANNEAL|MEASURE BACKSIDE CONTACT|FINAL CLEAN|FINAL THICKNESS MEASURE|FINAL GEOMETRY CHECK|FINAL CD INSPECTION|ELECTRICAL PARAMETRIC TEST|LEAKAGE TEST|THRESHOLD VOLTAGE TEST|SWITCHING TEST|WAFER SORT TEST|YIELD ANALYSIS|FINAL LOT RELEASE|SHIP LOT,RULE_DEP_NO_CLEAN
forbidden_0146,MOSFET,RECEIVE WAFER LOT|LOT IDENTIFICATION|PRE CLEAN INSPECTION|MEASURE THICKNESS|PRE CLEAN WAFER|FRONTSIDE CLEAN|RCA CLEAN 1|WET CLEAN RCA2|HF DIP|DRY WAFER|SUBSTRATE CHECK|EPITAXY PREP|EPITAXIAL DEPOSITION|MEASURE EPITAXY THICKNESS|MEASURE RESISTIVITY|EPITAXY ANNEAL|WAFER SURFACE CLEAN|THERMAL OXIDATION|MEASURE OXIDE THICKNESS|SPIN COAT PHOTORESIST|SOFT BAKE|ALIGN MASK LEVEL 1|EXPOSE LITHO LEVEL 1|DEVELOP PHOTORESIST|PATTERN INSPECTION LEVEL 1|OXIDE ETCH|STRIP PHOTORESIST|CLEAN AFTER ETCH|IMPLANT WELL|PRE ANNEAL CHECK|DRIVE IN DIFFUSION|RAPID THERMAL ANNEAL|MEASURE JUNCTION DEPTH|THERMAL OXIDATION|GATE OXIDE PREP|GATE OXIDE GROWTH|MEASURE GATE OXIDE THICKNESS|DEPOSIT POLYSILICON|POLYSILICON ANNEAL|MEASURE POLY THICKNESS|SPIN COAT PHOTORESIST|SOFT BAKE|ALIGN MASK LEVEL 2|EXPOSE LITHO LEVEL 2|DEVELOP PHOTORESIST|POLY PATTERN INSPECTION|POLYSILICON ETCH|STRIP PHOTORESIST|CLEAN AFTER POLY ETCH|MEASURE GATE CD|IMPLANT SOURCE DRAIN|LIGHT ANNEAL|DEPOSIT SPACER DIELECTRIC|ANISOTROPIC ETCH SPACER|IMPLANT LDD|RAPID THERMAL ANNEAL|DEPOSIT INTERLEVEL DIELECTRIC|DENSIFY DIELECTRIC|MEASURE DIELECTRIC THICKNESS|CMP DIELECTRIC|MEASURE SURFACE PLANARITY|SPIN COAT PHOTORESIST|SOFT BAKE|ALIGN MASK LEVEL 3|EXPOSE LITHO LEVEL 3|DEVELOP PHOTORESIST|VIA OPENING INSPECTION|VIA ETCH THROUGH DIELECTRIC|STRIP PHOTORESIST|CLEAN AFTER VIA ETCH|DEPOSIT BARRIER METAL|DEPOSIT METAL SEED|FILL VIA METAL|CMP METAL|MEASURE CONTACT RESISTANCE|DEPOSIT METAL 1|ANNEAL METAL 1|SPIN COAT PHOTORESIST|SOFT BAKE|ALIGN MASK LEVEL 4|EXPOSE LITHO LEVEL 4|DEVELOP PHOTORESIST|METAL PATTERN INSPECTION|METAL ETCH|STRIP PHOTORESIST|CLEAN AFTER METAL ETCH|MEASURE LINE WIDTH|DEPOSIT PASSIVATION|CURE PASSIVATION|MEASURE PASSIVATION QUALITY|OPEN BOND PAD WINDOW|PAD WINDOW LITHO|DEVELOP PAD WINDOW|PASSIVATION ETCH|STRIP PHOTORESIST|CLEAN PAD OPENING|MEASURE PAD OPENING|BACKSIDE CLEAN|BACKSIDE GRIND|MEASURE WAFER THICKNESS|BACKSIDE ETCH CLEAN|BACKSIDE RINSE|BACKSIDE DRY|BACKSIDE METALLIZATION PREP|DEPOSIT BACKSIDE METAL|BACKSIDE ANNEAL|MEASURE BACKSIDE CONTACT|FINAL CLEAN|FINAL THICKNESS MEASURE|FINAL GEOMETRY CHECK|FINAL CD INSPECTION|FINAL PARTICLE INSPECTION|ELECTRICAL PARAMETRIC TEST|LEAKAGE TEST|THRESHOLD VOLTAGE TEST|SWITCHING TEST|SHIP LOT|WAFER SORT TEST|YIELD ANALYSIS|LOT RELEASE,RULE_SHIP_BEFORE_TEST
forbidden_0147,MOSFET,RECEIVE WAFER LOT|LOT IDENTIFICATION|INITIAL WAFER INSPECTION|MEASURE THICKNESS|MEASURE SURFACE PARTICLES|PRE CLEAN WAFER|WET CLEAN RCA1|RCA CLEAN 2|HF DIP|DRY WAFER|SUBSTRATE CHECK|EPITAXY PREP|EPITAXIAL DEPOSITION|MEASURE EPITAXY THICKNESS|MEASURE RESISTIVITY|EPITAXY ANNEAL|WAFER SURFACE CLEAN|THERMAL OXIDATION|MEASURE OXIDE THICKNESS|SPIN COAT PHOTORESIST|SOFT BAKE|ALIGN MASK LEVEL 1|EXPOSE LITHO LEVEL 1|DEVELOP PHOTORESIST|PATTERN INSPECTION LEVEL 1|HARD BAKE|OXIDE ETCH|STRIP RESIST|CLEAN AFTER ETCH|MEASURE OPENING CD|IMPLANT WELL|PRE ANNEAL CHECK|DRIVE IN DIFFUSION|RAPID THERMAL ANNEAL|THERMAL OXIDATION|GATE OXIDE PREP|GATE OXIDE GROWTH|MEASURE GATE OXIDE THICKNESS|DEPOSIT POLYSILICON|POLYSILICON ANNEAL|MEASURE POLY THICKNESS|SPIN COAT PHOTORESIST|SOFT BAKE|ALIGN MASK LEVEL 2|EXPOSE LITHO LEVEL 2|DEVELOP PHOTORESIST|POLY PATTERN INSPECTION|HARD BAKE|POLYSILICON ETCH|STRIP PHOTORESIST|CLEAN AFTER POLY ETCH|MEASURE GATE CD|IMPLANT SOURCE DRAIN|PRE ANNEAL CHECK|LIGHT ANNEAL|MEASURE SHEET RESISTANCE|DEPOSIT SPACER DIELECTRIC|ANISOTROPIC ETCH SPACER|MEASURE SPACER WIDTH|IMPLANT LDD|PRE ANNEAL CHECK|RAPID THERMAL ANNEAL|DEPOSIT INTERLEVEL DIELECTRIC|DENSIFY DIELECTRIC|MEASURE DIELECTRIC THICKNESS|CMP DIELECTRIC|MEASURE SURFACE PLANARITY|SPIN COAT PHOTORESIST|SOFT BAKE|ALIGN MASK LEVEL 3|EXPOSE LITHO LEVEL 3|POST EXPOSE BAKE|DEVELOP PHOTORESIST|VIA INSPECTION|HARD BAKE|VIA ETCH|STRIP PHOTORESIST|DEPOSIT BARRIER METAL|DEPOSIT METAL SEED|FILL VIA METAL|CMP VIA FILL|DEPOSIT TOP METAL|ANNEAL METAL|MEASURE METAL THICKNESS|SPIN COAT PHOTORESIST|SOFT BAKE|ALIGN MASK LEVEL 4|EXPOSE LITHO LEVEL 4|DEVELOP PHOTORESIST|METAL PATTERN INSPECTION|METAL ETCH|STRIP RESIST|CLEAN AFTER METAL ETCH|MEASURE LINE WIDTH|DEPOSIT PASSIVATION|CURE PASSIVATION|MEASURE PASSIVATION THICKNESS|OPEN BOND PAD WINDOW|OPEN PAD WINDOW LITHO|DEVELOP PHOTORESIST|PASSIVATION ETCH|STRIP RESIST|CLEAN PAD OPENING|MEASURE PAD OPENING|BACKSIDE CLEAN|BACKSIDE GRIND|MEASURE THICKNESS|BACKSIDE ETCH CLEAN|BACKSIDE RINSE|BACKSIDE DRY|BACKSIDE METALLIZATION PREP|DEPOSIT BACKSIDE METAL|BACKSIDE ANNEAL|MEASURE BACKSIDE CONTACT|FINAL CLEAN|FINAL THICKNESS MEASURE|PARAMETRIC TEST|LEAKAGE TEST|THRESHOLD VOLTAGE TEST|SWITCHING TEST|WAFER SORT TEST|YIELD ANALYSIS|FINAL LOT RELEASE|SHIP LOT,RULE_DEP_NO_CLEAN
forbidden_0148,MOSFET,RECEIVE WAFER LOT|LOT IDENTIFICATION|INITIAL WAFER INSPECTION|MEASURE THICKNESS|PRE CLEAN WAFER|BACKSIDE CLEAN|WET CLEAN RCA1|WET CLEAN RCA2|HF DIP|SUBSTRATE CHECK|EPITAXY PREP|EPITAXIAL DEPOSITION|MEASURE EPITAXY THICKNESS|MEASURE RESISTIVITY|EPITAXY ANNEAL|WAFER SURFACE CLEAN|THERMAL OXIDATION|MEASURE OXIDE THICKNESS|SPIN COAT PHOTORESIST|SOFT BAKE|ALIGN MASK LEVEL 2|ALIGN MASK LEVEL 1|EXPOSE LITHO LEVEL 1|DEVELOP PHOTORESIST|PATTERN INSPECTION LEVEL 1|OXIDE ETCH|STRIP PHOTORESIST|CLEAN AFTER ETCH|MEASURE OPENING CD|IMPLANT WELL|PRE ANNEAL CHECK|DRIVE IN DIFFUSION|RAPID THERMAL ANNEAL|MEASURE JUNCTION DEPTH|THERMAL OXIDATION|GATE OXIDE PREP|GATE OXIDE GROWTH|MEASURE GATE OXIDE THICKNESS|DEPOSIT POLYSILICON|POLYSILICON ANNEAL|MEASURE POLY THICKNESS|SPIN COAT PHOTORESIST|SOFT BAKE|EXPOSE LITHO LEVEL 2|DEVELOP PHOTORESIST|POLY PATTERN INSPECTION|POLYSILICON ETCH|STRIP PHOTORESIST|CLEAN AFTER POLY ETCH|MEASURE GATE CD|IMPLANT SOURCE DRAIN|LIGHT ANNEAL|MEASURE SHEET RESISTANCE|DEPOSIT SPACER DIELECTRIC|ANISOTROPIC ETCH SPACER|MEASURE SPACER WIDTH|IMPLANT LDD|PRE ANNEAL CHECK|RAPID THERMAL ANNEAL|MEASURE JUNCTION PROFILE|DEPOSIT INTERLEVEL DIELECTRIC|DENSIFY DIELECTRIC|MEASURE DIELECTRIC THICKNESS|CMP INTERLAYER DIELECTRIC|MEASURE PLANARITY|SPIN COAT PHOTORESIST|SOFT BAKE|ALIGN MASK LEVEL 3|EXPOSE LITHO LEVEL 3|DEVELOP PHOTORESIST|VIA OPENING INSPECTION|HARD BAKE|DIELECTRIC ETCH VIA|STRIP RESIST|CLEAN AFTER VIA ETCH|MEASURE VIA CD|DEPOSIT BARRIER METAL|DEPOSIT METAL SEED|FILL VIA METAL|CMP VIA FILL|DEPOSIT TOP METAL|ANNEAL METAL|SPIN COAT PHOTORESIST|SOFT BAKE|ALIGN MASK LEVEL 4|EXPOSE LITHO LEVEL 4|POST EXPOSE BAKE|DEVELOP PHOTORESIST|METAL PATTERN INSPECTION|HARD BAKE|METAL ETCH|STRIP RESIST|CLEAN AFTER METAL ETCH|DEPOSIT PASSIVATION|CURE PASSIVATION|MEASURE PASSIVATION QUALITY|OPEN PAD WINDOW|PAD WINDOW LITHO|DEVELOP PAD WINDOW|PASSIVATION ETCH PAD OPENING|STRIP RESIST|CLEAN PAD OPENING|MEASURE PAD OPENING|BACKSIDE CLEAN|BACKSIDE GRIND|MEASURE WAFER THICKNESS|BACKSIDE ETCH CLEAN|BACKSIDE RINSE|BACKSIDE DRY|BACKSIDE METALLIZATION PREP|DEPOSIT BACKSIDE METAL|BACKSIDE ANNEAL|MEASURE BACKSIDE CONTACT|FINAL CLEAN|FINAL THICKNESS MEASURE|FINAL GEOMETRY CHECK|FINAL CD INSPECTION|FINAL PARTICLE INSPECTION|PARAMETRIC TEST|LEAKAGE TEST|THRESHOLD VOLTAGE TEST|SWITCHING TEST|WAFER SORT TEST|YIELD ANALYSIS|LOT RELEASE|SHIP LOT,RULE_LITHO_LEVEL_SKIP
forbidden_0149,MOSFET,RECEIVE WAFER LOT|LOT IDENTIFICATION|INITIAL WAFER INSPECTION|MEASURE THICKNESS|MEASURE SURFACE PARTICLES|PRE CLEAN WAFER|FRONTSIDE CLEAN|WET CLEAN RCA1|WET CLEAN RCA2|HF DIP|DRY WAFER|SUBSTRATE CHECK|EPITAXY PREP|EPITAXIAL DEPOSITION|MEASURE EPITAXY THICKNESS|MEASURE RESISTIVITY|EPITAXY ANNEAL|WAFER SURFACE CLEAN|THERMAL OXIDATION|MEASURE OXIDE THICKNESS|SPIN COAT PHOTORESIST|SOFT BAKE|ALIGN MASK LEVEL 1|EXPOSE LITHO LEVEL 1|POST EXPOSE BAKE|DEVELOP PHOTORESIST|PATTERN INSPECTION LEVEL 1|OXIDE ETCH|STRIP RESIST|CLEAN AFTER ETCH|MEASURE OPENING CD|IMPLANT WELL|PRE ANNEAL CHECK|DRIVE IN DIFFUSION|RAPID THERMAL ANNEAL|THERMAL OXIDATION|GATE OXIDE PREP|GATE OXIDE GROWTH|MEASURE GATE OXIDE THICKNESS|DEPOSIT POLYSILICON|POLYSILICON ANNEAL|MEASURE POLY THICKNESS|SPIN COAT PHOTORESIST|SOFT BAKE|ALIGN MASK LEVEL 2|EXPOSE LITHO LEVEL 2|DEVELOP PHOTORESIST|POLY PATTERN INSPECTION|POLYSILICON ETCH|STRIP PHOTORESIST|CLEAN AFTER POLY ETCH|MEASURE GATE CD|IMPLANT SOURCE DRAIN|PRE ANNEAL CHECK|LIGHT ANNEAL|MEASURE SHEET RESISTANCE|DEPOSIT SPACER DIELECTRIC|ANISOTROPIC ETCH SPACER|MEASURE SPACER WIDTH|IMPLANT LDD|RAPID THERMAL ANNEAL|DEPOSIT INTERLEVEL DIELECTRIC|DENSIFY OXIDE|MEASURE FILM THICKNESS|CMP DIELECTRIC|MEASURE SURFACE PLANARITY|SPIN COAT PHOTORESIST|SOFT BAKE|ALIGN MASK LEVEL 3|EXPOSE LITHO LEVEL 3|DEVELOP PHOTORESIST|VIA OPENING INSPECTION|DIELECTRIC ETCH VIA|STRIP RESIST|DEPOSIT BARRIER METAL|DEPOSIT METAL SEED|FILL VIA METAL|CMP VIA FILL|MEASURE CONTACT RESISTANCE|DEPOSIT TOP METAL|ANNEAL METAL|SPIN COAT PHOTORESIST|SOFT BAKE|ALIGN MASK LEVEL 4|EXPOSE LITHO LEVEL 4|POST EXPOSE BAKE|DEVELOP PHOTORESIST|METAL PATTERN INSPECTION|METAL ETCH|STRIP RESIST|CLEAN AFTER METAL ETCH|MEASURE LINE WIDTH|DEPOSIT PASSIVATION LAYER|CURE PASSIVATION|MEASURE PASSIVATION THICKNESS|OPEN PAD WINDOW|OPEN PAD WINDOW LITHO|DEVELOP PHOTORESIST|PASSIVATION ETCH|STRIP PHOTORESIST|CLEAN PAD OPENING|MEASURE PAD OPENING|BACKSIDE CLEAN|BACKSIDE GRIND|MEASURE THICKNESS|BACKSIDE ETCH CLEAN|BACKSIDE RINSE|BACKSIDE DRY|BACKSIDE METALLIZATION PREP|DEPOSIT BACKSIDE METAL|BACKSIDE ANNEAL|MEASURE BACKSIDE CONTACT|FINAL CLEAN|FINAL THICKNESS MEASURE|FINAL GEOMETRY CHECK|ELECTRICAL PARAMETRIC TEST|LEAKAGE TEST|THRESHOLD VOLTAGE TEST|SWITCHING TEST|WAFER SORT TEST|YIELD ANALYSIS|LOT RELEASE|SHIP LOT,RULE_DEP_NO_CLEAN
forbidden_0150,MOSFET,RECEIVE WAFER LOT|LOT IDENTIFICATION|INITIAL WAFER INSPECTION|MEASURE THICKNESS|MEASURE SURFACE PARTICLES|PRE CLEAN WAFER|WET CLEAN RCA1|WET CLEAN RCA2|HF DIP|SUBSTRATE CHECK|EPITAXY PREP|EPITAXIAL DEPOSITION|MEASURE EPITAXY THICKNESS|MEASURE RESISTIVITY|EPITAXY ANNEAL|WAFER SURFACE CLEAN|THERMAL OXIDATION|MEASURE OXIDE THICKNESS|SPIN COAT PHOTORESIST|SOFT BAKE|ALIGN MASK LEVEL 1|EXPOSE LITHO LEVEL 1|POST EXPOSE BAKE|DEVELOP PHOTORESIST|PATTERN INSPECTION LEVEL 1|HARD BAKE|OXIDE ETCH|STRIP RESIST|CLEAN AFTER ETCH|MEASURE OPENING CD|IMPLANT WELL|PRE ANNEAL CHECK|DRIVE IN DIFFUSION|RAPID THERMAL ANNEAL|MEASURE JUNCTION DEPTH|THERMAL OXIDATION|GATE OXIDE PREP|GATE OXIDE GROWTH|MEASURE GATE OXIDE THICKNESS|DEPOSIT POLYSILICON|POLYSILICON ANNEAL|MEASURE POLY THICKNESS|SPIN COAT PHOTORESIST|SOFT BAKE|ALIGN MASK LEVEL 2|EXPOSE LITHO LEVEL 2|POST EXPOSE BAKE|DEVELOP PHOTORESIST|POLY PATTERN INSPECTION|POLYSILICON ETCH|STRIP RESIST|CLEAN AFTER POLY ETCH|IMPLANT SOURCE DRAIN|PRE ANNEAL CHECK|LIGHT ANNEAL|DEPOSIT SPACER DIELECTRIC|ANISOTROPIC ETCH SPACER|MEASURE SPACER WIDTH|IMPLANT LDD|PRE ANNEAL CHECK|RAPID THERMAL ANNEAL|MEASURE JUNCTION PROFILE|DEPOSIT INTERLEVEL DIELECTRIC|DENSIFY OXIDE|MEASURE DIELECTRIC THICKNESS|CMP INTERLAYER DIELECTRIC|MEASURE SURFACE PLANARITY|SPIN COAT PHOTORESIST|SOFT BAKE|ALIGN MASK LEVEL 3|EXPOSE LITHO LEVEL 3|DEVELOP PHOTORESIST|VIA INSPECTION|VIA ETCH THROUGH DIELECTRIC|STRIP PHOTORESIST|CLEAN AFTER VIA ETCH|MEASURE VIA CD|DEPOSIT BARRIER METAL|DEPOSIT METAL SEED|FILL VIA METAL|CMP METAL|MEASURE CONTACT RESISTANCE|DEPOSIT TOP METAL|ANNEAL METAL|MEASURE METAL THICKNESS|SPIN COAT PHOTORESIST|SOFT BAKE|ALIGN MASK LEVEL 4|EXPOSE LITHO LEVEL 4|DEVELOP PHOTORESIST|METAL PATTERN INSPECTION|METAL ETCH|STRIP PHOTORESIST|CLEAN AFTER METAL ETCH|MEASURE LINE WIDTH|OPEN BOND PAD WINDOW|DEPOSIT PASSIVATION|CURE PASSIVATION|MEASURE PASSIVATION THICKNESS|PAD WINDOW LITHO|DEVELOP PHOTORESIST|PASSIVATION ETCH PAD OPENING|STRIP RESIST|CLEAN PAD OPENING|MEASURE PAD OPENING|BACKSIDE CLEAN|BACKSIDE GRIND|MEASURE WAFER THICKNESS|BACKSIDE ETCH CLEAN|BACKSIDE RINSE|BACKSIDE DRY|BACKSIDE METALLIZATION PREP|DEPOSIT BACKSIDE METAL|BACKSIDE ANNEAL|MEASURE BACKSIDE CONTACT|FINAL CLEAN|FINAL THICKNESS MEASURE|FINAL GEOMETRY CHECK|PARAMETRIC TEST|LEAKAGE TEST|THRESHOLD VOLTAGE TEST|SWITCHING TEST|WAFER SORT TEST|YIELD ANALYSIS|FINAL LOT RELEASE|SHIP LOT,RULE_PAD_OPEN_BEFORE_DEP
forbidden_0151,MOSFET,RECEIVE WAFER LOT|LOT IDENTIFICATION|INITIAL WAFER INSPECTION|MEASURE THICKNESS|PRE CLEAN WAFER|RCA CLEAN 1|WET CLEAN RCA2|HF DIP|DRY WAFER|SUBSTRATE CHECK|EPITAXY PREP|EPITAXIAL DEPOSITION|MEASURE EPITAXY THICKNESS|MEASURE RESISTIVITY|EPITAXY ANNEAL|WAFER SURFACE CLEAN|THERMAL OXIDATION|MEASURE OXIDE THICKNESS|SPIN COAT PHOTORESIST|SOFT BAKE|ALIGN MASK LEVEL 1|EXPOSE LITHO LEVEL 1|DEVELOP PHOTORESIST|PATTERN INSPECTION LEVEL 1|OXIDE ETCH|STRIP RESIST|CLEAN AFTER ETCH|IMPLANT WELL|PRE ANNEAL CHECK|DRIVE IN DIFFUSION|RAPID THERMAL ANNEAL|THERMAL OXIDATION|GATE OXIDE PREP|GATE OXIDE GROWTH|MEASURE GATE OXIDE THICKNESS|DEPOSIT POLYSILICON|POLYSILICON ANNEAL|MEASURE POLY THICKNESS|SPIN COAT PHOTORESIST|SOFT BAKE|ALIGN MASK LEVEL 2|EXPOSE LITHO LEVEL 2|DEVELOP PHOTORESIST|POLY PATTERN INSPECTION|POLYSILICON ETCH|STRIP RESIST|CLEAN AFTER POLY ETCH|MEASURE GATE CD|IMPLANT SOURCE DRAIN|PRE ANNEAL CHECK|LIGHT ANNEAL|DEPOSIT SPACER DIELECTRIC|ANISOTROPIC ETCH SPACER|MEASURE SPACER WIDTH|IMPLANT LDD|PRE ANNEAL CHECK|RAPID THERMAL ANNEAL|DEPOSIT INTERLEVEL DIELECTRIC|DENSIFY DIELECTRIC|MEASURE DIELECTRIC THICKNESS|CMP DIELECTRIC|MEASURE SURFACE PLANARITY|SPIN COAT PHOTORESIST|SOFT BAKE|ALIGN MASK LEVEL 3|EXPOSE LITHO LEVEL 3|POST EXPOSE BAKE|DEVELOP PHOTORESIST|VIA INSPECTION|DIELECTRIC ETCH VIA|STRIP PHOTORESIST|CLEAN AFTER VIA ETCH|MEASURE VIA CD|DEPOSIT BARRIER METAL|DEPOSIT METAL SEED|FILL VIA METAL|CMP METAL|MEASURE VIA RESISTANCE|DEPOSIT TOP METAL|ANNEAL METAL|SPIN COAT PHOTORESIST|SOFT BAKE|ALIGN MASK LEVEL 4|EXPOSE LITHO LEVEL 4|DEVELOP PHOTORESIST|METAL PATTERN INSPECTION|HARD BAKE|METAL ETCH|STRIP PHOTORESIST|CLEAN AFTER METAL ETCH|MEASURE LINE WIDTH|OPEN BOND PAD WINDOW|DEPOSIT PASSIVATION|CURE PASSIVATION|MEASURE PASSIVATION QUALITY|PAD WINDOW LITHO|DEVELOP PHOTORESIST|PASSIVATION ETCH PAD OPENING|STRIP PHOTORESIST|CLEAN PAD OPENING|MEASURE PAD OPENING|BACKSIDE CLEAN|BACKSIDE GRIND|MEASURE THICKNESS|BACKSIDE ETCH CLEAN|BACKSIDE RINSE|BACKSIDE DRY|BACKSIDE METALLIZATION PREP|DEPOSIT BACKSIDE METAL|BACKSIDE ANNEAL|MEASURE BACKSIDE CONTACT|FINAL CLEAN|FINAL THICKNESS MEASURE|ELECTRICAL PARAMETRIC TEST|LEAKAGE TEST|THRESHOLD VOLTAGE TEST|SWITCHING TEST|WAFER SORT TEST|YIELD ANALYSIS|LOT RELEASE|SHIP LOT,RULE_PAD_OPEN_BEFORE_DEP
forbidden_0152,MOSFET,RECEIVE WAFER LOT|LOT IDENTIFICATION|PRE CLEAN INSPECTION|MEASURE THICKNESS|MEASURE SURFACE PARTICLES|PRE CLEAN WAFER|BACKSIDE CLEAN|RCA CLEAN 1|WET CLEAN RCA2|HF DIP|SUBSTRATE CHECK|EPITAXY PREP|EPITAXIAL DEPOSITION|MEASURE EPITAXY THICKNESS|MEASURE RESISTIVITY|EPITAXY ANNEAL|WAFER SURFACE CLEAN|THERMAL OXIDATION|MEASURE OXIDE THICKNESS|SPIN COAT PHOTORESIST|SOFT BAKE|ALIGN MASK LEVEL 1|EXPOSE LITHO LEVEL 1|DEVELOP PHOTORESIST|PATTERN INSPECTION LEVEL 1|OXIDE ETCH|STRIP PHOTORESIST|CLEAN AFTER ETCH|MEASURE OPENING CD|IMPLANT WELL|PRE ANNEAL CHECK|DRIVE IN DIFFUSION|RAPID THERMAL ANNEAL|MEASURE JUNCTION DEPTH|THERMAL OXIDATION|GATE OXIDE PREP|GATE OXIDE GROWTH|MEASURE GATE OXIDE THICKNESS|DEPOSIT POLYSILICON|POLYSILICON ANNEAL|MEASURE POLY THICKNESS|SPIN COAT PHOTORESIST|SOFT BAKE|ALIGN MASK LEVEL 2|EXPOSE LITHO LEVEL 2|POST EXPOSE BAKE|DEVELOP PHOTORESIST|POLY PATTERN INSPECTION|HARD BAKE|POLYSILICON ETCH|STRIP RESIST|CLEAN AFTER POLY ETCH|MEASURE GATE CD|IMPLANT SOURCE DRAIN|PRE ANNEAL CHECK|LIGHT ANNEAL|MEASURE SHEET RESISTANCE|DEPOSIT SPACER DIELECTRIC|ANISOTROPIC ETCH SPACER|MEASURE SPACER WIDTH|IMPLANT LDD|PRE ANNEAL CHECK|RAPID THERMAL ANNEAL|MEASURE JUNCTION PROFILE|DENSIFY OXIDE|MEASURE FILM THICKNESS|CMP DIELECTRIC|MEASURE SURFACE PLANARITY|SPIN COAT PHOTORESIST|SOFT BAKE|ALIGN MASK LEVEL 3|EXPOSE LITHO LEVEL 3|DEVELOP PHOTORESIST|VIA OPENING INSPECTION|HARD BAKE|VIA ETCH|STRIP PHOTORESIST|CLEAN AFTER VIA ETCH|DEPOSIT BARRIER METAL|DEPOSIT METAL SEED|FILL VIA METAL|CMP VIA FILL|MEASURE VIA RESISTANCE|DEPOSIT TOP METAL|ANNEAL METAL|SPIN COAT PHOTORESIST|SOFT BAKE|ALIGN MASK LEVEL 4|EXPOSE LITHO LEVEL 4|POST EXPOSE BAKE|DEVELOP PHOTORESIST|METAL PATTERN INSPECTION|HARD BAKE|METAL ETCH|STRIP RESIST|CLEAN AFTER METAL ETCH|DEPOSIT PASSIVATION|CURE PASSIVATION|MEASURE PASSIVATION QUALITY|OPEN PAD WINDOW|OPEN PAD WINDOW LITHO|DEVELOP PHOTORESIST|PASSIVATION ETCH|STRIP PHOTORESIST|CLEAN PAD OPENING|MEASURE PAD OPENING|BACKSIDE CLEAN|BACKSIDE GRIND|MEASURE THICKNESS|BACKSIDE ETCH CLEAN|BACKSIDE RINSE|BACKSIDE DRY|BACKSIDE METALLIZATION PREP|DEPOSIT BACKSIDE METAL|BACKSIDE ANNEAL|MEASURE BACKSIDE CONTACT|FINAL CLEAN|FINAL THICKNESS MEASURE|FINAL GEOMETRY CHECK|FINAL CD INSPECTION|PARAMETRIC TEST|LEAKAGE TEST|THRESHOLD VOLTAGE TEST|SWITCHING TEST|WAFER SORT TEST|YIELD ANALYSIS|FINAL LOT RELEASE|SHIP LOT,RULE_CMP_NO_DEP
forbidden_0153,MOSFET,RECEIVE WAFER LOT|LOT IDENTIFICATION|INITIAL WAFER INSPECTION|PRE CLEAN WAFER|BACKSIDE CLEAN|WET CLEAN RCA1|RCA CLEAN 2|HF DIP|DRY WAFER|SUBSTRATE CHECK|EPITAXY PREP|EPITAXIAL DEPOSITION|MEASURE EPITAXY THICKNESS|MEASURE RESISTIVITY|EPITAXY ANNEAL|WAFER SURFACE CLEAN|THERMAL OXIDATION|MEASURE OXIDE THICKNESS|SPIN COAT PHOTORESIST|SOFT BAKE|ALIGN MASK LEVEL 1|EXPOSE LITHO LEVEL 1|DEVELOP PHOTORESIST|PATTERN INSPECTION LEVEL 1|OXIDE ETCH|STRIP RESIST|CLEAN AFTER ETCH|MEASURE OPENING CD|IMPLANT WELL|PRE ANNEAL CHECK|DRIVE IN DIFFUSION|RAPID THERMAL ANNEAL|MEASURE JUNCTION DEPTH|THERMAL OXIDATION|GATE OXIDE PREP|GATE OXIDE GROWTH|MEASURE GATE OXIDE THICKNESS|DEPOSIT POLYSILICON|POLYSILICON ANNEAL|MEASURE POLY THICKNESS|SPIN COAT PHOTORESIST|SOFT BAKE|ALIGN MASK LEVEL 2|EXPOSE LITHO LEVEL 2|DEVELOP PHOTORESIST|POLY PATTERN INSPECTION|POLYSILICON ETCH|STRIP PHOTORESIST|CLEAN AFTER POLY ETCH|IMPLANT SOURCE DRAIN|PRE ANNEAL CHECK|LIGHT ANNEAL|MEASURE SHEET RESISTANCE|DEPOSIT SPACER DIELECTRIC|ANISOTROPIC ETCH SPACER|IMPLANT LDD|PRE ANNEAL CHECK|RAPID THERMAL ANNEAL|DEPOSIT INTERLAYER DIELECTRIC|DENSIFY DIELECTRIC|MEASURE DIELECTRIC THICKNESS|CMP DIELECTRIC|MEASURE SURFACE PLANARITY|SPIN COAT PHOTORESIST|SOFT BAKE|ALIGN MASK LEVEL 3|EXPOSE LITHO LEVEL 3|DEVELOP PHOTORESIST|VIA OPENING INSPECTION|HARD BAKE|DIELECTRIC ETCH VIA|STRIP RESIST|CLEAN AFTER VIA ETCH|MEASURE VIA CD|DEPOSIT BARRIER METAL|DEPOSIT METAL SEED|FILL VIA METAL|CMP METAL|DEPOSIT METAL 1|ANNEAL METAL 1|MEASURE METAL THICKNESS|SPIN COAT PHOTORESIST|SOFT BAKE|ALIGN MASK LEVEL 4|METAL PATTERN INSPECTION|HARD BAKE|METAL ETCH|STRIP PHOTORESIST|CLEAN AFTER METAL ETCH|MEASURE LINE WIDTH|DEPOSIT PASSIVATION|CURE PASSIVATION|MEASURE PASSIVATION THICKNESS|OPEN PAD WINDOW|OPEN PAD WINDOW LITHO|DEVELOP PAD WINDOW|PASSIVATION ETCH PAD OPENING|STRIP RESIST|CLEAN PAD OPENING|MEASURE PAD OPENING|BACKSIDE CLEAN|BACKSIDE GRIND|MEASURE THICKNESS|BACKSIDE ETCH CLEAN|BACKSIDE RINSE|BACKSIDE DRY|BACKSIDE METALLIZATION PREP|DEPOSIT BACKSIDE METAL|BACKSIDE ANNEAL|MEASURE BACKSIDE CONTACT|FINAL CLEAN|FINAL THICKNESS MEASURE|FINAL CD INSPECTION|FINAL PARTICLE INSPECTION|PARAMETRIC TEST|LEAKAGE TEST|THRESHOLD VOLTAGE TEST|SWITCHING TEST|WAFER SORT TEST|YIELD ANALYSIS|LOT RELEASE|SHIP LOT,RULE_ETCH_NO_MASK
forbidden_0154,MOSFET,RECEIVE WAFER LOT|LOT IDENTIFICATION|PRE CLEAN INSPECTION|MEASURE THICKNESS|MEASURE SURFACE PARTICLES|PRE CLEAN WAFER|BACKSIDE CLEAN|RCA CLEAN 1|RCA CLEAN 2|HF DIP|DRY WAFER|SUBSTRATE CHECK|EPITAXY PREP|EPITAXIAL DEPOSITION|MEASURE EPITAXY THICKNESS|MEASURE RESISTIVITY|EPITAXY ANNEAL|WAFER SURFACE CLEAN|THERMAL OXIDATION|MEASURE OXIDE THICKNESS|SPIN COAT PHOTORESIST|SOFT BAKE|ALIGN MASK LEVEL 1|EXPOSE LITHO LEVEL 1|DEVELOP PHOTORESIST|PATTERN INSPECTION LEVEL 1|HARD BAKE|OXIDE ETCH|STRIP PHOTORESIST|CLEAN AFTER ETCH|MEASURE OPENING CD|IMPLANT WELL|DRIVE IN DIFFUSION|RAPID THERMAL ANNEAL|MEASURE JUNCTION DEPTH|THERMAL OXIDATION|GATE OXIDE PREP|GATE OXIDE GROWTH|MEASURE GATE OXIDE THICKNESS|DEPOSIT POLYSILICON|POLYSILICON ANNEAL|SPIN COAT PHOTORESIST|SOFT BAKE|ALIGN MASK LEVEL 2|EXPOSE LITHO LEVEL 2|POLY PATTERN INSPECTION|POLYSILICON ETCH|STRIP RESIST|CLEAN AFTER POLY ETCH|IMPLANT SOURCE DRAIN|PRE ANNEAL CHECK|LIGHT ANNEAL|MEASURE SHEET RESISTANCE|DEPOSIT SPACER DIELECTRIC|ANISOTROPIC ETCH SPACER|MEASURE SPACER WIDTH|IMPLANT LDD|RAPID THERMAL ANNEAL|MEASURE JUNCTION PROFILE|DEPOSIT INTERLAYER DIELECTRIC|DENSIFY OXIDE|MEASURE DIELECTRIC THICKNESS|CMP INTERLAYER DIELECTRIC|MEASURE PLANARITY|SPIN COAT PHOTORESIST|SOFT BAKE|ALIGN MASK LEVEL 3|EXPOSE LITHO LEVEL 3|DEVELOP PHOTORESIST|VIA INSPECTION|VIA ETCH THROUGH DIELECTRIC|STRIP RESIST|CLEAN AFTER VIA ETCH|DEPOSIT BARRIER METAL|DEPOSIT METAL SEED|FILL VIA METAL|CMP VIA FILL|DEPOSIT TOP METAL|ANNEAL METAL 1|SPIN COAT PHOTORESIST|SOFT BAKE|ALIGN MASK LEVEL 4|EXPOSE LITHO LEVEL 4|POST EXPOSE BAKE|DEVELOP PHOTORESIST|METAL PATTERN INSPECTION|METAL ETCH|STRIP PHOTORESIST|CLEAN AFTER METAL ETCH|DEPOSIT PASSIVATION LAYER|CURE PASSIVATION|MEASURE PASSIVATION THICKNESS|OPEN BOND PAD WINDOW|OPEN PAD WINDOW LITHO|DEVELOP PHOTORESIST|PASSIVATION ETCH PAD OPENING|STRIP RESIST|CLEAN PAD OPENING|MEASURE PAD OPENING|BACKSIDE CLEAN|BACKSIDE GRIND|MEASURE THICKNESS|BACKSIDE ETCH CLEAN|BACKSIDE RINSE|BACKSIDE DRY|BACKSIDE METALLIZATION PREP|DEPOSIT BACKSIDE METAL|BACKSIDE ANNEAL|MEASURE BACKSIDE CONTACT|FINAL CLEAN|FINAL GEOMETRY CHECK|ELECTRICAL PARAMETRIC TEST|LEAKAGE TEST|THRESHOLD VOLTAGE TEST|SWITCHING TEST|WAFER SORT TEST|YIELD ANALYSIS|FINAL LOT RELEASE|SHIP LOT,RULE_ETCH_NO_MASK
forbidden_0155,MOSFET,RECEIVE WAFER LOT|LOT IDENTIFICATION|INITIAL WAFER INSPECTION|MEASURE THICKNESS|MEASURE SURFACE PARTICLES|PRE CLEAN WAFER|RCA CLEAN 1|RCA CLEAN 2|HF DIP|DRY WAFER|SUBSTRATE CHECK|EPITAXY PREP|EPITAXIAL DEPOSITION|MEASURE EPITAXY THICKNESS|MEASURE RESISTIVITY|EPITAXY ANNEAL|WAFER SURFACE CLEAN|THERMAL OXIDATION|MEASURE OXIDE THICKNESS|SPIN COAT PHOTORESIST|SOFT BAKE|ALIGN MASK LEVEL 1|EXPOSE LITHO LEVEL 1|DEVELOP PHOTORESIST|PATTERN INSPECTION LEVEL 1|OXIDE ETCH|STRIP RESIST|CLEAN AFTER ETCH|IMPLANT WELL|DRIVE IN DIFFUSION|RAPID THERMAL ANNEAL|MEASURE JUNCTION DEPTH|THERMAL OXIDATION|GATE OXIDE PREP|GATE OXIDE GROWTH|MEASURE GATE OXIDE THICKNESS|DEPOSIT POLYSILICON|POLYSILICON ANNEAL|MEASURE POLY THICKNESS|SPIN COAT PHOTORESIST|SOFT BAKE|ALIGN MASK LEVEL 2|EXPOSE LITHO LEVEL 2|DEVELOP PHOTORESIST|POLY PATTERN INSPECTION|POLYSILICON ETCH|STRIP RESIST|CLEAN AFTER POLY ETCH|MEASURE GATE CD|IMPLANT SOURCE DRAIN|LIGHT ANNEAL|MEASURE SHEET RESISTANCE|DEPOSIT SPACER DIELECTRIC|ANISOTROPIC ETCH SPACER|MEASURE SPACER WIDTH|IMPLANT LDD|RAPID THERMAL ANNEAL|MEASURE JUNCTION PROFILE|DENSIFY DIELECTRIC|MEASURE DIELECTRIC THICKNESS|CMP DIELECTRIC|MEASURE SURFACE PLANARITY|SPIN COAT PHOTORESIST|SOFT BAKE|ALIGN MASK LEVEL 3|EXPOSE LITHO LEVEL 3|DEVELOP PHOTORESIST|VIA OPENING INSPECTION|HARD BAKE|DIELECTRIC ETCH VIA|STRIP RESIST|CLEAN AFTER VIA ETCH|MEASURE VIA CD|DEPOSIT BARRIER METAL|DEPOSIT METAL SEED|FILL VIA METAL|CMP VIA FILL|MEASURE CONTACT RESISTANCE|DEPOSIT METAL 1|ANNEAL METAL|MEASURE METAL THICKNESS|SPIN COAT PHOTORESIST|SOFT BAKE|ALIGN MASK LEVEL 4|EXPOSE LITHO LEVEL 4|DEVELOP PHOTORESIST|METAL PATTERN INSPECTION|HARD BAKE|METAL ETCH|STRIP PHOTORESIST|CLEAN AFTER METAL ETCH|MEASURE LINE WIDTH|DEPOSIT PASSIVATION|CURE PASSIVATION|MEASURE PASSIVATION THICKNESS|OPEN BOND PAD WINDOW|OPEN PAD WINDOW LITHO|DEVELOP PAD WINDOW|PASSIVATION ETCH|STRIP PHOTORESIST|CLEAN PAD OPENING|MEASURE PAD OPENING|BACKSIDE CLEAN|BACKSIDE GRIND|MEASURE THICKNESS|BACKSIDE ETCH CLEAN|BACKSIDE RINSE|BACKSIDE DRY|BACKSIDE METALLIZATION PREP|DEPOSIT BACKSIDE METAL|BACKSIDE ANNEAL|MEASURE BACKSIDE CONTACT|FINAL CLEAN|FINAL THICKNESS MEASURE|FINAL GEOMETRY CHECK|FINAL CD INSPECTION|FINAL PARTICLE INSPECTION|PARAMETRIC TEST|LEAKAGE TEST|THRESHOLD VOLTAGE TEST|SWITCHING TEST|WAFER SORT TEST|YIELD ANALYSIS|FINAL LOT RELEASE|SHIP LOT,RULE_CMP_NO_DEP
forbidden_0156,MOSFET,RECEIVE WAFER LOT|LOT IDENTIFICATION|PRE CLEAN INSPECTION|MEASURE THICKNESS|MEASURE SURFACE PARTICLES|PRE CLEAN WAFER|RCA CLEAN 1|RCA CLEAN 2|HF DIP|SUBSTRATE CHECK|EPITAXY PREP|EPITAXIAL DEPOSITION|MEASURE EPITAXY THICKNESS|MEASURE RESISTIVITY|EPITAXY ANNEAL|WAFER SURFACE CLEAN|THERMAL OXIDATION|MEASURE OXIDE THICKNESS|SPIN COAT PHOTORESIST|SOFT BAKE|ALIGN MASK LEVEL 1|EXPOSE LITHO LEVEL 1|POST EXPOSE BAKE|DEVELOP PHOTORESIST|PATTERN INSPECTION LEVEL 1|HARD BAKE|OXIDE ETCH|STRIP RESIST|CLEAN AFTER ETCH|MEASURE OPENING CD|IMPLANT WELL|PRE ANNEAL CHECK|DRIVE IN DIFFUSION|RAPID THERMAL ANNEAL|THERMAL OXIDATION|GATE OXIDE PREP|GATE OXIDE GROWTH|MEASURE GATE OXIDE THICKNESS|DEPOSIT POLYSILICON|POLYSILICON ANNEAL|MEASURE POLY THICKNESS|SPIN COAT PHOTORESIST|SOFT BAKE|ALIGN MASK LEVEL 2|EXPOSE LITHO LEVEL 2|DEVELOP PHOTORESIST|POLY PATTERN INSPECTION|HARD BAKE|POLYSILICON ETCH|STRIP PHOTORESIST|MEASURE GATE CD|IMPLANT SOURCE DRAIN|PRE ANNEAL CHECK|LIGHT ANNEAL|DEPOSIT SPACER DIELECTRIC|ANISOTROPIC ETCH SPACER|MEASURE SPACER WIDTH|IMPLANT LDD|RAPID THERMAL ANNEAL|MEASURE JUNCTION PROFILE|DEPOSIT INTERLAYER DIELECTRIC|DENSIFY OXIDE|MEASURE FILM THICKNESS|CMP DIELECTRIC|MEASURE SURFACE PLANARITY|SPIN COAT PHOTORESIST|SOFT BAKE|ALIGN MASK LEVEL 3|EXPOSE LITHO LEVEL 3|POST EXPOSE BAKE|DEVELOP PHOTORESIST|VIA OPENING INSPECTION|DIELECTRIC ETCH VIA|STRIP RESIST|CLEAN AFTER VIA ETCH|DEPOSIT BARRIER METAL|DEPOSIT METAL SEED|FILL VIA METAL|CMP METAL|MEASURE VIA RESISTANCE|DEPOSIT METAL 1|ANNEAL METAL 1|SPIN COAT PHOTORESIST|SOFT BAKE|ALIGN MASK LEVEL 4|EXPOSE LITHO LEVEL 4|DEVELOP PHOTORESIST|METAL PATTERN INSPECTION|HARD BAKE|METAL ETCH|STRIP RESIST|CLEAN AFTER METAL ETCH|MEASURE LINE WIDTH|DEPOSIT PASSIVATION LAYER|CURE PASSIVATION|MEASURE PASSIVATION QUALITY|OPEN BOND PAD WINDOW|OPEN PAD WINDOW LITHO|DEVELOP PAD WINDOW|PASSIVATION ETCH PAD OPENING|STRIP RESIST|CLEAN PAD OPENING|MEASURE PAD OPENING|BACKSIDE CLEAN|BACKSIDE GRIND|MEASURE WAFER THICKNESS|BACKSIDE ETCH CLEAN|BACKSIDE RINSE|BACKSIDE DRY|BACKSIDE METALLIZATION PREP|DEPOSIT BACKSIDE METAL|BACKSIDE ANNEAL|MEASURE BACKSIDE CONTACT|FINAL CLEAN|FINAL THICKNESS MEASURE|FINAL GEOMETRY CHECK|FINAL CD INSPECTION|FINAL PARTICLE INSPECTION|ELECTRICAL PARAMETRIC TEST|LEAKAGE TEST|THRESHOLD VOLTAGE TEST|SWITCHING TEST|WAFER SORT TEST|YIELD ANALYSIS|LOT RELEASE|SHIP LOT,RULE_DEP_NO_CLEAN
forbidden_0157,MOSFET,RECEIVE WAFER LOT|LOT IDENTIFICATION|INITIAL WAFER INSPECTION|MEASURE SURFACE PARTICLES|PRE CLEAN WAFER|FRONTSIDE CLEAN|RCA CLEAN 1|WET CLEAN RCA2|HF DIP|DRY WAFER|SUBSTRATE CHECK|EPITAXY PREP|EPITAXIAL DEPOSITION|MEASURE EPITAXY THICKNESS|MEASURE RESISTIVITY|EPITAXY ANNEAL|WAFER SURFACE CLEAN|THERMAL OXIDATION|MEASURE OXIDE THICKNESS|SPIN COAT PHOTORESIST|SOFT BAKE|ALIGN MASK LEVEL 2|ALIGN MASK LEVEL 1|EXPOSE LITHO LEVEL 1|DEVELOP PHOTORESIST|PATTERN INSPECTION LEVEL 1|OXIDE ETCH|STRIP PHOTORESIST|CLEAN AFTER ETCH|MEASURE OPENING CD|IMPLANT WELL|PRE ANNEAL CHECK|DRIVE IN DIFFUSION|RAPID THERMAL ANNEAL|MEASURE JUNCTION DEPTH|THERMAL OXIDATION|GATE OXIDE PREP|GATE OXIDE GROWTH|MEASURE GATE OXIDE THICKNESS|DEPOSIT POLYSILICON|POLYSILICON ANNEAL|MEASURE POLY THICKNESS|SPIN COAT PHOTORESIST|SOFT BAKE|EXPOSE LITHO LEVEL 2|DEVELOP PHOTORESIST|POLY PATTERN INSPECTION|POLYSILICON ETCH|STRIP PHOTORESIST|CLEAN AFTER POLY ETCH|MEASURE GATE CD|IMPLANT SOURCE DRAIN|LIGHT ANNEAL|DEPOSIT SPACER DIELECTRIC|ANISOTROPIC ETCH SPACER|IMPLANT LDD|RAPID THERMAL ANNEAL|MEASURE JUNCTION PROFILE|DEPOSIT INTERLAYER DIELECTRIC|DENSIFY DIELECTRIC|MEASURE DIELECTRIC THICKNESS|CMP DIELECTRIC|MEASURE SURFACE PLANARITY|SPIN COAT PHOTORESIST|SOFT BAKE|ALIGN MASK LEVEL 3|EXPOSE LITHO LEVEL 3|DEVELOP PHOTORESIST|VIA OPENING INSPECTION|DIELECTRIC ETCH VIA|STRIP PHOTORESIST|CLEAN AFTER VIA ETCH|MEASURE VIA CD|DEPOSIT BARRIER METAL|DEPOSIT METAL SEED|FILL VIA METAL|CMP VIA FILL|MEASURE VIA RESISTANCE|DEPOSIT TOP METAL|ANNEAL METAL 1|SPIN COAT PHOTORESIST|SOFT BAKE|ALIGN MASK LEVEL 4|EXPOSE LITHO LEVEL 4|DEVELOP PHOTORESIST|METAL PATTERN INSPECTION|HARD BAKE|METAL ETCH|STRIP PHOTORESIST|CLEAN AFTER METAL ETCH|MEASURE LINE WIDTH|DEPOSIT PASSIVATION|CURE PASSIVATION|MEASURE PASSIVATION QUALITY|OPEN BOND PAD WINDOW|OPEN PAD WINDOW LITHO|DEVELOP PHOTORESIST|PASSIVATION ETCH PAD OPENING|STRIP RESIST|CLEAN PAD OPENING|MEASURE PAD OPENING|BACKSIDE CLEAN|BACKSIDE GRIND|MEASURE THICKNESS|BACKSIDE ETCH CLEAN|BACKSIDE RINSE|BACKSIDE DRY|BACKSIDE METALLIZATION PREP|DEPOSIT BACKSIDE METAL|BACKSIDE ANNEAL|MEASURE BACKSIDE CONTACT|FINAL CLEAN|FINAL THICKNESS MEASURE|FINAL GEOMETRY CHECK|FINAL CD INSPECTION|ELECTRICAL PARAMETRIC TEST|LEAKAGE TEST|THRESHOLD VOLTAGE TEST|SWITCHING TEST|WAFER SORT TEST|YIELD ANALYSIS|FINAL LOT RELEASE|SHIP LOT,RULE_LITHO_LEVEL_SKIP
forbidden_0158,MOSFET,RECEIVE WAFER LOT|LOT IDENTIFICATION|PRE CLEAN INSPECTION|MEASURE THICKNESS|MEASURE SURFACE PARTICLES|PRE CLEAN WAFER|BACKSIDE CLEAN|RCA CLEAN 1|WET CLEAN RCA2|HF DIP|DRY WAFER|SUBSTRATE CHECK|EPITAXY PREP|EPITAXIAL DEPOSITION|MEASURE EPITAXY THICKNESS|MEASURE RESISTIVITY|EPITAXY ANNEAL|WAFER SURFACE CLEAN|THERMAL OXIDATION|MEASURE OXIDE THICKNESS|SPIN COAT PHOTORESIST|SOFT BAKE|ALIGN MASK LEVEL 1|EXPOSE LITHO LEVEL 1|DEVELOP PHOTORESIST|PATTERN INSPECTION LEVEL 1|OXIDE ETCH|STRIP PHOTORESIST|CLEAN AFTER ETCH|MEASURE OPENING CD|IMPLANT WELL|PRE ANNEAL CHECK|DRIVE IN DIFFUSION|RAPID THERMAL ANNEAL|MEASURE JUNCTION DEPTH|THERMAL OXIDATION|GATE OXIDE PREP|GATE OXIDE GROWTH|MEASURE GATE OXIDE THICKNESS|DEPOSIT POLYSILICON|POLYSILICON ANNEAL|MEASURE POLY THICKNESS|SPIN COAT PHOTORESIST|SOFT BAKE|ALIGN MASK LEVEL 2|EXPOSE LITHO LEVEL 2|DEVELOP PHOTORESIST|POLY PATTERN INSPECTION|POLYSILICON ETCH|STRIP PHOTORESIST|CLEAN AFTER POLY ETCH|MEASURE GATE CD|IMPLANT SOURCE DRAIN|PRE ANNEAL CHECK|LIGHT ANNEAL|MEASURE SHEET RESISTANCE|DEPOSIT SPACER DIELECTRIC|ANISOTROPIC ETCH SPACER|MEASURE SPACER WIDTH|IMPLANT LDD|PRE ANNEAL CHECK|RAPID THERMAL ANNEAL|MEASURE JUNCTION PROFILE|DEPOSIT INTERLEVEL DIELECTRIC|DENSIFY OXIDE|MEASURE DIELECTRIC THICKNESS|CMP INTERLAYER DIELECTRIC|MEASURE SURFACE PLANARITY|SPIN COAT PHOTORESIST|SOFT BAKE|ALIGN MASK LEVEL 3|EXPOSE LITHO LEVEL 3|DEVELOP PHOTORESIST|VIA INSPECTION|HARD BAKE|VIA ETCH THROUGH DIELECTRIC|STRIP PHOTORESIST|CLEAN AFTER VIA ETCH|DEPOSIT BARRIER METAL|DEPOSIT METAL SEED|FILL VIA METAL|CMP METAL|DEPOSIT METAL 1|ANNEAL METAL|MEASURE METAL THICKNESS|SPIN COAT PHOTORESIST|SOFT BAKE|ALIGN MASK LEVEL 4|METAL PATTERN INSPECTION|HARD BAKE|METAL ETCH|STRIP PHOTORESIST|CLEAN AFTER METAL ETCH|MEASURE LINE WIDTH|DEPOSIT PASSIVATION LAYER|CURE PASSIVATION|MEASURE PASSIVATION THICKNESS|OPEN PAD WINDOW|OPEN PAD WINDOW LITHO|DEVELOP PAD WINDOW|PASSIVATION ETCH|STRIP RESIST|CLEAN PAD OPENING|MEASURE PAD OPENING|BACKSIDE CLEAN|BACKSIDE GRIND|MEASURE THICKNESS|BACKSIDE ETCH CLEAN|BACKSIDE RINSE|BACKSIDE DRY|BACKSIDE METALLIZATION PREP|DEPOSIT BACKSIDE METAL|BACKSIDE ANNEAL|MEASURE BACKSIDE CONTACT|FINAL CLEAN|FINAL GEOMETRY CHECK|FINAL PARTICLE INSPECTION|ELECTRICAL PARAMETRIC TEST|LEAKAGE TEST|THRESHOLD VOLTAGE TEST|SWITCHING TEST|WAFER SORT TEST|YIELD ANALYSIS|FINAL LOT RELEASE|SHIP LOT,RULE_ETCH_NO_MASK
forbidden_0159,MOSFET,RECEIVE WAFER LOT|LOT IDENTIFICATION|PRE CLEAN INSPECTION|MEASURE THICKNESS|PRE CLEAN WAFER|BACKSIDE CLEAN|FRONTSIDE CLEAN|WET CLEAN RCA1|RCA CLEAN 2|HF DIP|DRY WAFER|SUBSTRATE CHECK|EPITAXY PREP|EPITAXIAL DEPOSITION|MEASURE EPITAXY THICKNESS|MEASURE RESISTIVITY|EPITAXY ANNEAL|WAFER SURFACE CLEAN|THERMAL OXIDATION|MEASURE OXIDE THICKNESS|SPIN COAT PHOTORESIST|SOFT BAKE|ALIGN MASK LEVEL 1|EXPOSE LITHO LEVEL 1|DEVELOP PHOTORESIST|PATTERN INSPECTION LEVEL 1|HARD BAKE|OXIDE ETCH|STRIP PHOTORESIST|CLEAN AFTER ETCH|IMPLANT WELL|PRE ANNEAL CHECK|DRIVE IN DIFFUSION|RAPID THERMAL ANNEAL|THERMAL OXIDATION|GATE OXIDE PREP|GATE OXIDE GROWTH|MEASURE GATE OXIDE THICKNESS|DEPOSIT POLYSILICON|POLYSILICON ANNEAL|MEASURE POLY THICKNESS|SPIN COAT PHOTORESIST|SOFT BAKE|ALIGN MASK LEVEL 2|EXPOSE LITHO LEVEL 2|DEVELOP PHOTORESIST|POLY PATTERN INSPECTION|POLYSILICON ETCH|STRIP PHOTORESIST|CLEAN AFTER POLY ETCH|MEASURE GATE CD|IMPLANT SOURCE DRAIN|PRE ANNEAL CHECK|LIGHT ANNEAL|MEASURE SHEET RESISTANCE|DEPOSIT SPACER DIELECTRIC|ANISOTROPIC ETCH SPACER|IMPLANT LDD|PRE ANNEAL CHECK|RAPID THERMAL ANNEAL|MEASURE JUNCTION PROFILE|DEPOSIT INTERLEVEL DIELECTRIC|DENSIFY OXIDE|MEASURE DIELECTRIC THICKNESS|CMP INTERLAYER DIELECTRIC|MEASURE SURFACE PLANARITY|SPIN COAT PHOTORESIST|SOFT BAKE|ALIGN MASK LEVEL 3|EXPOSE LITHO LEVEL 3|DEVELOP PHOTORESIST|VIA INSPECTION|DIELECTRIC ETCH VIA|STRIP RESIST|CLEAN AFTER VIA ETCH|MEASURE VIA CD|DEPOSIT BARRIER METAL|DEPOSIT METAL SEED|FILL VIA METAL|CMP VIA FILL|MEASURE VIA RESISTANCE|DEPOSIT TOP METAL|ANNEAL METAL 1|MEASURE METAL THICKNESS|SPIN COAT PHOTORESIST|SOFT BAKE|ALIGN MASK LEVEL 4|EXPOSE LITHO LEVEL 4|POST EXPOSE BAKE|DEVELOP PHOTORESIST|METAL PATTERN INSPECTION|METAL ETCH|STRIP RESIST|CLEAN AFTER METAL ETCH|OPEN BOND PAD WINDOW|DEPOSIT PASSIVATION|CURE PASSIVATION|MEASURE PASSIVATION THICKNESS|PAD WINDOW LITHO|DEVELOP PHOTORESIST|PASSIVATION ETCH PAD OPENING|STRIP RESIST|CLEAN PAD OPENING|MEASURE PAD OPENING|BACKSIDE CLEAN|BACKSIDE GRIND|MEASURE THICKNESS|BACKSIDE ETCH CLEAN|BACKSIDE RINSE|BACKSIDE DRY|BACKSIDE METALLIZATION PREP|DEPOSIT BACKSIDE METAL|BACKSIDE ANNEAL|MEASURE BACKSIDE CONTACT|FINAL CLEAN|FINAL GEOMETRY CHECK|FINAL PARTICLE INSPECTION|PARAMETRIC TEST|LEAKAGE TEST|THRESHOLD VOLTAGE TEST|SWITCHING TEST|WAFER SORT TEST|YIELD ANALYSIS|LOT RELEASE|SHIP LOT,RULE_PAD_OPEN_BEFORE_DEP
forbidden_0160,MOSFET,RECEIVE WAFER LOT|LOT IDENTIFICATION|INITIAL WAFER INSPECTION|MEASURE THICKNESS|MEASURE SURFACE PARTICLES|PRE CLEAN WAFER|BACKSIDE CLEAN|FRONTSIDE CLEAN|WET CLEAN RCA1|WET CLEAN RCA2|HF DIP|SUBSTRATE CHECK|EPITAXY PREP|EPITAXIAL DEPOSITION|MEASURE EPITAXY THICKNESS|MEASURE RESISTIVITY|EPITAXY ANNEAL|WAFER SURFACE CLEAN|THERMAL OXIDATION|MEASURE OXIDE THICKNESS|SPIN COAT PHOTORESIST|SOFT BAKE|ALIGN MASK LEVEL 1|EXPOSE LITHO LEVEL 1|POST EXPOSE BAKE|DEVELOP PHOTORESIST|PATTERN INSPECTION LEVEL 1|OXIDE ETCH|STRIP RESIST|CLEAN AFTER ETCH|MEASURE OPENING CD|IMPLANT WELL|DRIVE IN DIFFUSION|RAPID THERMAL ANNEAL|MEASURE JUNCTION DEPTH|THERMAL OXIDATION|GATE OXIDE PREP|GATE OXIDE GROWTH|MEASURE GATE OXIDE THICKNESS|DEPOSIT POLYSILICON|POLYSILICON ANNEAL|MEASURE POLY THICKNESS|SPIN COAT PHOTORESIST|SOFT BAKE|ALIGN MASK LEVEL 2|EXPOSE LITHO LEVEL 2|DEVELOP PHOTORESIST|POLY PATTERN INSPECTION|POLYSILICON ETCH|STRIP PHOTORESIST|CLEAN AFTER POLY ETCH|MEASURE GATE CD|IMPLANT SOURCE DRAIN|LIGHT ANNEAL|MEASURE SHEET RESISTANCE|DEPOSIT SPACER DIELECTRIC|ANISOTROPIC ETCH SPACER|MEASURE SPACER WIDTH|IMPLANT LDD|PRE ANNEAL CHECK|RAPID THERMAL ANNEAL|MEASURE JUNCTION PROFILE|DEPOSIT INTERLAYER DIELECTRIC|DENSIFY OXIDE|MEASURE DIELECTRIC THICKNESS|CMP INTERLAYER DIELECTRIC|MEASURE PLANARITY|SPIN COAT PHOTORESIST|SOFT BAKE|ALIGN MASK LEVEL 3|EXPOSE LITHO LEVEL 3|DEVELOP PHOTORESIST|VIA OPENING INSPECTION|VIA ETCH THROUGH DIELECTRIC|STRIP PHOTORESIST|CLEAN AFTER VIA ETCH|MEASURE VIA CD|DEPOSIT BARRIER METAL|DEPOSIT METAL SEED|FILL VIA METAL|CMP METAL|MEASURE CONTACT RESISTANCE|DEPOSIT METAL 1|ANNEAL METAL|SPIN COAT PHOTORESIST|SOFT BAKE|ALIGN MASK LEVEL 4|EXPOSE LITHO LEVEL 4|POST EXPOSE BAKE|DEVELOP PHOTORESIST|METAL PATTERN INSPECTION|HARD BAKE|METAL ETCH|STRIP RESIST|CLEAN AFTER METAL ETCH|MEASURE LINE WIDTH|DEPOSIT PASSIVATION|CURE PASSIVATION|MEASURE PASSIVATION THICKNESS|OPEN BOND PAD WINDOW|OPEN PAD WINDOW LITHO|DEVELOP PAD WINDOW|PASSIVATION ETCH|STRIP PHOTORESIST|CLEAN PAD OPENING|MEASURE PAD OPENING|BACKSIDE CLEAN|BACKSIDE GRIND|MEASURE WAFER THICKNESS|BACKSIDE ETCH CLEAN|BACKSIDE RINSE|BACKSIDE DRY|BACKSIDE METALLIZATION PREP|DEPOSIT BACKSIDE METAL|BACKSIDE ANNEAL|MEASURE BACKSIDE CONTACT|FINAL CLEAN|FINAL THICKNESS MEASURE|FINAL PARTICLE INSPECTION|ELECTRICAL PARAMETRIC TEST|LEAKAGE TEST|THRESHOLD VOLTAGE TEST|SWITCHING TEST|SHIP LOT|WAFER SORT TEST|YIELD ANALYSIS|LOT RELEASE,RULE_SHIP_BEFORE_TEST
forbidden_0161,MOSFET,RECEIVE WAFER LOT|LOT IDENTIFICATION|INITIAL WAFER INSPECTION|MEASURE THICKNESS|MEASURE SURFACE PARTICLES|PRE CLEAN WAFER|BACKSIDE CLEAN|WET CLEAN RCA1|RCA CLEAN 2|HF DIP|DRY WAFER|SUBSTRATE CHECK|EPITAXY PREP|EPITAXIAL DEPOSITION|MEASURE EPITAXY THICKNESS|MEASURE RESISTIVITY|EPITAXY ANNEAL|WAFER SURFACE CLEAN|THERMAL OXIDATION|MEASURE OXIDE THICKNESS|SPIN COAT PHOTORESIST|SOFT BAKE|ALIGN MASK LEVEL 1|EXPOSE LITHO LEVEL 1|DEVELOP PHOTORESIST|PATTERN INSPECTION LEVEL 1|HARD BAKE|OXIDE ETCH|STRIP RESIST|CLEAN AFTER ETCH|IMPLANT WELL|PRE ANNEAL CHECK|DRIVE IN DIFFUSION|RAPID THERMAL ANNEAL|MEASURE JUNCTION DEPTH|THERMAL OXIDATION|GATE OXIDE PREP|GATE OXIDE GROWTH|MEASURE GATE OXIDE THICKNESS|DEPOSIT POLYSILICON|POLYSILICON ANNEAL|MEASURE POLY THICKNESS|SPIN COAT PHOTORESIST|SOFT BAKE|ALIGN MASK LEVEL 2|EXPOSE LITHO LEVEL 2|POLY PATTERN INSPECTION|POLYSILICON ETCH|STRIP RESIST|CLEAN AFTER POLY ETCH|MEASURE GATE CD|IMPLANT SOURCE DRAIN|LIGHT ANNEAL|MEASURE SHEET RESISTANCE|DEPOSIT SPACER DIELECTRIC|ANISOTROPIC ETCH SPACER|MEASURE SPACER WIDTH|IMPLANT LDD|PRE ANNEAL CHECK|RAPID THERMAL ANNEAL|MEASURE JUNCTION PROFILE|DEPOSIT INTERLAYER DIELECTRIC|DENSIFY OXIDE|MEASURE DIELECTRIC THICKNESS|CMP DIELECTRIC|MEASURE SURFACE PLANARITY|SPIN COAT PHOTORESIST|SOFT BAKE|ALIGN MASK LEVEL 3|EXPOSE LITHO LEVEL 3|POST EXPOSE BAKE|DEVELOP PHOTORESIST|VIA INSPECTION|VIA ETCH THROUGH DIELECTRIC|STRIP PHOTORESIST|CLEAN AFTER VIA ETCH|MEASURE VIA CD|DEPOSIT BARRIER METAL|DEPOSIT METAL SEED|FILL VIA METAL|CMP VIA FILL|MEASURE CONTACT RESISTANCE|DEPOSIT METAL 1|ANNEAL METAL|MEASURE METAL THICKNESS|SPIN COAT PHOTORESIST|SOFT BAKE|ALIGN MASK LEVEL 4|EXPOSE LITHO LEVEL 4|DEVELOP PHOTORESIST|METAL PATTERN INSPECTION|METAL ETCH|STRIP PHOTORESIST|CLEAN AFTER METAL ETCH|MEASURE LINE WIDTH|DEPOSIT PASSIVATION LAYER|CURE PASSIVATION|MEASURE PASSIVATION THICKNESS|OPEN BOND PAD WINDOW|PAD WINDOW LITHO|DEVELOP PHOTORESIST|PASSIVATION ETCH|STRIP PHOTORESIST|CLEAN PAD OPENING|MEASURE PAD OPENING|BACKSIDE CLEAN|BACKSIDE GRIND|MEASURE THICKNESS|BACKSIDE ETCH CLEAN|BACKSIDE RINSE|BACKSIDE DRY|BACKSIDE METALLIZATION PREP|DEPOSIT BACKSIDE METAL|BACKSIDE ANNEAL|MEASURE BACKSIDE CONTACT|FINAL CLEAN|FINAL THICKNESS MEASURE|FINAL CD INSPECTION|FINAL PARTICLE INSPECTION|PARAMETRIC TEST|LEAKAGE TEST|THRESHOLD VOLTAGE TEST|SWITCHING TEST|WAFER SORT TEST|YIELD ANALYSIS|LOT RELEASE|SHIP LOT,RULE_ETCH_NO_MASK
forbidden_0162,MOSFET,RECEIVE WAFER LOT|LOT IDENTIFICATION|INITIAL WAFER INSPECTION|MEASURE THICKNESS|MEASURE SURFACE PARTICLES|PRE CLEAN WAFER|FRONTSIDE CLEAN|WET CLEAN RCA1|RCA CLEAN 2|HF DIP|DRY WAFER|SUBSTRATE CHECK|EPITAXY PREP|EPITAXIAL DEPOSITION|MEASURE EPITAXY THICKNESS|MEASURE RESISTIVITY|EPITAXY ANNEAL|WAFER SURFACE CLEAN|THERMAL OXIDATION|MEASURE OXIDE THICKNESS|SPIN COAT PHOTORESIST|SOFT BAKE|ALIGN MASK LEVEL 1|EXPOSE LITHO LEVEL 1|DEVELOP PHOTORESIST|PATTERN INSPECTION LEVEL 1|HARD BAKE|OXIDE ETCH|STRIP PHOTORESIST|MEASURE OPENING CD|IMPLANT WELL|DRIVE IN DIFFUSION|GATE OXIDE GROWTH|MEASURE GATE OXIDE THICKNESS|DEPOSIT POLYSILICON|POLYSILICON ANNEAL|SPIN COAT PHOTORESIST|SOFT BAKE|ALIGN MASK LEVEL 2|EXPOSE LITHO LEVEL 2|DEVELOP PHOTORESIST|POLY PATTERN INSPECTION|HARD BAKE|POLYSILICON ETCH|STRIP PHOTORESIST|CLEAN AFTER POLY ETCH|MEASURE GATE CD|IMPLANT SOURCE DRAIN|PRE ANNEAL CHECK|LIGHT ANNEAL|MEASURE SHEET RESISTANCE|DEPOSIT SPACER DIELECTRIC|ANISOTROPIC ETCH SPACER|IMPLANT LDD|RAPID THERMAL ANNEAL|MEASURE JUNCTION PROFILE|DEPOSIT INTERLEVEL DIELECTRIC|DENSIFY DIELECTRIC|MEASURE FILM THICKNESS|CMP INTERLAYER DIELECTRIC|MEASURE PLANARITY|SPIN COAT PHOTORESIST|SOFT BAKE|ALIGN MASK LEVEL 3|EXPOSE LITHO LEVEL 3|DEVELOP PHOTORESIST|VIA INSPECTION|VIA ETCH THROUGH DIELECTRIC|STRIP RESIST|CLEAN AFTER VIA ETCH|MEASURE VIA CD|DEPOSIT BARRIER METAL|DEPOSIT METAL SEED|FILL VIA METAL|CMP VIA FILL|DEPOSIT TOP METAL|ANNEAL METAL 1|MEASURE METAL THICKNESS|SPIN COAT PHOTORESIST|SOFT BAKE|ALIGN MASK LEVEL 4|EXPOSE LITHO LEVEL 4|DEVELOP PHOTORESIST|METAL PATTERN INSPECTION|METAL ETCH|STRIP PHOTORESIST|CLEAN AFTER METAL ETCH|MEASURE LINE WIDTH|DEPOSIT PASSIVATION LAYER|CURE PASSIVATION|MEASURE PASSIVATION QUALITY|OPEN PAD WINDOW|OPEN PAD WINDOW LITHO|DEVELOP PHOTORESIST|PASSIVATION ETCH|STRIP PHOTORESIST|CLEAN PAD OPENING|MEASURE PAD OPENING|BACKSIDE CLEAN|BACKSIDE GRIND|MEASURE WAFER THICKNESS|BACKSIDE ETCH CLEAN|BACKSIDE RINSE|BACKSIDE DRY|BACKSIDE METALLIZATION PREP|DEPOSIT BACKSIDE METAL|BACKSIDE ANNEAL|MEASURE BACKSIDE CONTACT|FINAL CLEAN|FINAL THICKNESS MEASURE|FINAL GEOMETRY CHECK|FINAL CD INSPECTION|FINAL PARTICLE INSPECTION|PARAMETRIC TEST|LEAKAGE TEST|THRESHOLD VOLTAGE TEST|SWITCHING TEST|WAFER SORT TEST|YIELD ANALYSIS|FINAL LOT RELEASE|SHIP LOT,RULE_DEP_NO_CLEAN
forbidden_0163,MOSFET,RECEIVE WAFER LOT|LOT IDENTIFICATION|INITIAL WAFER INSPECTION|MEASURE THICKNESS|MEASURE SURFACE PARTICLES|PRE CLEAN WAFER|BACKSIDE CLEAN|FRONTSIDE CLEAN|WET CLEAN RCA1|RCA CLEAN 2|HF DIP|DRY WAFER|SUBSTRATE CHECK|EPITAXY PREP|EPITAXIAL DEPOSITION|MEASURE EPITAXY THICKNESS|MEASURE RESISTIVITY|EPITAXY ANNEAL|WAFER SURFACE CLEAN|THERMAL OXIDATION|MEASURE OXIDE THICKNESS|SPIN COAT PHOTORESIST|SOFT BAKE|ALIGN MASK LEVEL 1|EXPOSE LITHO LEVEL 1|DEVELOP PHOTORESIST|PATTERN INSPECTION LEVEL 1|OXIDE ETCH|STRIP PHOTORESIST|CLEAN AFTER ETCH|MEASURE OPENING CD|IMPLANT WELL|PRE ANNEAL CHECK|DRIVE IN DIFFUSION|RAPID THERMAL ANNEAL|MEASURE JUNCTION DEPTH|THERMAL OXIDATION|GATE OXIDE PREP|GATE OXIDE GROWTH|MEASURE GATE OXIDE THICKNESS|DEPOSIT POLYSILICON|POLYSILICON ANNEAL|MEASURE POLY THICKNESS|SPIN COAT PHOTORESIST|SOFT BAKE|ALIGN MASK LEVEL 2|EXPOSE LITHO LEVEL 2|DEVELOP PHOTORESIST|POLY PATTERN INSPECTION|POLYSILICON ETCH|STRIP RESIST|CLEAN AFTER POLY ETCH|MEASURE GATE CD|IMPLANT SOURCE DRAIN|PRE ANNEAL CHECK|LIGHT ANNEAL|MEASURE SHEET RESISTANCE|DEPOSIT SPACER DIELECTRIC|ANISOTROPIC ETCH SPACER|MEASURE SPACER WIDTH|IMPLANT LDD|RAPID THERMAL ANNEAL|MEASURE JUNCTION PROFILE|DEPOSIT INTERLEVEL DIELECTRIC|DENSIFY DIELECTRIC|MEASURE DIELECTRIC THICKNESS|CMP DIELECTRIC|MEASURE SURFACE PLANARITY|SPIN COAT PHOTORESIST|SOFT BAKE|ALIGN MASK LEVEL 3|EXPOSE LITHO LEVEL 3|DEVELOP PHOTORESIST|VIA INSPECTION|HARD BAKE|VIA ETCH THROUGH DIELECTRIC|STRIP RESIST|CLEAN AFTER VIA ETCH|MEASURE VIA CD|DEPOSIT BARRIER METAL|DEPOSIT METAL SEED|FILL VIA METAL|CMP METAL|DEPOSIT TOP METAL|ANNEAL METAL|SPIN COAT PHOTORESIST|SOFT BAKE|ALIGN MASK LEVEL 4|POST EXPOSE BAKE|METAL PATTERN INSPECTION|METAL ETCH|STRIP RESIST|CLEAN AFTER METAL ETCH|MEASURE LINE WIDTH|DEPOSIT PASSIVATION LAYER|CURE PASSIVATION|MEASURE PASSIVATION QUALITY|OPEN BOND PAD WINDOW|OPEN PAD WINDOW LITHO|DEVELOP PHOTORESIST|PASSIVATION ETCH|STRIP RESIST|CLEAN PAD OPENING|MEASURE PAD OPENING|BACKSIDE CLEAN|BACKSIDE GRIND|MEASURE WAFER THICKNESS|BACKSIDE ETCH CLEAN|BACKSIDE RINSE|BACKSIDE DRY|BACKSIDE METALLIZATION PREP|DEPOSIT BACKSIDE METAL|BACKSIDE ANNEAL|MEASURE BACKSIDE CONTACT|FINAL CLEAN|FINAL THICKNESS MEASURE|FINAL GEOMETRY CHECK|ELECTRICAL PARAMETRIC TEST|LEAKAGE TEST|THRESHOLD VOLTAGE TEST|SWITCHING TEST|WAFER SORT TEST|YIELD ANALYSIS|LOT RELEASE|SHIP LOT,RULE_ETCH_NO_MASK
forbidden_0164,MOSFET,RECEIVE WAFER LOT|LOT IDENTIFICATION|PRE CLEAN INSPECTION|MEASURE THICKNESS|MEASURE SURFACE PARTICLES|PRE CLEAN WAFER|WET CLEAN RCA1|WET CLEAN RCA2|HF DIP|SUBSTRATE CHECK|EPITAXY PREP|EPITAXIAL DEPOSITION|MEASURE EPITAXY THICKNESS|MEASURE RESISTIVITY|EPITAXY ANNEAL|WAFER SURFACE CLEAN|THERMAL OXIDATION|MEASURE OXIDE THICKNESS|SPIN COAT PHOTORESIST|SOFT BAKE|ALIGN MASK LEVEL 1|EXPOSE LITHO LEVEL 1|DEVELOP PHOTORESIST|PATTERN INSPECTION LEVEL 1|HARD BAKE|OXIDE ETCH|STRIP PHOTORESIST|CLEAN AFTER ETCH|MEASURE OPENING CD|IMPLANT WELL|PRE ANNEAL CHECK|DRIVE IN DIFFUSION|RAPID THERMAL ANNEAL|MEASURE JUNCTION DEPTH|THERMAL OXIDATION|GATE OXIDE PREP|GATE OXIDE GROWTH|MEASURE GATE OXIDE THICKNESS|DEPOSIT POLYSILICON|POLYSILICON ANNEAL|MEASURE POLY THICKNESS|SPIN COAT PHOTORESIST|SOFT BAKE|ALIGN MASK LEVEL 2|EXPOSE LITHO LEVEL 2|DEVELOP PHOTORESIST|POLY PATTERN INSPECTION|POLYSILICON ETCH|STRIP PHOTORESIST|IMPLANT SOURCE DRAIN|LIGHT ANNEAL|DEPOSIT SPACER DIELECTRIC|ANISOTROPIC ETCH SPACER|MEASURE SPACER WIDTH|IMPLANT LDD|RAPID THERMAL ANNEAL|MEASURE JUNCTION PROFILE|DEPOSIT INTERLEVEL DIELECTRIC|DENSIFY OXIDE|MEASURE FILM THICKNESS|CMP DIELECTRIC|MEASURE SURFACE PLANARITY|SPIN COAT PHOTORESIST|SOFT BAKE|ALIGN MASK LEVEL 3|EXPOSE LITHO LEVEL 3|DEVELOP PHOTORESIST|VIA OPENING INSPECTION|DIELECTRIC ETCH VIA|STRIP RESIST|CLEAN AFTER VIA ETCH|DEPOSIT BARRIER METAL|DEPOSIT METAL SEED|FILL VIA METAL|CMP VIA FILL|MEASURE CONTACT RESISTANCE|DEPOSIT TOP METAL|ANNEAL METAL|MEASURE METAL THICKNESS|SPIN COAT PHOTORESIST|SOFT BAKE|ALIGN MASK LEVEL 4|EXPOSE LITHO LEVEL 4|DEVELOP PHOTORESIST|METAL PATTERN INSPECTION|METAL ETCH|STRIP PHOTORESIST|CLEAN AFTER METAL ETCH|MEASURE LINE WIDTH|DEPOSIT PASSIVATION|CURE PASSIVATION|MEASURE PASSIVATION QUALITY|OPEN PAD WINDOW|OPEN PAD WINDOW LITHO|DEVELOP PHOTORESIST|PASSIVATION ETCH|STRIP PHOTORESIST|CLEAN PAD OPENING|MEASURE PAD OPENING|BACKSIDE CLEAN|BACKSIDE GRIND|MEASURE WAFER THICKNESS|BACKSIDE ETCH CLEAN|BACKSIDE RINSE|BACKSIDE DRY|BACKSIDE METALLIZATION PREP|DEPOSIT BACKSIDE METAL|BACKSIDE ANNEAL|MEASURE BACKSIDE CONTACT|FINAL CLEAN|FINAL THICKNESS MEASURE|FINAL GEOMETRY CHECK|FINAL CD INSPECTION|FINAL PARTICLE INSPECTION|ELECTRICAL PARAMETRIC TEST|LEAKAGE TEST|THRESHOLD VOLTAGE TEST|SWITCHING TEST|WAFER SORT TEST|YIELD ANALYSIS|FINAL LOT RELEASE|SHIP LOT,RULE_DEP_NO_CLEAN
forbidden_0165,MOSFET,RECEIVE WAFER LOT|LOT IDENTIFICATION|PRE CLEAN INSPECTION|MEASURE THICKNESS|MEASURE SURFACE PARTICLES|PRE CLEAN WAFER|WET CLEAN RCA1|WET CLEAN RCA2|HF DIP|DRY WAFER|SUBSTRATE CHECK|EPITAXY PREP|EPITAXIAL DEPOSITION|MEASURE EPITAXY THICKNESS|MEASURE RESISTIVITY|EPITAXY ANNEAL|WAFER SURFACE CLEAN|THERMAL OXIDATION|MEASURE OXIDE THICKNESS|SPIN COAT PHOTORESIST|SOFT BAKE|ALIGN MASK LEVEL 1|EXPOSE LITHO LEVEL 1|DEVELOP PHOTORESIST|PATTERN INSPECTION LEVEL 1|HARD BAKE|OXIDE ETCH|STRIP PHOTORESIST|CLEAN AFTER ETCH|MEASURE OPENING CD|IMPLANT WELL|PRE ANNEAL CHECK|DRIVE IN DIFFUSION|RAPID THERMAL ANNEAL|MEASURE JUNCTION DEPTH|THERMAL OXIDATION|GATE OXIDE PREP|GATE OXIDE GROWTH|MEASURE GATE OXIDE THICKNESS|DEPOSIT POLYSILICON|POLYSILICON ANNEAL|MEASURE POLY THICKNESS|SPIN COAT PHOTORESIST|SOFT BAKE|ALIGN MASK LEVEL 2|EXPOSE LITHO LEVEL 2|POLY PATTERN INSPECTION|HARD BAKE|POLYSILICON ETCH|STRIP PHOTORESIST|CLEAN AFTER POLY ETCH|MEASURE GATE CD|IMPLANT SOURCE DRAIN|LIGHT ANNEAL|DEPOSIT SPACER DIELECTRIC|ANISOTROPIC ETCH SPACER|MEASURE SPACER WIDTH|IMPLANT LDD|PRE ANNEAL CHECK|RAPID THERMAL ANNEAL|DEPOSIT INTERLEVEL DIELECTRIC|DENSIFY OXIDE|MEASURE FILM THICKNESS|CMP INTERLAYER DIELECTRIC|MEASURE SURFACE PLANARITY|SPIN COAT PHOTORESIST|SOFT BAKE|ALIGN MASK LEVEL 3|EXPOSE LITHO LEVEL 3|DEVELOP PHOTORESIST|VIA OPENING INSPECTION|HARD BAKE|VIA ETCH THROUGH DIELECTRIC|STRIP RESIST|CLEAN AFTER VIA ETCH|MEASURE VIA CD|DEPOSIT BARRIER METAL|DEPOSIT METAL SEED|FILL VIA METAL|CMP METAL|DEPOSIT TOP METAL|ANNEAL METAL 1|SPIN COAT PHOTORESIST|SOFT BAKE|ALIGN MASK LEVEL 4|EXPOSE LITHO LEVEL 4|DEVELOP PHOTORESIST|METAL PATTERN INSPECTION|METAL ETCH|STRIP PHOTORESIST|CLEAN AFTER METAL ETCH|MEASURE LINE WIDTH|DEPOSIT PASSIVATION LAYER|CURE PASSIVATION|MEASURE PASSIVATION THICKNESS|OPEN PAD WINDOW|PAD WINDOW LITHO|DEVELOP PHOTORESIST|PASSIVATION ETCH|STRIP PHOTORESIST|CLEAN PAD OPENING|MEASURE PAD OPENING|BACKSIDE CLEAN|BACKSIDE GRIND|MEASURE THICKNESS|BACKSIDE ETCH CLEAN|BACKSIDE RINSE|BACKSIDE DRY|BACKSIDE METALLIZATION PREP|DEPOSIT BACKSIDE METAL|BACKSIDE ANNEAL|MEASURE BACKSIDE CONTACT|FINAL CLEAN|FINAL THICKNESS MEASURE|FINAL GEOMETRY CHECK|ELECTRICAL PARAMETRIC TEST|LEAKAGE TEST|THRESHOLD VOLTAGE TEST|SWITCHING TEST|WAFER SORT TEST|YIELD ANALYSIS|LOT RELEASE|SHIP LOT,RULE_ETCH_NO_MASK
forbidden_0166,MOSFET,RECEIVE WAFER LOT|LOT IDENTIFICATION|PRE CLEAN INSPECTION|MEASURE THICKNESS|MEASURE SURFACE PARTICLES|PRE CLEAN WAFER|BACKSIDE CLEAN|FRONTSIDE CLEAN|RCA CLEAN 1|RCA CLEAN 2|HF DIP|DRY WAFER|SUBSTRATE CHECK|EPITAXY PREP|EPITAXIAL DEPOSITION|MEASURE EPITAXY THICKNESS|MEASURE RESISTIVITY|EPITAXY ANNEAL|WAFER SURFACE CLEAN|THERMAL OXIDATION|MEASURE OXIDE THICKNESS|SPIN COAT PHOTORESIST|SOFT BAKE|ALIGN MASK LEVEL 1|EXPOSE LITHO LEVEL 1|DEVELOP PHOTORESIST|PATTERN INSPECTION LEVEL 1|OXIDE ETCH|STRIP RESIST|CLEAN AFTER ETCH|MEASURE OPENING CD|IMPLANT WELL|PRE ANNEAL CHECK|DRIVE IN DIFFUSION|RAPID THERMAL ANNEAL|THERMAL OXIDATION|GATE OXIDE PREP|GATE OXIDE GROWTH|MEASURE GATE OXIDE THICKNESS|DEPOSIT POLYSILICON|POLYSILICON ANNEAL|SPIN COAT PHOTORESIST|SOFT BAKE|ALIGN MASK LEVEL 2|EXPOSE LITHO LEVEL 2|POST EXPOSE BAKE|DEVELOP PHOTORESIST|POLY PATTERN INSPECTION|POLYSILICON ETCH|STRIP PHOTORESIST|CLEAN AFTER POLY ETCH|IMPLANT SOURCE DRAIN|LIGHT ANNEAL|MEASURE SHEET RESISTANCE|DEPOSIT SPACER DIELECTRIC|ANISOTROPIC ETCH SPACER|MEASURE SPACER WIDTH|IMPLANT LDD|RAPID THERMAL ANNEAL|MEASURE JUNCTION PROFILE|DEPOSIT INTERLAYER DIELECTRIC|DENSIFY DIELECTRIC|MEASURE DIELECTRIC THICKNESS|CMP INTERLAYER DIELECTRIC|MEASURE SURFACE PLANARITY|SPIN COAT PHOTORESIST|SOFT BAKE|ALIGN MASK LEVEL 3|EXPOSE LITHO LEVEL 3|POST EXPOSE BAKE|DEVELOP PHOTORESIST|VIA OPENING INSPECTION|HARD BAKE|VIA ETCH THROUGH DIELECTRIC|STRIP PHOTORESIST|CLEAN AFTER VIA ETCH|MEASURE VIA CD|DEPOSIT BARRIER METAL|DEPOSIT METAL SEED|FILL VIA METAL|CMP METAL|MEASURE CONTACT RESISTANCE|DEPOSIT METAL 1|ANNEAL METAL|SPIN COAT PHOTORESIST|SOFT BAKE|ALIGN MASK LEVEL 4|EXPOSE LITHO LEVEL 4|DEVELOP PHOTORESIST|METAL PATTERN INSPECTION|METAL ETCH|STRIP PHOTORESIST|MEASURE LINE WIDTH|DEPOSIT PASSIVATION LAYER|CURE PASSIVATION|MEASURE PASSIVATION THICKNESS|OPEN BOND PAD WINDOW|OPEN PAD WINDOW LITHO|DEVELOP PHOTORESIST|PASSIVATION ETCH|STRIP RESIST|CLEAN PAD OPENING|MEASURE PAD OPENING|BACKSIDE CLEAN|BACKSIDE GRIND|MEASURE THICKNESS|BACKSIDE ETCH CLEAN|BACKSIDE RINSE|BACKSIDE DRY|BACKSIDE METALLIZATION PREP|DEPOSIT BACKSIDE METAL|BACKSIDE ANNEAL|MEASURE BACKSIDE CONTACT|FINAL CLEAN|FINAL THICKNESS MEASURE|FINAL GEOMETRY CHECK|FINAL PARTICLE INSPECTION|ELECTRICAL PARAMETRIC TEST|LEAKAGE TEST|THRESHOLD VOLTAGE TEST|SWITCHING TEST|WAFER SORT TEST|YIELD ANALYSIS|FINAL LOT RELEASE|SHIP LOT,RULE_DEP_NO_CLEAN
forbidden_0167,MOSFET,RECEIVE WAFER LOT|LOT IDENTIFICATION|PRE CLEAN INSPECTION|MEASURE SURFACE PARTICLES|PRE CLEAN WAFER|FRONTSIDE CLEAN|WET CLEAN RCA1|WET CLEAN RCA2|HF DIP|DRY WAFER|SUBSTRATE CHECK|EPITAXY PREP|EPITAXIAL DEPOSITION|MEASURE EPITAXY THICKNESS|MEASURE RESISTIVITY|EPITAXY ANNEAL|WAFER SURFACE CLEAN|THERMAL OXIDATION|MEASURE OXIDE THICKNESS|SPIN COAT PHOTORESIST|SOFT BAKE|ALIGN MASK LEVEL 1|EXPOSE LITHO LEVEL 1|DEVELOP PHOTORESIST|PATTERN INSPECTION LEVEL 1|OXIDE ETCH|STRIP RESIST|CLEAN AFTER ETCH|IMPLANT WELL|DRIVE IN DIFFUSION|RAPID THERMAL ANNEAL|MEASURE JUNCTION DEPTH|THERMAL OXIDATION|GATE OXIDE PREP|GATE OXIDE GROWTH|MEASURE GATE OXIDE THICKNESS|DEPOSIT POLYSILICON|POLYSILICON ANNEAL|MEASURE POLY THICKNESS|SPIN COAT PHOTORESIST|SOFT BAKE|ALIGN MASK LEVEL 2|EXPOSE LITHO LEVEL 2|DEVELOP PHOTORESIST|POLY PATTERN INSPECTION|POLYSILICON ETCH|STRIP PHOTORESIST|CLEAN AFTER POLY ETCH|MEASURE GATE CD|IMPLANT SOURCE DRAIN|PRE ANNEAL CHECK|LIGHT ANNEAL|MEASURE SHEET RESISTANCE|DEPOSIT SPACER DIELECTRIC|ANISOTROPIC ETCH SPACER|IMPLANT LDD|RAPID THERMAL ANNEAL|MEASURE JUNCTION PROFILE|DEPOSIT INTERLEVEL DIELECTRIC|DENSIFY DIELECTRIC|MEASURE FILM THICKNESS|CMP DIELECTRIC|MEASURE PLANARITY|SPIN COAT PHOTORESIST|SOFT BAKE|ALIGN MASK LEVEL 3|EXPOSE LITHO LEVEL 3|DEVELOP PHOTORESIST|VIA OPENING INSPECTION|HARD BAKE|VIA ETCH THROUGH DIELECTRIC|STRIP PHOTORESIST|CLEAN AFTER VIA ETCH|DEPOSIT BARRIER METAL|DEPOSIT METAL SEED|FILL VIA METAL|CMP VIA FILL|MEASURE CONTACT RESISTANCE|DEPOSIT METAL 1|ANNEAL METAL|SPIN COAT PHOTORESIST|SOFT BAKE|ALIGN MASK LEVEL 4|EXPOSE LITHO LEVEL 4|METAL PATTERN INSPECTION|METAL ETCH|STRIP PHOTORESIST|CLEAN AFTER METAL ETCH|MEASURE LINE WIDTH|DEPOSIT PASSIVATION|CURE PASSIVATION|MEASURE PASSIVATION THICKNESS|OPEN PAD WINDOW|PAD WINDOW LITHO|PASSIVATION ETCH|STRIP PHOTORESIST|CLEAN PAD OPENING|MEASURE PAD OPENING|BACKSIDE CLEAN|BACKSIDE GRIND|MEASURE THICKNESS|BACKSIDE ETCH CLEAN|BACKSIDE RINSE|BACKSIDE DRY|BACKSIDE METALLIZATION PREP|DEPOSIT BACKSIDE METAL|BACKSIDE ANNEAL|MEASURE BACKSIDE CONTACT|FINAL CLEAN|FINAL THICKNESS MEASURE|FINAL GEOMETRY CHECK|FINAL CD INSPECTION|FINAL PARTICLE INSPECTION|ELECTRICAL PARAMETRIC TEST|LEAKAGE TEST|THRESHOLD VOLTAGE TEST|SWITCHING TEST|WAFER SORT TEST|YIELD ANALYSIS|LOT RELEASE|SHIP LOT,RULE_ETCH_NO_MASK
forbidden_0168,MOSFET,RECEIVE WAFER LOT|LOT IDENTIFICATION|PRE CLEAN INSPECTION|MEASURE SURFACE PARTICLES|PRE CLEAN WAFER|FRONTSIDE CLEAN|WET CLEAN RCA1|WET CLEAN RCA2|HF DIP|DRY WAFER|SUBSTRATE CHECK|EPITAXY PREP|EPITAXIAL DEPOSITION|MEASURE EPITAXY THICKNESS|MEASURE RESISTIVITY|EPITAXY ANNEAL|WAFER SURFACE CLEAN|THERMAL OXIDATION|MEASURE OXIDE THICKNESS|SPIN COAT PHOTORESIST|SOFT BAKE|ALIGN MASK LEVEL 1|EXPOSE LITHO LEVEL 1|DEVELOP PHOTORESIST|PATTERN INSPECTION LEVEL 1|OXIDE ETCH|STRIP PHOTORESIST|CLEAN AFTER ETCH|MEASURE OPENING CD|IMPLANT WELL|DRIVE IN DIFFUSION|RAPID THERMAL ANNEAL|THERMAL OXIDATION|GATE OXIDE PREP|GATE OXIDE GROWTH|MEASURE GATE OXIDE THICKNESS|DEPOSIT POLYSILICON|POLYSILICON ANNEAL|MEASURE POLY THICKNESS|SPIN COAT PHOTORESIST|SOFT BAKE|ALIGN MASK LEVEL 2|EXPOSE LITHO LEVEL 2|POST EXPOSE BAKE|DEVELOP PHOTORESIST|POLY PATTERN INSPECTION|POLYSILICON ETCH|STRIP RESIST|CLEAN AFTER POLY ETCH|MEASURE GATE CD|IMPLANT SOURCE DRAIN|PRE ANNEAL CHECK|LIGHT ANNEAL|MEASURE SHEET RESISTANCE|DEPOSIT SPACER DIELECTRIC|ANISOTROPIC ETCH SPACER|MEASURE SPACER WIDTH|IMPLANT LDD|PRE ANNEAL CHECK|RAPID THERMAL ANNEAL|MEASURE JUNCTION PROFILE|DEPOSIT INTERLAYER DIELECTRIC|DENSIFY OXIDE|MEASURE FILM THICKNESS|CMP DIELECTRIC|MEASURE SURFACE PLANARITY|SPIN COAT PHOTORESIST|SOFT BAKE|ALIGN MASK LEVEL 3|EXPOSE LITHO LEVEL 3|DEVELOP PHOTORESIST|VIA OPENING INSPECTION|HARD BAKE|DIELECTRIC ETCH VIA|STRIP PHOTORESIST|CLEAN AFTER VIA ETCH|MEASURE VIA CD|DEPOSIT BARRIER METAL|DEPOSIT METAL SEED|FILL VIA METAL|CMP METAL|MEASURE VIA RESISTANCE|DEPOSIT TOP METAL|ANNEAL METAL|SPIN COAT PHOTORESIST|SOFT BAKE|ALIGN MASK LEVEL 4|EXPOSE LITHO LEVEL 4|POST EXPOSE BAKE|DEVELOP PHOTORESIST|METAL PATTERN INSPECTION|METAL ETCH|STRIP RESIST|CLEAN AFTER METAL ETCH|MEASURE LINE WIDTH|DEPOSIT PASSIVATION LAYER|THRESHOLD VOLTAGE TEST|CURE PASSIVATION|MEASURE PASSIVATION THICKNESS|OPEN PAD WINDOW|PAD WINDOW LITHO|DEVELOP PHOTORESIST|PASSIVATION ETCH PAD OPENING|STRIP RESIST|CLEAN PAD OPENING|MEASURE PAD OPENING|BACKSIDE CLEAN|BACKSIDE GRIND|MEASURE WAFER THICKNESS|BACKSIDE ETCH CLEAN|BACKSIDE RINSE|BACKSIDE DRY|BACKSIDE METALLIZATION PREP|DEPOSIT BACKSIDE METAL|BACKSIDE ANNEAL|MEASURE BACKSIDE CONTACT|FINAL CLEAN|FINAL THICKNESS MEASURE|FINAL GEOMETRY CHECK|FINAL PARTICLE INSPECTION|ELECTRICAL PARAMETRIC TEST|LEAKAGE TEST|SWITCHING TEST|WAFER SORT TEST|YIELD ANALYSIS|FINAL LOT RELEASE|SHIP LOT,RULE_TEST_BEFORE_PASSIVATION
forbidden_0169,MOSFET,RECEIVE WAFER LOT|LOT IDENTIFICATION|PRE CLEAN INSPECTION|MEASURE THICKNESS|PRE CLEAN WAFER|RCA CLEAN 1|RCA CLEAN 2|HF DIP|DRY WAFER|SUBSTRATE CHECK|EPITAXY PREP|EPITAXIAL DEPOSITION|MEASURE EPITAXY THICKNESS|MEASURE RESISTIVITY|EPITAXY ANNEAL|WAFER SURFACE CLEAN|THERMAL OXIDATION|MEASURE OXIDE THICKNESS|SPIN COAT PHOTORESIST|SOFT BAKE|ALIGN MASK LEVEL 2|ALIGN MASK LEVEL 1|EXPOSE LITHO LEVEL 1|DEVELOP PHOTORESIST|PATTERN INSPECTION LEVEL 1|OXIDE ETCH|STRIP RESIST|CLEAN AFTER ETCH|IMPLANT WELL|DRIVE IN DIFFUSION|RAPID THERMAL ANNEAL|MEASURE JUNCTION DEPTH|THERMAL OXIDATION|GATE OXIDE PREP|GATE OXIDE GROWTH|MEASURE GATE OXIDE THICKNESS|DEPOSIT POLYSILICON|POLYSILICON ANNEAL|MEASURE POLY THICKNESS|SPIN COAT PHOTORESIST|SOFT BAKE|EXPOSE LITHO LEVEL 2|POST EXPOSE BAKE|DEVELOP PHOTORESIST|POLY PATTERN INSPECTION|POLYSILICON ETCH|STRIP PHOTORESIST|CLEAN AFTER POLY ETCH|MEASURE GATE CD|IMPLANT SOURCE DRAIN|PRE ANNEAL CHECK|LIGHT ANNEAL|MEASURE SHEET RESISTANCE|DEPOSIT SPACER DIELECTRIC|ANISOTROPIC ETCH SPACER|MEASURE SPACER WIDTH|IMPLANT LDD|PRE ANNEAL CHECK|RAPID THERMAL ANNEAL|MEASURE JUNCTION PROFILE|DEPOSIT INTERLEVEL DIELECTRIC|DENSIFY DIELECTRIC|MEASURE FILM THICKNESS|CMP DIELECTRIC|MEASURE SURFACE PLANARITY|SPIN COAT PHOTORESIST|SOFT BAKE|ALIGN MASK LEVEL 3|EXPOSE LITHO LEVEL 3|DEVELOP PHOTORESIST|VIA OPENING INSPECTION|HARD BAKE|VIA ETCH THROUGH DIELECTRIC|STRIP RESIST|CLEAN AFTER VIA ETCH|MEASURE VIA CD|DEPOSIT BARRIER METAL|DEPOSIT METAL SEED|FILL VIA METAL|CMP METAL|MEASURE VIA RESISTANCE|DEPOSIT TOP METAL|ANNEAL METAL|SPIN COAT PHOTORESIST|SOFT BAKE|ALIGN MASK LEVEL 4|EXPOSE LITHO LEVEL 4|DEVELOP PHOTORESIST|METAL PATTERN INSPECTION|HARD BAKE|METAL ETCH|STRIP RESIST|CLEAN AFTER METAL ETCH|MEASURE LINE WIDTH|DEPOSIT PASSIVATION|CURE PASSIVATION|MEASURE PASSIVATION QUALITY|OPEN PAD WINDOW|OPEN PAD WINDOW LITHO|DEVELOP PAD WINDOW|PASSIVATION ETCH PAD OPENING|STRIP PHOTORESIST|CLEAN PAD OPENING|MEASURE PAD OPENING|BACKSIDE CLEAN|BACKSIDE GRIND|MEASURE THICKNESS|BACKSIDE ETCH CLEAN|BACKSIDE RINSE|BACKSIDE DRY|BACKSIDE METALLIZATION PREP|DEPOSIT BACKSIDE METAL|BACKSIDE ANNEAL|MEASURE BACKSIDE CONTACT|FINAL CLEAN|FINAL THICKNESS MEASURE|FINAL GEOMETRY CHECK|FINAL CD INSPECTION|FINAL PARTICLE INSPECTION|PARAMETRIC TEST|LEAKAGE TEST|THRESHOLD VOLTAGE TEST|SWITCHING TEST|WAFER SORT TEST|YIELD ANALYSIS|FINAL LOT RELEASE|SHIP LOT,RULE_LITHO_LEVEL_SKIP
forbidden_0170,MOSFET,RECEIVE WAFER LOT|LOT IDENTIFICATION|PRE CLEAN INSPECTION|MEASURE THICKNESS|MEASURE SURFACE PARTICLES|PRE CLEAN WAFER|FRONTSIDE CLEAN|RCA CLEAN 1|RCA CLEAN 2|HF DIP|SUBSTRATE CHECK|EPITAXY PREP|EPITAXIAL DEPOSITION|MEASURE EPITAXY THICKNESS|MEASURE RESISTIVITY|EPITAXY ANNEAL|WAFER SURFACE CLEAN|THERMAL OXIDATION|MEASURE OXIDE THICKNESS|SPIN COAT PHOTORESIST|SOFT BAKE|ALIGN MASK LEVEL 1|EXPOSE LITHO LEVEL 1|POST EXPOSE BAKE|DEVELOP PHOTORESIST|PATTERN INSPECTION LEVEL 1|HARD BAKE|OXIDE ETCH|STRIP RESIST|CLEAN AFTER ETCH|MEASURE OPENING CD|IMPLANT WELL|PRE ANNEAL CHECK|DRIVE IN DIFFUSION|RAPID THERMAL ANNEAL|MEASURE JUNCTION DEPTH|THERMAL OXIDATION|GATE OXIDE PREP|GATE OXIDE GROWTH|MEASURE GATE OXIDE THICKNESS|DEPOSIT POLYSILICON|POLYSILICON ANNEAL|MEASURE POLY THICKNESS|SPIN COAT PHOTORESIST|SOFT BAKE|ALIGN MASK LEVEL 2|EXPOSE LITHO LEVEL 2|DEVELOP PHOTORESIST|POLY PATTERN INSPECTION|POLYSILICON ETCH|STRIP RESIST|CLEAN AFTER POLY ETCH|MEASURE GATE CD|IMPLANT SOURCE DRAIN|PRE ANNEAL CHECK|LIGHT ANNEAL|MEASURE SHEET RESISTANCE|DEPOSIT SPACER DIELECTRIC|ANISOTROPIC ETCH SPACER|MEASURE SPACER WIDTH|IMPLANT LDD|RAPID THERMAL ANNEAL|DEPOSIT INTERLEVEL DIELECTRIC|DENSIFY DIELECTRIC|MEASURE FILM THICKNESS|CMP DIELECTRIC|MEASURE SURFACE PLANARITY|SPIN COAT PHOTORESIST|SOFT BAKE|ALIGN MASK LEVEL 3|EXPOSE LITHO LEVEL 3|DEVELOP PHOTORESIST|VIA OPENING INSPECTION|DIELECTRIC ETCH VIA|STRIP PHOTORESIST|CLEAN AFTER VIA ETCH|DEPOSIT BARRIER METAL|DEPOSIT METAL SEED|FILL VIA METAL|CMP METAL|MEASURE CONTACT RESISTANCE|DEPOSIT METAL 1|ANNEAL METAL 1|MEASURE METAL THICKNESS|SPIN COAT PHOTORESIST|SOFT BAKE|ALIGN MASK LEVEL 4|EXPOSE LITHO LEVEL 4|DEVELOP PHOTORESIST|METAL PATTERN INSPECTION|HARD BAKE|METAL ETCH|STRIP PHOTORESIST|CLEAN AFTER METAL ETCH|MEASURE LINE WIDTH|DEPOSIT PASSIVATION LAYER|DEPOSIT BACKSIDE METAL|CURE PASSIVATION|MEASURE PASSIVATION QUALITY|OPEN BOND PAD WINDOW|OPEN PAD WINDOW LITHO|DEVELOP PAD WINDOW|PASSIVATION ETCH PAD OPENING|STRIP RESIST|CLEAN PAD OPENING|MEASURE PAD OPENING|BACKSIDE CLEAN|BACKSIDE GRIND|MEASURE THICKNESS|BACKSIDE ETCH CLEAN|BACKSIDE RINSE|BACKSIDE DRY|BACKSIDE METALLIZATION PREP|BACKSIDE ANNEAL|MEASURE BACKSIDE CONTACT|FINAL CLEAN|FINAL THICKNESS MEASURE|FINAL GEOMETRY CHECK|FINAL PARTICLE INSPECTION|ELECTRICAL PARAMETRIC TEST|LEAKAGE TEST|THRESHOLD VOLTAGE TEST|SWITCHING TEST|WAFER SORT TEST|YIELD ANALYSIS|FINAL LOT RELEASE|SHIP LOT,RULE_BACKSIDE_BEFORE_PASSIVATION
forbidden_0171,MOSFET,RECEIVE WAFER LOT|LOT IDENTIFICATION|PRE CLEAN INSPECTION|MEASURE THICKNESS|MEASURE SURFACE PARTICLES|PRE CLEAN WAFER|RCA CLEAN 1|WET CLEAN RCA2|HF DIP|DRY WAFER|SUBSTRATE CHECK|EPITAXY PREP|EPITAXIAL DEPOSITION|MEASURE EPITAXY THICKNESS|MEASURE RESISTIVITY|EPITAXY ANNEAL|WAFER SURFACE CLEAN|THERMAL OXIDATION|MEASURE OXIDE THICKNESS|SPIN COAT PHOTORESIST|SOFT BAKE|ALIGN MASK LEVEL 2|ALIGN MASK LEVEL 1|EXPOSE LITHO LEVEL 1|POST EXPOSE BAKE|DEVELOP PHOTORESIST|PATTERN INSPECTION LEVEL 1|OXIDE ETCH|STRIP RESIST|CLEAN AFTER ETCH|MEASURE OPENING CD|IMPLANT WELL|DRIVE IN DIFFUSION|RAPID THERMAL ANNEAL|MEASURE JUNCTION DEPTH|THERMAL OXIDATION|GATE OXIDE PREP|GATE OXIDE GROWTH|MEASURE GATE OXIDE THICKNESS|DEPOSIT POLYSILICON|POLYSILICON ANNEAL|MEASURE POLY THICKNESS|SPIN COAT PHOTORESIST|SOFT BAKE|EXPOSE LITHO LEVEL 2|DEVELOP PHOTORESIST|POLY PATTERN INSPECTION|POLYSILICON ETCH|STRIP PHOTORESIST|CLEAN AFTER POLY ETCH|IMPLANT SOURCE DRAIN|LIGHT ANNEAL|MEASURE SHEET RESISTANCE|DEPOSIT SPACER DIELECTRIC|ANISOTROPIC ETCH SPACER|MEASURE SPACER WIDTH|IMPLANT LDD|RAPID THERMAL ANNEAL|DEPOSIT INTERLAYER DIELECTRIC|DENSIFY OXIDE|MEASURE DIELECTRIC THICKNESS|CMP DIELECTRIC|MEASURE PLANARITY|SPIN COAT PHOTORESIST|SOFT BAKE|ALIGN MASK LEVEL 3|EXPOSE LITHO LEVEL 3|DEVELOP PHOTORESIST|VIA OPENING INSPECTION|VIA ETCH THROUGH DIELECTRIC|STRIP RESIST|CLEAN AFTER VIA ETCH|DEPOSIT BARRIER METAL|DEPOSIT METAL SEED|FILL VIA METAL|CMP METAL|MEASURE CONTACT RESISTANCE|DEPOSIT TOP METAL|ANNEAL METAL 1|SPIN COAT PHOTORESIST|SOFT BAKE|ALIGN MASK LEVEL 4|EXPOSE LITHO LEVEL 4|DEVELOP PHOTORESIST|METAL PATTERN INSPECTION|METAL ETCH|STRIP RESIST|CLEAN AFTER METAL ETCH|DEPOSIT PASSIVATION LAYER|CURE PASSIVATION|MEASURE PASSIVATION QUALITY|OPEN PAD WINDOW|PAD WINDOW LITHO|DEVELOP PAD WINDOW|PASSIVATION ETCH PAD OPENING|STRIP PHOTORESIST|CLEAN PAD OPENING|MEASURE PAD OPENING|BACKSIDE CLEAN|BACKSIDE GRIND|MEASURE THICKNESS|BACKSIDE ETCH CLEAN|BACKSIDE RINSE|BACKSIDE DRY|BACKSIDE METALLIZATION PREP|DEPOSIT BACKSIDE METAL|BACKSIDE ANNEAL|MEASURE BACKSIDE CONTACT|FINAL CLEAN|FINAL THICKNESS MEASURE|FINAL GEOMETRY CHECK|FINAL PARTICLE INSPECTION|ELECTRICAL PARAMETRIC TEST|LEAKAGE TEST|THRESHOLD VOLTAGE TEST|SWITCHING TEST|WAFER SORT TEST|YIELD ANALYSIS|FINAL LOT RELEASE|SHIP LOT,RULE_LITHO_LEVEL_SKIP
forbidden_0172,MOSFET,RECEIVE WAFER LOT|LOT IDENTIFICATION|PRE CLEAN INSPECTION|MEASURE SURFACE PARTICLES|SUBSTRATE CHECK|EPITAXY PREP|EPITAXIAL DEPOSITION|MEASURE EPITAXY THICKNESS|MEASURE RESISTIVITY|THERMAL OXIDATION|MEASURE OXIDE THICKNESS|SPIN COAT PHOTORESIST|SOFT BAKE|ALIGN MASK LEVEL 1|EXPOSE LITHO LEVEL 1|DEVELOP PHOTORESIST|PATTERN INSPECTION LEVEL 1|OXIDE ETCH|STRIP RESIST|CLEAN AFTER ETCH|IMPLANT WELL|PRE ANNEAL CHECK|DRIVE IN DIFFUSION|RAPID THERMAL ANNEAL|MEASURE JUNCTION DEPTH|THERMAL OXIDATION|GATE OXIDE PREP|GATE OXIDE GROWTH|MEASURE GATE OXIDE THICKNESS|DEPOSIT POLYSILICON|POLYSILICON ANNEAL|MEASURE POLY THICKNESS|SPIN COAT PHOTORESIST|SOFT BAKE|ALIGN MASK LEVEL 2|EXPOSE LITHO LEVEL 2|DEVELOP PHOTORESIST|POLY PATTERN INSPECTION|POLYSILICON ETCH|STRIP RESIST|CLEAN AFTER POLY ETCH|MEASURE GATE CD|IMPLANT SOURCE DRAIN|PRE ANNEAL CHECK|LIGHT ANNEAL|DEPOSIT SPACER DIELECTRIC|ANISOTROPIC ETCH SPACER|IMPLANT LDD|PRE ANNEAL CHECK|RAPID THERMAL ANNEAL|MEASURE JUNCTION PROFILE|DEPOSIT INTERLEVEL DIELECTRIC|DENSIFY DIELECTRIC|MEASURE FILM THICKNESS|CMP DIELECTRIC|MEASURE SURFACE PLANARITY|SPIN COAT PHOTORESIST|SOFT BAKE|ALIGN MASK LEVEL 3|EXPOSE LITHO LEVEL 3|DEVELOP PHOTORESIST|VIA OPENING INSPECTION|VIA ETCH|STRIP RESIST|CLEAN AFTER VIA ETCH|MEASURE VIA CD|DEPOSIT BARRIER METAL|DEPOSIT METAL SEED|FILL VIA METAL|CMP METAL|MEASURE CONTACT RESISTANCE|DEPOSIT TOP METAL|ANNEAL METAL 1|MEASURE METAL THICKNESS|SPIN COAT PHOTORESIST|SOFT BAKE|ALIGN MASK LEVEL 4|EXPOSE LITHO LEVEL 4|POST EXPOSE BAKE|DEVELOP PHOTORESIST|METAL PATTERN INSPECTION|HARD BAKE|METAL ETCH|STRIP RESIST|CLEAN AFTER METAL ETCH|MEASURE LINE WIDTH|DEPOSIT PASSIVATION|CURE PASSIVATION|MEASURE PASSIVATION THICKNESS|OPEN PAD WINDOW|PAD WINDOW LITHO|DEVELOP PHOTORESIST|PASSIVATION ETCH|STRIP RESIST|CLEAN PAD OPENING|MEASURE PAD OPENING|BACKSIDE CLEAN|BACKSIDE GRIND|MEASURE THICKNESS|BACKSIDE ETCH CLEAN|BACKSIDE RINSE|BACKSIDE DRY|BACKSIDE METALLIZATION PREP|DEPOSIT BACKSIDE METAL|BACKSIDE ANNEAL|MEASURE BACKSIDE CONTACT|FINAL CLEAN|FINAL THICKNESS MEASURE|FINAL GEOMETRY CHECK|FINAL PARTICLE INSPECTION|PARAMETRIC TEST|LEAKAGE TEST|THRESHOLD VOLTAGE TEST|SWITCHING TEST|WAFER SORT TEST|YIELD ANALYSIS|FINAL LOT RELEASE|SHIP LOT,RULE_DEP_NO_CLEAN
forbidden_0173,MOSFET,RECEIVE WAFER LOT|LOT IDENTIFICATION|PRE CLEAN INSPECTION|MEASURE THICKNESS|MEASURE SURFACE PARTICLES|PRE CLEAN WAFER|BACKSIDE CLEAN|WET CLEAN RCA1|WET CLEAN RCA2|HF DIP|DRY WAFER|SUBSTRATE CHECK|EPITAXY PREP|EPITAXIAL DEPOSITION|MEASURE EPITAXY THICKNESS|MEASURE RESISTIVITY|EPITAXY ANNEAL|WAFER SURFACE CLEAN|THERMAL OXIDATION|MEASURE OXIDE THICKNESS|SPIN COAT PHOTORESIST|SOFT BAKE|ALIGN MASK LEVEL 2|ALIGN MASK LEVEL 1|EXPOSE LITHO LEVEL 1|POST EXPOSE BAKE|DEVELOP PHOTORESIST|PATTERN INSPECTION LEVEL 1|OXIDE ETCH|STRIP PHOTORESIST|CLEAN AFTER ETCH|IMPLANT WELL|PRE ANNEAL CHECK|DRIVE IN DIFFUSION|RAPID THERMAL ANNEAL|MEASURE JUNCTION DEPTH|THERMAL OXIDATION|GATE OXIDE PREP|GATE OXIDE GROWTH|MEASURE GATE OXIDE THICKNESS|DEPOSIT POLYSILICON|POLYSILICON ANNEAL|MEASURE POLY THICKNESS|SPIN COAT PHOTORESIST|SOFT BAKE|EXPOSE LITHO LEVEL 2|DEVELOP PHOTORESIST|POLY PATTERN INSPECTION|POLYSILICON ETCH|STRIP RESIST|CLEAN AFTER POLY ETCH|MEASURE GATE CD|IMPLANT SOURCE DRAIN|PRE ANNEAL CHECK|LIGHT ANNEAL|MEASURE SHEET RESISTANCE|DEPOSIT SPACER DIELECTRIC|ANISOTROPIC ETCH SPACER|MEASURE SPACER WIDTH|IMPLANT LDD|PRE ANNEAL CHECK|RAPID THERMAL ANNEAL|DEPOSIT INTERLEVEL DIELECTRIC|DENSIFY OXIDE|MEASURE DIELECTRIC THICKNESS|CMP INTERLAYER DIELECTRIC|MEASURE SURFACE PLANARITY|SPIN COAT PHOTORESIST|SOFT BAKE|ALIGN MASK LEVEL 3|EXPOSE LITHO LEVEL 3|DEVELOP PHOTORESIST|VIA OPENING INSPECTION|HARD BAKE|VIA ETCH|STRIP RESIST|CLEAN AFTER VIA ETCH|DEPOSIT BARRIER METAL|DEPOSIT METAL SEED|FILL VIA METAL|CMP METAL|MEASURE VIA RESISTANCE|DEPOSIT TOP METAL|ANNEAL METAL|SPIN COAT PHOTORESIST|SOFT BAKE|ALIGN MASK LEVEL 4|EXPOSE LITHO LEVEL 4|POST EXPOSE BAKE|DEVELOP PHOTORESIST|METAL PATTERN INSPECTION|METAL ETCH|STRIP RESIST|CLEAN AFTER METAL ETCH|MEASURE LINE WIDTH|DEPOSIT PASSIVATION|CURE PASSIVATION|MEASURE PASSIVATION QUALITY|OPEN BOND PAD WINDOW|OPEN PAD WINDOW LITHO|DEVELOP PHOTORESIST|PASSIVATION ETCH|STRIP RESIST|CLEAN PAD OPENING|MEASURE PAD OPENING|BACKSIDE CLEAN|BACKSIDE GRIND|MEASURE WAFER THICKNESS|BACKSIDE ETCH CLEAN|BACKSIDE RINSE|BACKSIDE DRY|BACKSIDE METALLIZATION PREP|DEPOSIT BACKSIDE METAL|BACKSIDE ANNEAL|MEASURE BACKSIDE CONTACT|FINAL CLEAN|FINAL THICKNESS MEASURE|FINAL CD INSPECTION|FINAL PARTICLE INSPECTION|PARAMETRIC TEST|LEAKAGE TEST|THRESHOLD VOLTAGE TEST|SWITCHING TEST|WAFER SORT TEST|YIELD ANALYSIS|FINAL LOT RELEASE|SHIP LOT,RULE_LITHO_LEVEL_SKIP
forbidden_0174,MOSFET,RECEIVE WAFER LOT|LOT IDENTIFICATION|PRE CLEAN INSPECTION|MEASURE THICKNESS|MEASURE SURFACE PARTICLES|PRE CLEAN WAFER|BACKSIDE CLEAN|FRONTSIDE CLEAN|WET CLEAN RCA1|RCA CLEAN 2|HF DIP|DRY WAFER|SUBSTRATE CHECK|EPITAXY PREP|EPITAXIAL DEPOSITION|MEASURE EPITAXY THICKNESS|MEASURE RESISTIVITY|EPITAXY ANNEAL|WAFER SURFACE CLEAN|THERMAL OXIDATION|MEASURE OXIDE THICKNESS|SPIN COAT PHOTORESIST|SOFT BAKE|ALIGN MASK LEVEL 2|ALIGN MASK LEVEL 1|EXPOSE LITHO LEVEL 1|DEVELOP PHOTORESIST|PATTERN INSPECTION LEVEL 1|OXIDE ETCH|STRIP RESIST|CLEAN AFTER ETCH|MEASURE OPENING CD|IMPLANT WELL|DRIVE IN DIFFUSION|RAPID THERMAL ANNEAL|MEASURE JUNCTION DEPTH|THERMAL OXIDATION|GATE OXIDE PREP|GATE OXIDE GROWTH|MEASURE GATE OXIDE THICKNESS|DEPOSIT POLYSILICON|POLYSILICON ANNEAL|MEASURE POLY THICKNESS|SPIN COAT PHOTORESIST|SOFT BAKE|EXPOSE LITHO LEVEL 2|DEVELOP PHOTORESIST|POLY PATTERN INSPECTION|POLYSILICON ETCH|STRIP RESIST|CLEAN AFTER POLY ETCH|MEASURE GATE CD|IMPLANT SOURCE DRAIN|PRE ANNEAL CHECK|LIGHT ANNEAL|MEASURE SHEET RESISTANCE|DEPOSIT SPACER DIELECTRIC|ANISOTROPIC ETCH SPACER|MEASURE SPACER WIDTH|IMPLANT LDD|PRE ANNEAL CHECK|RAPID THERMAL ANNEAL|MEASURE JUNCTION PROFILE|DEPOSIT INTERLAYER DIELECTRIC|DENSIFY DIELECTRIC|MEASURE FILM THICKNESS|CMP INTERLAYER DIELECTRIC|MEASURE SURFACE PLANARITY|SPIN COAT PHOTORESIST|SOFT BAKE|ALIGN MASK LEVEL 3|EXPOSE LITHO LEVEL 3|POST EXPOSE BAKE|DEVELOP PHOTORESIST|VIA INSPECTION|HARD BAKE|VIA ETCH|STRIP PHOTORESIST|CLEAN AFTER VIA ETCH|MEASURE VIA CD|DEPOSIT BARRIER METAL|DEPOSIT METAL SEED|FILL VIA METAL|CMP VIA FILL|MEASURE CONTACT RESISTANCE|DEPOSIT METAL 1|ANNEAL METAL 1|SPIN COAT PHOTORESIST|SOFT BAKE|ALIGN MASK LEVEL 4|EXPOSE LITHO LEVEL 4|DEVELOP PHOTORESIST|METAL PATTERN INSPECTION|METAL ETCH|STRIP RESIST|CLEAN AFTER METAL ETCH|MEASURE LINE WIDTH|DEPOSIT PASSIVATION LAYER|CURE PASSIVATION|MEASURE PASSIVATION THICKNESS|OPEN PAD WINDOW|PAD WINDOW LITHO|DEVELOP PHOTORESIST|PASSIVATION ETCH PAD OPENING|STRIP RESIST|CLEAN PAD OPENING|MEASURE PAD OPENING|BACKSIDE CLEAN|BACKSIDE GRIND|MEASURE THICKNESS|BACKSIDE ETCH CLEAN|BACKSIDE RINSE|BACKSIDE DRY|BACKSIDE METALLIZATION PREP|DEPOSIT BACKSIDE METAL|BACKSIDE ANNEAL|MEASURE BACKSIDE CONTACT|FINAL CLEAN|FINAL THICKNESS MEASURE|FINAL GEOMETRY CHECK|FINAL CD INSPECTION|FINAL PARTICLE INSPECTION|PARAMETRIC TEST|LEAKAGE TEST|THRESHOLD VOLTAGE TEST|SWITCHING TEST|WAFER SORT TEST|YIELD ANALYSIS|LOT RELEASE|SHIP LOT,RULE_LITHO_LEVEL_SKIP
forbidden_0175,MOSFET,RECEIVE WAFER LOT|LOT IDENTIFICATION|INITIAL WAFER INSPECTION|MEASURE THICKNESS|MEASURE SURFACE PARTICLES|PRE CLEAN WAFER|RCA CLEAN 1|RCA CLEAN 2|HF DIP|SUBSTRATE CHECK|EPITAXY PREP|EPITAXIAL DEPOSITION|MEASURE EPITAXY THICKNESS|MEASURE RESISTIVITY|EPITAXY ANNEAL|WAFER SURFACE CLEAN|THERMAL OXIDATION|MEASURE OXIDE THICKNESS|SPIN COAT PHOTORESIST|SOFT BAKE|ALIGN MASK LEVEL 1|EXPOSE LITHO LEVEL 1|POST EXPOSE BAKE|DEVELOP PHOTORESIST|PATTERN INSPECTION LEVEL 1|OXIDE ETCH|STRIP RESIST|CLEAN AFTER ETCH|MEASURE OPENING CD|IMPLANT WELL|DRIVE IN DIFFUSION|RAPID THERMAL ANNEAL|MEASURE JUNCTION DEPTH|THERMAL OXIDATION|GATE OXIDE PREP|GATE OXIDE GROWTH|MEASURE GATE OXIDE THICKNESS|DEPOSIT POLYSILICON|POLYSILICON ANNEAL|MEASURE POLY THICKNESS|SPIN COAT PHOTORESIST|SOFT BAKE|ALIGN MASK LEVEL 2|EXPOSE LITHO LEVEL 2|POST EXPOSE BAKE|DEVELOP PHOTORESIST|POLY PATTERN INSPECTION|POLYSILICON ETCH|STRIP PHOTORESIST|CLEAN AFTER POLY ETCH|IMPLANT SOURCE DRAIN|LIGHT ANNEAL|MEASURE SHEET RESISTANCE|DEPOSIT SPACER DIELECTRIC|ANISOTROPIC ETCH SPACER|MEASURE SPACER WIDTH|IMPLANT LDD|PRE ANNEAL CHECK|RAPID THERMAL ANNEAL|MEASURE JUNCTION PROFILE|DEPOSIT INTERLEVEL DIELECTRIC|DENSIFY DIELECTRIC|MEASURE FILM THICKNESS|CMP DIELECTRIC|MEASURE PLANARITY|SPIN COAT PHOTORESIST|SOFT BAKE|ALIGN MASK LEVEL 3|EXPOSE LITHO LEVEL 3|DEVELOP PHOTORESIST|VIA OPENING INSPECTION|DIELECTRIC ETCH VIA|STRIP RESIST|CLEAN AFTER VIA ETCH|DEPOSIT BARRIER METAL|DEPOSIT METAL SEED|FILL VIA METAL|CMP METAL|MEASURE CONTACT RESISTANCE|DEPOSIT METAL 1|ANNEAL METAL 1|SPIN COAT PHOTORESIST|SOFT BAKE|ALIGN MASK LEVEL 4|EXPOSE LITHO LEVEL 4|POST EXPOSE BAKE|DEVELOP PHOTORESIST|METAL PATTERN INSPECTION|HARD BAKE|METAL ETCH|STRIP PHOTORESIST|CLEAN AFTER METAL ETCH|MEASURE LINE WIDTH|DEPOSIT PASSIVATION|LEAKAGE TEST|CURE PASSIVATION|MEASURE PASSIVATION QUALITY|OPEN BOND PAD WINDOW|PAD WINDOW LITHO|DEVELOP PAD WINDOW|PASSIVATION ETCH PAD OPENING|STRIP RESIST|CLEAN PAD OPENING|MEASURE PAD OPENING|BACKSIDE CLEAN|BACKSIDE GRIND|MEASURE THICKNESS|BACKSIDE ETCH CLEAN|BACKSIDE RINSE|BACKSIDE DRY|BACKSIDE METALLIZATION PREP|DEPOSIT BACKSIDE METAL|BACKSIDE ANNEAL|MEASURE BACKSIDE CONTACT|FINAL CLEAN|FINAL THICKNESS MEASURE|FINAL GEOMETRY CHECK|FINAL CD INSPECTION|FINAL PARTICLE INSPECTION|ELECTRICAL PARAMETRIC TEST|THRESHOLD VOLTAGE TEST|SWITCHING TEST|WAFER SORT TEST|YIELD ANALYSIS|FINAL LOT RELEASE|SHIP LOT,RULE_TEST_BEFORE_PASSIVATION
forbidden_0176,MOSFET,RECEIVE WAFER LOT|LOT IDENTIFICATION|PRE CLEAN INSPECTION|MEASURE SURFACE PARTICLES|PRE CLEAN WAFER|BACKSIDE CLEAN|FRONTSIDE CLEAN|WET CLEAN RCA1|RCA CLEAN 2|HF DIP|DRY WAFER|SUBSTRATE CHECK|EPITAXY PREP|EPITAXIAL DEPOSITION|MEASURE EPITAXY THICKNESS|MEASURE RESISTIVITY|EPITAXY ANNEAL|WAFER SURFACE CLEAN|THERMAL OXIDATION|MEASURE OXIDE THICKNESS|SPIN COAT PHOTORESIST|SOFT BAKE|ALIGN MASK LEVEL 2|ALIGN MASK LEVEL 1|EXPOSE LITHO LEVEL 1|DEVELOP PHOTORESIST|PATTERN INSPECTION LEVEL 1|HARD BAKE|OXIDE ETCH|STRIP RESIST|CLEAN AFTER ETCH|IMPLANT WELL|DRIVE IN DIFFUSION|RAPID THERMAL ANNEAL|THERMAL OXIDATION|GATE OXIDE PREP|GATE OXIDE GROWTH|MEASURE GATE OXIDE THICKNESS|DEPOSIT POLYSILICON|POLYSILICON ANNEAL|MEASURE POLY THICKNESS|SPIN COAT PHOTORESIST|SOFT BAKE|EXPOSE LITHO LEVEL 2|POST EXPOSE BAKE|DEVELOP PHOTORESIST|POLY PATTERN INSPECTION|HARD BAKE|POLYSILICON ETCH|STRIP PHOTORESIST|CLEAN AFTER POLY ETCH|MEASURE GATE CD|IMPLANT SOURCE DRAIN|LIGHT ANNEAL|MEASURE SHEET RESISTANCE|DEPOSIT SPACER DIELECTRIC|ANISOTROPIC ETCH SPACER|MEASURE SPACER WIDTH|IMPLANT LDD|PRE ANNEAL CHECK|RAPID THERMAL ANNEAL|MEASURE JUNCTION PROFILE|DEPOSIT INTERLEVEL DIELECTRIC|DENSIFY DIELECTRIC|MEASURE DIELECTRIC THICKNESS|CMP DIELECTRIC|MEASURE PLANARITY|SPIN COAT PHOTORESIST|SOFT BAKE|ALIGN MASK LEVEL 3|EXPOSE LITHO LEVEL 3|DEVELOP PHOTORESIST|VIA OPENING INSPECTION|VIA ETCH THROUGH DIELECTRIC|STRIP PHOTORESIST|CLEAN AFTER VIA ETCH|MEASURE VIA CD|DEPOSIT BARRIER METAL|DEPOSIT METAL SEED|FILL VIA METAL|CMP VIA FILL|MEASURE VIA RESISTANCE|DEPOSIT TOP METAL|ANNEAL METAL|SPIN COAT PHOTORESIST|SOFT BAKE|ALIGN MASK LEVEL 4|EXPOSE LITHO LEVEL 4|DEVELOP PHOTORESIST|METAL PATTERN INSPECTION|METAL ETCH|STRIP PHOTORESIST|CLEAN AFTER METAL ETCH|MEASURE LINE WIDTH|DEPOSIT PASSIVATION LAYER|CURE PASSIVATION|MEASURE PASSIVATION QUALITY|OPEN PAD WINDOW|PAD WINDOW LITHO|DEVELOP PAD WINDOW|PASSIVATION ETCH PAD OPENING|STRIP PHOTORESIST|CLEAN PAD OPENING|MEASURE PAD OPENING|BACKSIDE CLEAN|BACKSIDE GRIND|MEASURE THICKNESS|BACKSIDE ETCH CLEAN|BACKSIDE RINSE|BACKSIDE DRY|BACKSIDE METALLIZATION PREP|DEPOSIT BACKSIDE METAL|BACKSIDE ANNEAL|MEASURE BACKSIDE CONTACT|FINAL CLEAN|FINAL THICKNESS MEASURE|FINAL GEOMETRY CHECK|FINAL PARTICLE INSPECTION|ELECTRICAL PARAMETRIC TEST|LEAKAGE TEST|THRESHOLD VOLTAGE TEST|SWITCHING TEST|WAFER SORT TEST|YIELD ANALYSIS|LOT RELEASE|SHIP LOT,RULE_LITHO_LEVEL_SKIP
forbidden_0177,MOSFET,RECEIVE WAFER LOT|LOT IDENTIFICATION|INITIAL WAFER INSPECTION|MEASURE THICKNESS|MEASURE SURFACE PARTICLES|PRE CLEAN WAFER|WET CLEAN RCA1|WET CLEAN RCA2|HF DIP|SUBSTRATE CHECK|EPITAXY PREP|EPITAXIAL DEPOSITION|MEASURE EPITAXY THICKNESS|MEASURE RESISTIVITY|EPITAXY ANNEAL|WAFER SURFACE CLEAN|THERMAL OXIDATION|MEASURE OXIDE THICKNESS|SPIN COAT PHOTORESIST|SOFT BAKE|ALIGN MASK LEVEL 1|EXPOSE LITHO LEVEL 1|POST EXPOSE BAKE|DEVELOP PHOTORESIST|PATTERN INSPECTION LEVEL 1|OXIDE ETCH|STRIP PHOTORESIST|CLEAN AFTER ETCH|MEASURE OPENING CD|IMPLANT WELL|DRIVE IN DIFFUSION|RAPID THERMAL ANNEAL|MEASURE JUNCTION DEPTH|THERMAL OXIDATION|GATE OXIDE PREP|GATE OXIDE GROWTH|MEASURE GATE OXIDE THICKNESS|DEPOSIT POLYSILICON|POLYSILICON ANNEAL|MEASURE POLY THICKNESS|SPIN COAT PHOTORESIST|SOFT BAKE|ALIGN MASK LEVEL 2|EXPOSE LITHO LEVEL 2|POST EXPOSE BAKE|DEVELOP PHOTORESIST|POLY PATTERN INSPECTION|HARD BAKE|POLYSILICON ETCH|STRIP PHOTORESIST|CLEAN AFTER POLY ETCH|MEASURE GATE CD|IMPLANT SOURCE DRAIN|LIGHT ANNEAL|MEASURE SHEET RESISTANCE|DEPOSIT SPACER DIELECTRIC|ANISOTROPIC ETCH SPACER|MEASURE SPACER WIDTH|IMPLANT LDD|RAPID THERMAL ANNEAL|MEASURE JUNCTION PROFILE|DEPOSIT INTERLAYER DIELECTRIC|DENSIFY OXIDE|MEASURE DIELECTRIC THICKNESS|CMP INTERLAYER DIELECTRIC|MEASURE PLANARITY|SPIN COAT PHOTORESIST|SOFT BAKE|ALIGN MASK LEVEL 3|EXPOSE LITHO LEVEL 3|DEVELOP PHOTORESIST|VIA INSPECTION|HARD BAKE|VIA ETCH THROUGH DIELECTRIC|STRIP PHOTORESIST|CLEAN AFTER VIA ETCH|DEPOSIT BARRIER METAL|DEPOSIT METAL SEED|FILL VIA METAL|CMP VIA FILL|MEASURE CONTACT RESISTANCE|DEPOSIT TOP METAL|ANNEAL METAL|SPIN COAT PHOTORESIST|SOFT BAKE|ALIGN MASK LEVEL 4|EXPOSE LITHO LEVEL 4|DEVELOP PHOTORESIST|METAL PATTERN INSPECTION|METAL ETCH|STRIP RESIST|MEASURE LINE WIDTH|DEPOSIT PASSIVATION LAYER|CURE PASSIVATION|MEASURE PASSIVATION QUALITY|OPEN BOND PAD WINDOW|OPEN PAD WINDOW LITHO|DEVELOP PAD WINDOW|PASSIVATION ETCH|STRIP PHOTORESIST|CLEAN PAD OPENING|MEASURE PAD OPENING|BACKSIDE CLEAN|BACKSIDE GRIND|MEASURE THICKNESS|BACKSIDE ETCH CLEAN|BACKSIDE RINSE|BACKSIDE DRY|BACKSIDE METALLIZATION PREP|DEPOSIT BACKSIDE METAL|BACKSIDE ANNEAL|MEASURE BACKSIDE CONTACT|FINAL CLEAN|FINAL THICKNESS MEASURE|FINAL GEOMETRY CHECK|FINAL CD INSPECTION|ELECTRICAL PARAMETRIC TEST|LEAKAGE TEST|THRESHOLD VOLTAGE TEST|SWITCHING TEST|WAFER SORT TEST|YIELD ANALYSIS|LOT RELEASE|SHIP LOT,RULE_DEP_NO_CLEAN
forbidden_0178,MOSFET,RECEIVE WAFER LOT|LOT IDENTIFICATION|PRE CLEAN INSPECTION|MEASURE SURFACE PARTICLES|PRE CLEAN WAFER|BACKSIDE CLEAN|FRONTSIDE CLEAN|RCA CLEAN 1|WET CLEAN RCA2|HF DIP|DRY WAFER|SUBSTRATE CHECK|EPITAXY PREP|EPITAXIAL DEPOSITION|MEASURE EPITAXY THICKNESS|MEASURE RESISTIVITY|EPITAXY ANNEAL|WAFER SURFACE CLEAN|THERMAL OXIDATION|MEASURE OXIDE THICKNESS|SPIN COAT PHOTORESIST|SOFT BAKE|ALIGN MASK LEVEL 2|ALIGN MASK LEVEL 1|EXPOSE LITHO LEVEL 1|POST EXPOSE BAKE|DEVELOP PHOTORESIST|PATTERN INSPECTION LEVEL 1|OXIDE ETCH|STRIP PHOTORESIST|CLEAN AFTER ETCH|MEASURE OPENING CD|IMPLANT WELL|PRE ANNEAL CHECK|DRIVE IN DIFFUSION|RAPID THERMAL ANNEAL|THERMAL OXIDATION|GATE OXIDE PREP|GATE OXIDE GROWTH|MEASURE GATE OXIDE THICKNESS|DEPOSIT POLYSILICON|POLYSILICON ANNEAL|MEASURE POLY THICKNESS|SPIN COAT PHOTORESIST|SOFT BAKE|EXPOSE LITHO LEVEL 2|DEVELOP PHOTORESIST|POLY PATTERN INSPECTION|HARD BAKE|POLYSILICON ETCH|STRIP PHOTORESIST|CLEAN AFTER POLY ETCH|MEASURE GATE CD|IMPLANT SOURCE DRAIN|LIGHT ANNEAL|MEASURE SHEET RESISTANCE|DEPOSIT SPACER DIELECTRIC|ANISOTROPIC ETCH SPACER|MEASURE SPACER WIDTH|IMPLANT LDD|PRE ANNEAL CHECK|RAPID THERMAL ANNEAL|MEASURE JUNCTION PROFILE|DEPOSIT INTERLAYER DIELECTRIC|DENSIFY DIELECTRIC|MEASURE FILM THICKNESS|CMP INTERLAYER DIELECTRIC|MEASURE SURFACE PLANARITY|SPIN COAT PHOTORESIST|SOFT BAKE|ALIGN MASK LEVEL 3|EXPOSE LITHO LEVEL 3|DEVELOP PHOTORESIST|VIA OPENING INSPECTION|HARD BAKE|VIA ETCH|STRIP RESIST|CLEAN AFTER VIA ETCH|MEASURE VIA CD|DEPOSIT BARRIER METAL|DEPOSIT METAL SEED|FILL VIA METAL|CMP METAL|MEASURE VIA RESISTANCE|DEPOSIT METAL 1|ANNEAL METAL 1|SPIN COAT PHOTORESIST|SOFT BAKE|ALIGN MASK LEVEL 4|EXPOSE LITHO LEVEL 4|DEVELOP PHOTORESIST|METAL PATTERN INSPECTION|METAL ETCH|STRIP PHOTORESIST|CLEAN AFTER METAL ETCH|DEPOSIT PASSIVATION LAYER|CURE PASSIVATION|MEASURE PASSIVATION THICKNESS|OPEN BOND PAD WINDOW|OPEN PAD WINDOW LITHO|DEVELOP PHOTORESIST|PASSIVATION ETCH PAD OPENING|STRIP RESIST|CLEAN PAD OPENING|MEASURE PAD OPENING|BACKSIDE CLEAN|BACKSIDE GRIND|MEASURE THICKNESS|BACKSIDE ETCH CLEAN|BACKSIDE RINSE|BACKSIDE DRY|BACKSIDE METALLIZATION PREP|DEPOSIT BACKSIDE METAL|BACKSIDE ANNEAL|MEASURE BACKSIDE CONTACT|FINAL CLEAN|FINAL GEOMETRY CHECK|FINAL CD INSPECTION|FINAL PARTICLE INSPECTION|PARAMETRIC TEST|LEAKAGE TEST|THRESHOLD VOLTAGE TEST|SWITCHING TEST|WAFER SORT TEST|YIELD ANALYSIS|LOT RELEASE|SHIP LOT,RULE_LITHO_LEVEL_SKIP
forbidden_0179,MOSFET,RECEIVE WAFER LOT|LOT IDENTIFICATION|PRE CLEAN INSPECTION|MEASURE THICKNESS|MEASURE SURFACE PARTICLES|PRE CLEAN WAFER|WET CLEAN RCA1|WET CLEAN RCA2|HF DIP|DRY WAFER|SUBSTRATE CHECK|EPITAXY PREP|EPITAXIAL DEPOSITION|MEASURE EPITAXY THICKNESS|MEASURE RESISTIVITY|EPITAXY ANNEAL|WAFER SURFACE CLEAN|THERMAL OXIDATION|MEASURE OXIDE THICKNESS|SPIN COAT PHOTORESIST|SOFT BAKE|ALIGN MASK LEVEL 1|EXPOSE LITHO LEVEL 1|POST EXPOSE BAKE|DEVELOP PHOTORESIST|PATTERN INSPECTION LEVEL 1|OXIDE ETCH|STRIP RESIST|CLEAN AFTER ETCH|MEASURE OPENING CD|IMPLANT WELL|DRIVE IN DIFFUSION|RAPID THERMAL ANNEAL|THERMAL OXIDATION|GATE OXIDE PREP|GATE OXIDE GROWTH|MEASURE GATE OXIDE THICKNESS|DEPOSIT POLYSILICON|POLYSILICON ANNEAL|MEASURE POLY THICKNESS|SPIN COAT PHOTORESIST|SOFT BAKE|ALIGN MASK LEVEL 2|EXPOSE LITHO LEVEL 2|DEVELOP PHOTORESIST|POLY PATTERN INSPECTION|POLYSILICON ETCH|STRIP PHOTORESIST|CLEAN AFTER POLY ETCH|MEASURE GATE CD|IMPLANT SOURCE DRAIN|PRE ANNEAL CHECK|LIGHT ANNEAL|MEASURE SHEET RESISTANCE|DEPOSIT SPACER DIELECTRIC|ANISOTROPIC ETCH SPACER|MEASURE SPACER WIDTH|IMPLANT LDD|PRE ANNEAL CHECK|RAPID THERMAL ANNEAL|DEPOSIT INTERLAYER DIELECTRIC|DENSIFY DIELECTRIC|MEASURE FILM THICKNESS|CMP INTERLAYER DIELECTRIC|MEASURE SURFACE PLANARITY|SPIN COAT PHOTORESIST|SOFT BAKE|ALIGN MASK LEVEL 3|EXPOSE LITHO LEVEL 3|POST EXPOSE BAKE|DEVELOP PHOTORESIST|VIA INSPECTION|VIA ETCH|STRIP RESIST|CLEAN AFTER VIA ETCH|MEASURE VIA CD|DEPOSIT BARRIER METAL|DEPOSIT METAL SEED|FILL VIA METAL|CMP VIA FILL|DEPOSIT TOP METAL|ANNEAL METAL 1|SPIN COAT PHOTORESIST|SOFT BAKE|ALIGN MASK LEVEL 4|EXPOSE LITHO LEVEL 4|DEVELOP PHOTORESIST|METAL PATTERN INSPECTION|METAL ETCH|STRIP RESIST|CLEAN AFTER METAL ETCH|MEASURE LINE WIDTH|OPEN PAD WINDOW|DEPOSIT PASSIVATION|CURE PASSIVATION|MEASURE PASSIVATION QUALITY|OPEN PAD WINDOW LITHO|DEVELOP PHOTORESIST|PASSIVATION ETCH|STRIP RESIST|CLEAN PAD OPENING|MEASURE PAD OPENING|BACKSIDE CLEAN|BACKSIDE GRIND|MEASURE THICKNESS|BACKSIDE ETCH CLEAN|BACKSIDE RINSE|BACKSIDE DRY|BACKSIDE METALLIZATION PREP|DEPOSIT BACKSIDE METAL|BACKSIDE ANNEAL|MEASURE BACKSIDE CONTACT|FINAL CLEAN|FINAL THICKNESS MEASURE|FINAL GEOMETRY CHECK|FINAL PARTICLE INSPECTION|PARAMETRIC TEST|LEAKAGE TEST|THRESHOLD VOLTAGE TEST|SWITCHING TEST|WAFER SORT TEST|YIELD ANALYSIS|FINAL LOT RELEASE|SHIP LOT,RULE_PAD_OPEN_BEFORE_DEP
forbidden_0180,MOSFET,RECEIVE WAFER LOT|LOT IDENTIFICATION|INITIAL WAFER INSPECTION|MEASURE THICKNESS|MEASURE SURFACE PARTICLES|PRE CLEAN WAFER|RCA CLEAN 1|WET CLEAN RCA2|HF DIP|DRY WAFER|SUBSTRATE CHECK|EPITAXY PREP|EPITAXIAL DEPOSITION|MEASURE EPITAXY THICKNESS|MEASURE RESISTIVITY|EPITAXY ANNEAL|WAFER SURFACE CLEAN|THERMAL OXIDATION|MEASURE OXIDE THICKNESS|SPIN COAT PHOTORESIST|SOFT BAKE|ALIGN MASK LEVEL 1|EXPOSE LITHO LEVEL 1|DEVELOP PHOTORESIST|PATTERN INSPECTION LEVEL 1|OXIDE ETCH|STRIP PHOTORESIST|CLEAN AFTER ETCH|MEASURE OPENING CD|IMPLANT WELL|PRE ANNEAL CHECK|DRIVE IN DIFFUSION|RAPID THERMAL ANNEAL|MEASURE JUNCTION DEPTH|THERMAL OXIDATION|GATE OXIDE PREP|GATE OXIDE GROWTH|MEASURE GATE OXIDE THICKNESS|DEPOSIT POLYSILICON|POLYSILICON ANNEAL|MEASURE POLY THICKNESS|SPIN COAT PHOTORESIST|SOFT BAKE|ALIGN MASK LEVEL 2|EXPOSE LITHO LEVEL 2|DEVELOP PHOTORESIST|POLY PATTERN INSPECTION|HARD BAKE|POLYSILICON ETCH|STRIP PHOTORESIST|CLEAN AFTER POLY ETCH|MEASURE GATE CD|IMPLANT SOURCE DRAIN|PRE ANNEAL CHECK|LIGHT ANNEAL|DEPOSIT SPACER DIELECTRIC|ANISOTROPIC ETCH SPACER|MEASURE SPACER WIDTH|IMPLANT LDD|PRE ANNEAL CHECK|RAPID THERMAL ANNEAL|MEASURE JUNCTION PROFILE|DEPOSIT INTERLEVEL DIELECTRIC|DENSIFY OXIDE|MEASURE FILM THICKNESS|CMP DIELECTRIC|MEASURE PLANARITY|SPIN COAT PHOTORESIST|SOFT BAKE|ALIGN MASK LEVEL 3|EXPOSE LITHO LEVEL 3|DEVELOP PHOTORESIST|VIA OPENING INSPECTION|VIA ETCH THROUGH DIELECTRIC|STRIP PHOTORESIST|MEASURE VIA CD|DEPOSIT BARRIER METAL|DEPOSIT METAL SEED|FILL VIA METAL|CMP VIA FILL|MEASURE VIA RESISTANCE|DEPOSIT TOP METAL|ANNEAL METAL 1|SPIN COAT PHOTORESIST|SOFT BAKE|ALIGN MASK LEVEL 4|EXPOSE LITHO LEVEL 4|POST EXPOSE BAKE|DEVELOP PHOTORESIST|METAL PATTERN INSPECTION|METAL ETCH|STRIP RESIST|CLEAN AFTER METAL ETCH|MEASURE LINE WIDTH|DEPOSIT PASSIVATION LAYER|CURE PASSIVATION|MEASURE PASSIVATION QUALITY|OPEN BOND PAD WINDOW|OPEN PAD WINDOW LITHO|DEVELOP PAD WINDOW|PASSIVATION ETCH PAD OPENING|STRIP PHOTORESIST|CLEAN PAD OPENING|MEASURE PAD OPENING|BACKSIDE CLEAN|BACKSIDE GRIND|MEASURE THICKNESS|BACKSIDE ETCH CLEAN|BACKSIDE RINSE|BACKSIDE DRY|BACKSIDE METALLIZATION PREP|DEPOSIT BACKSIDE METAL|BACKSIDE ANNEAL|MEASURE BACKSIDE CONTACT|FINAL CLEAN|FINAL THICKNESS MEASURE|FINAL GEOMETRY CHECK|FINAL CD INSPECTION|FINAL PARTICLE INSPECTION|PARAMETRIC TEST|LEAKAGE TEST|THRESHOLD VOLTAGE TEST|SWITCHING TEST|WAFER SORT TEST|YIELD ANALYSIS|LOT RELEASE|SHIP LOT,RULE_DEP_NO_CLEAN
forbidden_0181,MOSFET,RECEIVE WAFER LOT|LOT IDENTIFICATION|PRE CLEAN INSPECTION|MEASURE THICKNESS|MEASURE SURFACE PARTICLES|PRE CLEAN WAFER|RCA CLEAN 1|WET CLEAN RCA2|HF DIP|SUBSTRATE CHECK|EPITAXY PREP|EPITAXIAL DEPOSITION|MEASURE EPITAXY THICKNESS|MEASURE RESISTIVITY|EPITAXY ANNEAL|WAFER SURFACE CLEAN|THERMAL OXIDATION|MEASURE OXIDE THICKNESS|SPIN COAT PHOTORESIST|SOFT BAKE|ALIGN MASK LEVEL 1|EXPOSE LITHO LEVEL 1|PATTERN INSPECTION LEVEL 1|OXIDE ETCH|STRIP RESIST|CLEAN AFTER ETCH|IMPLANT WELL|PRE ANNEAL CHECK|DRIVE IN DIFFUSION|RAPID THERMAL ANNEAL|MEASURE JUNCTION DEPTH|THERMAL OXIDATION|GATE OXIDE PREP|GATE OXIDE GROWTH|MEASURE GATE OXIDE THICKNESS|DEPOSIT POLYSILICON|POLYSILICON ANNEAL|MEASURE POLY THICKNESS|SPIN COAT PHOTORESIST|SOFT BAKE|ALIGN MASK LEVEL 2|EXPOSE LITHO LEVEL 2|DEVELOP PHOTORESIST|POLY PATTERN INSPECTION|HARD BAKE|POLYSILICON ETCH|STRIP RESIST|CLEAN AFTER POLY ETCH|MEASURE GATE CD|IMPLANT SOURCE DRAIN|LIGHT ANNEAL|MEASURE SHEET RESISTANCE|DEPOSIT SPACER DIELECTRIC|ANISOTROPIC ETCH SPACER|MEASURE SPACER WIDTH|IMPLANT LDD|PRE ANNEAL CHECK|RAPID THERMAL ANNEAL|MEASURE JUNCTION PROFILE|DEPOSIT INTERLAYER DIELECTRIC|DENSIFY OXIDE|MEASURE FILM THICKNESS|CMP DIELECTRIC|MEASURE PLANARITY|SPIN COAT PHOTORESIST|SOFT BAKE|ALIGN MASK LEVEL 3|EXPOSE LITHO LEVEL 3|DEVELOP PHOTORESIST|VIA OPENING INSPECTION|HARD BAKE|VIA ETCH|STRIP PHOTORESIST|CLEAN AFTER VIA ETCH|MEASURE VIA CD|DEPOSIT BARRIER METAL|DEPOSIT METAL SEED|FILL VIA METAL|CMP METAL|DEPOSIT TOP METAL|ANNEAL METAL|MEASURE METAL THICKNESS|SPIN COAT PHOTORESIST|SOFT BAKE|ALIGN MASK LEVEL 4|EXPOSE LITHO LEVEL 4|POST EXPOSE BAKE|DEVELOP PHOTORESIST|METAL PATTERN INSPECTION|HARD BAKE|METAL ETCH|STRIP RESIST|CLEAN AFTER METAL ETCH|MEASURE LINE WIDTH|DEPOSIT PASSIVATION|CURE PASSIVATION|MEASURE PASSIVATION THICKNESS|OPEN PAD WINDOW|OPEN PAD WINDOW LITHO|DEVELOP PAD WINDOW|PASSIVATION ETCH PAD OPENING|STRIP PHOTORESIST|CLEAN PAD OPENING|MEASURE PAD OPENING|BACKSIDE CLEAN|BACKSIDE GRIND|MEASURE THICKNESS|BACKSIDE ETCH CLEAN|BACKSIDE RINSE|BACKSIDE DRY|BACKSIDE METALLIZATION PREP|DEPOSIT BACKSIDE METAL|BACKSIDE ANNEAL|MEASURE BACKSIDE CONTACT|FINAL CLEAN|FINAL THICKNESS MEASURE|FINAL GEOMETRY CHECK|PARAMETRIC TEST|LEAKAGE TEST|THRESHOLD VOLTAGE TEST|SWITCHING TEST|WAFER SORT TEST|YIELD ANALYSIS|LOT RELEASE|SHIP LOT,RULE_ETCH_NO_MASK
forbidden_0182,MOSFET,RECEIVE WAFER LOT|LOT IDENTIFICATION|INITIAL WAFER INSPECTION|MEASURE THICKNESS|PRE CLEAN WAFER|RCA CLEAN 1|WET CLEAN RCA2|HF DIP|SUBSTRATE CHECK|EPITAXY PREP|EPITAXIAL DEPOSITION|MEASURE EPITAXY THICKNESS|MEASURE RESISTIVITY|EPITAXY ANNEAL|WAFER SURFACE CLEAN|THERMAL OXIDATION|MEASURE OXIDE THICKNESS|SPIN COAT PHOTORESIST|SOFT BAKE|ALIGN MASK LEVEL 1|EXPOSE LITHO LEVEL 1|DEVELOP PHOTORESIST|PATTERN INSPECTION LEVEL 1|HARD BAKE|OXIDE ETCH|STRIP RESIST|CLEAN AFTER ETCH|MEASURE OPENING CD|IMPLANT WELL|PRE ANNEAL CHECK|DRIVE IN DIFFUSION|RAPID THERMAL ANNEAL|MEASURE JUNCTION DEPTH|THERMAL OXIDATION|GATE OXIDE PREP|GATE OXIDE GROWTH|MEASURE GATE OXIDE THICKNESS|DEPOSIT POLYSILICON|POLYSILICON ANNEAL|MEASURE POLY THICKNESS|SPIN COAT PHOTORESIST|SOFT BAKE|ALIGN MASK LEVEL 2|EXPOSE LITHO LEVEL 2|DEVELOP PHOTORESIST|POLY PATTERN INSPECTION|POLYSILICON ETCH|STRIP PHOTORESIST|CLEAN AFTER POLY ETCH|MEASURE GATE CD|IMPLANT SOURCE DRAIN|LIGHT ANNEAL|MEASURE SHEET RESISTANCE|DEPOSIT SPACER DIELECTRIC|ANISOTROPIC ETCH SPACER|MEASURE SPACER WIDTH|IMPLANT LDD|RAPID THERMAL ANNEAL|MEASURE JUNCTION PROFILE|DEPOSIT INTERLAYER DIELECTRIC|DENSIFY DIELECTRIC|MEASURE DIELECTRIC THICKNESS|CMP INTERLAYER DIELECTRIC|MEASURE PLANARITY|SPIN COAT PHOTORESIST|SOFT BAKE|ALIGN MASK LEVEL 3|EXPOSE LITHO LEVEL 3|POST EXPOSE BAKE|DEVELOP PHOTORESIST|VIA OPENING INSPECTION|DIELECTRIC ETCH VIA|STRIP PHOTORESIST|CLEAN AFTER VIA ETCH|DEPOSIT BARRIER METAL|DEPOSIT METAL SEED|FILL VIA METAL|CMP VIA FILL|MEASURE CONTACT RESISTANCE|DEPOSIT METAL 1|ANNEAL METAL 1|SPIN COAT PHOTORESIST|SOFT BAKE|ALIGN MASK LEVEL 4|EXPOSE LITHO LEVEL 4|DEVELOP PHOTORESIST|METAL PATTERN INSPECTION|METAL ETCH|STRIP PHOTORESIST|CLEAN AFTER METAL ETCH|MEASURE LINE WIDTH|DEPOSIT PASSIVATION|DEPOSIT BACKSIDE METAL|CURE PASSIVATION|MEASURE PASSIVATION THICKNESS|OPEN PAD WINDOW|PAD WINDOW LITHO|DEVELOP PHOTORESIST|PASSIVATION ETCH PAD OPENING|STRIP RESIST|CLEAN PAD OPENING|MEASURE PAD OPENING|BACKSIDE CLEAN|BACKSIDE GRIND|MEASURE THICKNESS|BACKSIDE ETCH CLEAN|BACKSIDE RINSE|BACKSIDE DRY|BACKSIDE METALLIZATION PREP|BACKSIDE ANNEAL|MEASURE BACKSIDE CONTACT|FINAL CLEAN|FINAL THICKNESS MEASURE|FINAL GEOMETRY CHECK|FINAL CD INSPECTION|ELECTRICAL PARAMETRIC TEST|LEAKAGE TEST|THRESHOLD VOLTAGE TEST|SWITCHING TEST|WAFER SORT TEST|YIELD ANALYSIS|FINAL LOT RELEASE|SHIP LOT,RULE_BACKSIDE_BEFORE_PASSIVATION
forbidden_0183,MOSFET,RECEIVE WAFER LOT|LOT IDENTIFICATION|PRE CLEAN INSPECTION|MEASURE THICKNESS|PRE CLEAN WAFER|BACKSIDE CLEAN|FRONTSIDE CLEAN|RCA CLEAN 1|WET CLEAN RCA2|HF DIP|DRY WAFER|SUBSTRATE CHECK|EPITAXY PREP|EPITAXIAL DEPOSITION|MEASURE EPITAXY THICKNESS|MEASURE RESISTIVITY|EPITAXY ANNEAL|WAFER SURFACE CLEAN|THERMAL OXIDATION|MEASURE OXIDE THICKNESS|SPIN COAT PHOTORESIST|SOFT BAKE|ALIGN MASK LEVEL 1|EXPOSE LITHO LEVEL 1|POST EXPOSE BAKE|DEVELOP PHOTORESIST|PATTERN INSPECTION LEVEL 1|HARD BAKE|OXIDE ETCH|STRIP PHOTORESIST|CLEAN AFTER ETCH|MEASURE OPENING CD|IMPLANT WELL|DRIVE IN DIFFUSION|RAPID THERMAL ANNEAL|MEASURE JUNCTION DEPTH|THERMAL OXIDATION|GATE OXIDE PREP|GATE OXIDE GROWTH|MEASURE GATE OXIDE THICKNESS|DEPOSIT POLYSILICON|POLYSILICON ANNEAL|MEASURE POLY THICKNESS|SPIN COAT PHOTORESIST|SOFT BAKE|ALIGN MASK LEVEL 2|EXPOSE LITHO LEVEL 2|DEVELOP PHOTORESIST|POLY PATTERN INSPECTION|POLYSILICON ETCH|STRIP RESIST|CLEAN AFTER POLY ETCH|MEASURE GATE CD|IMPLANT SOURCE DRAIN|PRE ANNEAL CHECK|LIGHT ANNEAL|MEASURE SHEET RESISTANCE|DEPOSIT SPACER DIELECTRIC|ANISOTROPIC ETCH SPACER|MEASURE SPACER WIDTH|IMPLANT LDD|RAPID THERMAL ANNEAL|MEASURE JUNCTION PROFILE|DEPOSIT INTERLEVEL DIELECTRIC|DENSIFY OXIDE|MEASURE DIELECTRIC THICKNESS|CMP DIELECTRIC|MEASURE PLANARITY|SPIN COAT PHOTORESIST|SOFT BAKE|ALIGN MASK LEVEL 3|EXPOSE LITHO LEVEL 3|POST EXPOSE BAKE|DEVELOP PHOTORESIST|VIA OPENING INSPECTION|VIA ETCH THROUGH DIELECTRIC|STRIP PHOTORESIST|CLEAN AFTER VIA ETCH|MEASURE VIA CD|DEPOSIT BARRIER METAL|DEPOSIT METAL SEED|FILL VIA METAL|CMP VIA FILL|MEASURE CONTACT RESISTANCE|DEPOSIT TOP METAL|ANNEAL METAL|SPIN COAT PHOTORESIST|SOFT BAKE|ALIGN MASK LEVEL 4|EXPOSE LITHO LEVEL 4|POST EXPOSE BAKE|DEVELOP PHOTORESIST|METAL PATTERN INSPECTION|METAL ETCH|STRIP RESIST|CLEAN AFTER METAL ETCH|MEASURE LINE WIDTH|DEPOSIT PASSIVATION LAYER|CURE PASSIVATION|MEASURE PASSIVATION QUALITY|OPEN BOND PAD WINDOW|OPEN PAD WINDOW LITHO|DEVELOP PHOTORESIST|PASSIVATION ETCH|STRIP PHOTORESIST|CLEAN PAD OPENING|MEASURE PAD OPENING|BACKSIDE CLEAN|BACKSIDE GRIND|MEASURE WAFER THICKNESS|BACKSIDE ETCH CLEAN|BACKSIDE RINSE|BACKSIDE DRY|BACKSIDE METALLIZATION PREP|DEPOSIT BACKSIDE METAL|BACKSIDE ANNEAL|MEASURE BACKSIDE CONTACT|FINAL CLEAN|FINAL CD INSPECTION|FINAL PARTICLE INSPECTION|ELECTRICAL PARAMETRIC TEST|LEAKAGE TEST|THRESHOLD VOLTAGE TEST|SWITCHING TEST|SHIP LOT|WAFER SORT TEST|YIELD ANALYSIS|LOT RELEASE,RULE_SHIP_BEFORE_TEST
forbidden_0184,MOSFET,RECEIVE WAFER LOT|LOT IDENTIFICATION|INITIAL WAFER INSPECTION|MEASURE THICKNESS|MEASURE SURFACE PARTICLES|PRE CLEAN WAFER|BACKSIDE CLEAN|FRONTSIDE CLEAN|WET CLEAN RCA1|RCA CLEAN 2|HF DIP|SUBSTRATE CHECK|EPITAXY PREP|EPITAXIAL DEPOSITION|MEASURE EPITAXY THICKNESS|MEASURE RESISTIVITY|EPITAXY ANNEAL|WAFER SURFACE CLEAN|THERMAL OXIDATION|MEASURE OXIDE THICKNESS|SPIN COAT PHOTORESIST|SOFT BAKE|ALIGN MASK LEVEL 2|ALIGN MASK LEVEL 1|EXPOSE LITHO LEVEL 1|DEVELOP PHOTORESIST|PATTERN INSPECTION LEVEL 1|HARD BAKE|OXIDE ETCH|STRIP RESIST|CLEAN AFTER ETCH|IMPLANT WELL|PRE ANNEAL CHECK|DRIVE IN DIFFUSION|RAPID THERMAL ANNEAL|MEASURE JUNCTION DEPTH|THERMAL OXIDATION|GATE OXIDE PREP|GATE OXIDE GROWTH|MEASURE GATE OXIDE THICKNESS|DEPOSIT POLYSILICON|POLYSILICON ANNEAL|MEASURE POLY THICKNESS|SPIN COAT PHOTORESIST|SOFT BAKE|EXPOSE LITHO LEVEL 2|DEVELOP PHOTORESIST|POLY PATTERN INSPECTION|HARD BAKE|POLYSILICON ETCH|STRIP PHOTORESIST|CLEAN AFTER POLY ETCH|MEASURE GATE CD|IMPLANT SOURCE DRAIN|PRE ANNEAL CHECK|LIGHT ANNEAL|MEASURE SHEET RESISTANCE|DEPOSIT SPACER DIELECTRIC|ANISOTROPIC ETCH SPACER|MEASURE SPACER WIDTH|IMPLANT LDD|PRE ANNEAL CHECK|RAPID THERMAL ANNEAL|MEASURE JUNCTION PROFILE|DEPOSIT INTERLEVEL DIELECTRIC|DENSIFY DIELECTRIC|MEASURE FILM THICKNESS|CMP DIELECTRIC|MEASURE PLANARITY|SPIN COAT PHOTORESIST|SOFT BAKE|ALIGN MASK LEVEL 3|EXPOSE LITHO LEVEL 3|DEVELOP PHOTORESIST|VIA OPENING INSPECTION|VIA ETCH THROUGH DIELECTRIC|STRIP RESIST|CLEAN AFTER VIA ETCH|MEASURE VIA CD|DEPOSIT BARRIER METAL|DEPOSIT METAL SEED|FILL VIA METAL|CMP METAL|MEASURE CONTACT RESISTANCE|DEPOSIT TOP METAL|ANNEAL METAL|MEASURE METAL THICKNESS|SPIN COAT PHOTORESIST|SOFT BAKE|ALIGN MASK LEVEL 4|EXPOSE LITHO LEVEL 4|DEVELOP PHOTORESIST|METAL PATTERN INSPECTION|METAL ETCH|STRIP RESIST|CLEAN AFTER METAL ETCH|MEASURE LINE WIDTH|DEPOSIT PASSIVATION LAYER|CURE PASSIVATION|MEASURE PASSIVATION QUALITY|OPEN BOND PAD WINDOW|OPEN PAD WINDOW LITHO|DEVELOP PHOTORESIST|PASSIVATION ETCH PAD OPENING|STRIP RESIST|CLEAN PAD OPENING|MEASURE PAD OPENING|BACKSIDE CLEAN|BACKSIDE GRIND|MEASURE THICKNESS|BACKSIDE ETCH CLEAN|BACKSIDE RINSE|BACKSIDE DRY|BACKSIDE METALLIZATION PREP|DEPOSIT BACKSIDE METAL|BACKSIDE ANNEAL|MEASURE BACKSIDE CONTACT|FINAL CLEAN|FINAL THICKNESS MEASURE|FINAL GEOMETRY CHECK|FINAL PARTICLE INSPECTION|ELECTRICAL PARAMETRIC TEST|LEAKAGE TEST|THRESHOLD VOLTAGE TEST|SWITCHING TEST|WAFER SORT TEST|YIELD ANALYSIS|FINAL LOT RELEASE|SHIP LOT,RULE_LITHO_LEVEL_SKIP
forbidden_0185,MOSFET,RECEIVE WAFER LOT|LOT IDENTIFICATION|INITIAL WAFER INSPECTION|MEASURE THICKNESS|MEASURE SURFACE PARTICLES|PRE CLEAN WAFER|RCA CLEAN 1|RCA CLEAN 2|HF DIP|DRY WAFER|SUBSTRATE CHECK|EPITAXY PREP|EPITAXIAL DEPOSITION|MEASURE EPITAXY THICKNESS|MEASURE RESISTIVITY|EPITAXY ANNEAL|WAFER SURFACE CLEAN|THERMAL OXIDATION|MEASURE OXIDE THICKNESS|SPIN COAT PHOTORESIST|SOFT BAKE|ALIGN MASK LEVEL 1|EXPOSE LITHO LEVEL 1|DEVELOP PHOTORESIST|PATTERN INSPECTION LEVEL 1|HARD BAKE|OXIDE ETCH|STRIP RESIST|CLEAN AFTER ETCH|IMPLANT WELL|PRE ANNEAL CHECK|DRIVE IN DIFFUSION|RAPID THERMAL ANNEAL|MEASURE JUNCTION DEPTH|THERMAL OXIDATION|GATE OXIDE PREP|GATE OXIDE GROWTH|MEASURE GATE OXIDE THICKNESS|DEPOSIT POLYSILICON|POLYSILICON ANNEAL|MEASURE POLY THICKNESS|SPIN COAT PHOTORESIST|SOFT BAKE|ALIGN MASK LEVEL 2|EXPOSE LITHO LEVEL 2|POST EXPOSE BAKE|DEVELOP PHOTORESIST|POLY PATTERN INSPECTION|POLYSILICON ETCH|STRIP RESIST|CLEAN AFTER POLY ETCH|IMPLANT SOURCE DRAIN|PRE ANNEAL CHECK|LIGHT ANNEAL|MEASURE SHEET RESISTANCE|DEPOSIT SPACER DIELECTRIC|ANISOTROPIC ETCH SPACER|MEASURE SPACER WIDTH|IMPLANT LDD|PRE ANNEAL CHECK|RAPID THERMAL ANNEAL|MEASURE JUNCTION PROFILE|DEPOSIT INTERLEVEL DIELECTRIC|DENSIFY OXIDE|MEASURE DIELECTRIC THICKNESS|CMP DIELECTRIC|MEASURE PLANARITY|SPIN COAT PHOTORESIST|SOFT BAKE|ALIGN MASK LEVEL 3|EXPOSE LITHO LEVEL 3|DEVELOP PHOTORESIST|VIA OPENING INSPECTION|HARD BAKE|VIA ETCH THROUGH DIELECTRIC|STRIP PHOTORESIST|CLEAN AFTER VIA ETCH|MEASURE VIA CD|DEPOSIT BARRIER METAL|DEPOSIT METAL SEED|FILL VIA METAL|CMP VIA FILL|MEASURE CONTACT RESISTANCE|DEPOSIT TOP METAL|ANNEAL METAL|MEASURE METAL THICKNESS|SPIN COAT PHOTORESIST|SOFT BAKE|ALIGN MASK LEVEL 4|METAL PATTERN INSPECTION|METAL ETCH|STRIP RESIST|CLEAN AFTER METAL ETCH|MEASURE LINE WIDTH|DEPOSIT PASSIVATION|CURE PASSIVATION|MEASURE PASSIVATION QUALITY|OPEN PAD WINDOW|OPEN PAD WINDOW LITHO|DEVELOP PHOTORESIST|PASSIVATION ETCH|STRIP PHOTORESIST|CLEAN PAD OPENING|MEASURE PAD OPENING|BACKSIDE CLEAN|BACKSIDE GRIND|MEASURE WAFER THICKNESS|BACKSIDE ETCH CLEAN|BACKSIDE RINSE|BACKSIDE DRY|BACKSIDE METALLIZATION PREP|DEPOSIT BACKSIDE METAL|BACKSIDE ANNEAL|MEASURE BACKSIDE CONTACT|FINAL CLEAN|FINAL THICKNESS MEASURE|FINAL GEOMETRY CHECK|FINAL PARTICLE INSPECTION|ELECTRICAL PARAMETRIC TEST|LEAKAGE TEST|THRESHOLD VOLTAGE TEST|SWITCHING TEST|WAFER SORT TEST|YIELD ANALYSIS|FINAL LOT RELEASE|SHIP LOT,RULE_ETCH_NO_MASK
forbidden_0186,MOSFET,RECEIVE WAFER LOT|LOT IDENTIFICATION|PRE CLEAN INSPECTION|MEASURE SURFACE PARTICLES|PRE CLEAN WAFER|FRONTSIDE CLEAN|RCA CLEAN 1|RCA CLEAN 2|HF DIP|SUBSTRATE CHECK|EPITAXY PREP|EPITAXIAL DEPOSITION|MEASURE EPITAXY THICKNESS|MEASURE RESISTIVITY|EPITAXY ANNEAL|WAFER SURFACE CLEAN|THERMAL OXIDATION|MEASURE OXIDE THICKNESS|SPIN COAT PHOTORESIST|SOFT BAKE|ALIGN MASK LEVEL 2|ALIGN MASK LEVEL 1|EXPOSE LITHO LEVEL 1|DEVELOP PHOTORESIST|PATTERN INSPECTION LEVEL 1|OXIDE ETCH|STRIP PHOTORESIST|CLEAN AFTER ETCH|MEASURE OPENING CD|IMPLANT WELL|PRE ANNEAL CHECK|DRIVE IN DIFFUSION|RAPID THERMAL ANNEAL|MEASURE JUNCTION DEPTH|THERMAL OXIDATION|GATE OXIDE PREP|GATE OXIDE GROWTH|MEASURE GATE OXIDE THICKNESS|DEPOSIT POLYSILICON|POLYSILICON ANNEAL|SPIN COAT PHOTORESIST|SOFT BAKE|EXPOSE LITHO LEVEL 2|DEVELOP PHOTORESIST|POLY PATTERN INSPECTION|POLYSILICON ETCH|STRIP PHOTORESIST|CLEAN AFTER POLY ETCH|IMPLANT SOURCE DRAIN|PRE ANNEAL CHECK|LIGHT ANNEAL|MEASURE SHEET RESISTANCE|DEPOSIT SPACER DIELECTRIC|ANISOTROPIC ETCH SPACER|MEASURE SPACER WIDTH|IMPLANT LDD|PRE ANNEAL CHECK|RAPID THERMAL ANNEAL|DEPOSIT INTERLAYER DIELECTRIC|DENSIFY DIELECTRIC|MEASURE DIELECTRIC THICKNESS|CMP DIELECTRIC|MEASURE SURFACE PLANARITY|SPIN COAT PHOTORESIST|SOFT BAKE|ALIGN MASK LEVEL 3|EXPOSE LITHO LEVEL 3|DEVELOP PHOTORESIST|VIA OPENING INSPECTION|VIA ETCH|STRIP PHOTORESIST|CLEAN AFTER VIA ETCH|MEASURE VIA CD|DEPOSIT BARRIER METAL|DEPOSIT METAL SEED|FILL VIA METAL|CMP VIA FILL|MEASURE VIA RESISTANCE|DEPOSIT TOP METAL|ANNEAL METAL|MEASURE METAL THICKNESS|SPIN COAT PHOTORESIST|SOFT BAKE|ALIGN MASK LEVEL 4|EXPOSE LITHO LEVEL 4|DEVELOP PHOTORESIST|METAL PATTERN INSPECTION|HARD BAKE|METAL ETCH|STRIP RESIST|CLEAN AFTER METAL ETCH|DEPOSIT PASSIVATION|CURE PASSIVATION|MEASURE PASSIVATION QUALITY|OPEN PAD WINDOW|PAD WINDOW LITHO|DEVELOP PAD WINDOW|PASSIVATION ETCH|STRIP PHOTORESIST|CLEAN PAD OPENING|MEASURE PAD OPENING|BACKSIDE CLEAN|BACKSIDE GRIND|MEASURE WAFER THICKNESS|BACKSIDE ETCH CLEAN|BACKSIDE RINSE|BACKSIDE DRY|BACKSIDE METALLIZATION PREP|DEPOSIT BACKSIDE METAL|BACKSIDE ANNEAL|MEASURE BACKSIDE CONTACT|FINAL CLEAN|FINAL GEOMETRY CHECK|PARAMETRIC TEST|LEAKAGE TEST|THRESHOLD VOLTAGE TEST|SWITCHING TEST|WAFER SORT TEST|YIELD ANALYSIS|FINAL LOT RELEASE|SHIP LOT,RULE_LITHO_LEVEL_SKIP
forbidden_0187,MOSFET,RECEIVE WAFER LOT|LOT IDENTIFICATION|INITIAL WAFER INSPECTION|MEASURE THICKNESS|MEASURE SURFACE PARTICLES|PRE CLEAN WAFER|BACKSIDE CLEAN|WET CLEAN RCA1|WET CLEAN RCA2|HF DIP|SUBSTRATE CHECK|EPITAXY PREP|EPITAXIAL DEPOSITION|MEASURE EPITAXY THICKNESS|MEASURE RESISTIVITY|EPITAXY ANNEAL|WAFER SURFACE CLEAN|THERMAL OXIDATION|MEASURE OXIDE THICKNESS|SPIN COAT PHOTORESIST|SOFT BAKE|ALIGN MASK LEVEL 1|EXPOSE LITHO LEVEL 1|POST EXPOSE BAKE|DEVELOP PHOTORESIST|PATTERN INSPECTION LEVEL 1|OXIDE ETCH|STRIP RESIST|CLEAN AFTER ETCH|MEASURE OPENING CD|IMPLANT WELL|PRE ANNEAL CHECK|DRIVE IN DIFFUSION|RAPID THERMAL ANNEAL|MEASURE JUNCTION DEPTH|THERMAL OXIDATION|GATE OXIDE PREP|GATE OXIDE GROWTH|MEASURE GATE OXIDE THICKNESS|DEPOSIT POLYSILICON|POLYSILICON ANNEAL|MEASURE POLY THICKNESS|SPIN COAT PHOTORESIST|SOFT BAKE|ALIGN MASK LEVEL 2|EXPOSE LITHO LEVEL 2|DEVELOP PHOTORESIST|POLY PATTERN INSPECTION|POLYSILICON ETCH|STRIP RESIST|CLEAN AFTER POLY ETCH|IMPLANT SOURCE DRAIN|PRE ANNEAL CHECK|LIGHT ANNEAL|MEASURE SHEET RESISTANCE|DEPOSIT SPACER DIELECTRIC|ANISOTROPIC ETCH SPACER|MEASURE SPACER WIDTH|IMPLANT LDD|PRE ANNEAL CHECK|RAPID THERMAL ANNEAL|MEASURE JUNCTION PROFILE|DEPOSIT INTERLEVEL DIELECTRIC|DENSIFY OXIDE|MEASURE FILM THICKNESS|CMP INTERLAYER DIELECTRIC|MEASURE SURFACE PLANARITY|SPIN COAT PHOTORESIST|SOFT BAKE|ALIGN MASK LEVEL 3|EXPOSE LITHO LEVEL 3|DEVELOP PHOTORESIST|VIA INSPECTION|HARD BAKE|VIA ETCH THROUGH DIELECTRIC|STRIP RESIST|CLEAN AFTER VIA ETCH|DEPOSIT BARRIER METAL|DEPOSIT METAL SEED|FILL VIA METAL|CMP VIA FILL|DEPOSIT METAL 1|ANNEAL METAL|MEASURE METAL THICKNESS|SPIN COAT PHOTORESIST|SOFT BAKE|ALIGN MASK LEVEL 4|POST EXPOSE BAKE|METAL PATTERN INSPECTION|METAL ETCH|STRIP RESIST|CLEAN AFTER METAL ETCH|MEASURE LINE WIDTH|DEPOSIT PASSIVATION LAYER|CURE PASSIVATION|MEASURE PASSIVATION QUALITY|OPEN BOND PAD WINDOW|PAD WINDOW LITHO|DEVELOP PAD WINDOW|PASSIVATION ETCH PAD OPENING|STRIP PHOTORESIST|CLEAN PAD OPENING|MEASURE PAD OPENING|BACKSIDE CLEAN|BACKSIDE GRIND|MEASURE THICKNESS|BACKSIDE ETCH CLEAN|BACKSIDE RINSE|BACKSIDE DRY|BACKSIDE METALLIZATION PREP|DEPOSIT BACKSIDE METAL|BACKSIDE ANNEAL|MEASURE BACKSIDE CONTACT|FINAL CLEAN|FINAL THICKNESS MEASURE|FINAL GEOMETRY CHECK|FINAL CD INSPECTION|FINAL PARTICLE INSPECTION|ELECTRICAL PARAMETRIC TEST|LEAKAGE TEST|THRESHOLD VOLTAGE TEST|SWITCHING TEST|WAFER SORT TEST|YIELD ANALYSIS|FINAL LOT RELEASE|SHIP LOT,RULE_ETCH_NO_MASK
forbidden_0188,MOSFET,RECEIVE WAFER LOT|LOT IDENTIFICATION|PRE CLEAN INSPECTION|MEASURE THICKNESS|MEASURE SURFACE PARTICLES|PRE CLEAN WAFER|BACKSIDE CLEAN|WET CLEAN RCA1|RCA CLEAN 2|HF DIP|SUBSTRATE CHECK|EPITAXY PREP|EPITAXIAL DEPOSITION|MEASURE EPITAXY THICKNESS|MEASURE RESISTIVITY|EPITAXY ANNEAL|WAFER SURFACE CLEAN|THERMAL OXIDATION|MEASURE OXIDE THICKNESS|SPIN COAT PHOTORESIST|SOFT BAKE|ALIGN MASK LEVEL 1|EXPOSE LITHO LEVEL 1|POST EXPOSE BAKE|DEVELOP PHOTORESIST|PATTERN INSPECTION LEVEL 1|OXIDE ETCH|STRIP RESIST|MEASURE OPENING CD|IMPLANT WELL|PRE ANNEAL CHECK|DRIVE IN DIFFUSION|MEASURE JUNCTION DEPTH|GATE OXIDE GROWTH|MEASURE GATE OXIDE THICKNESS|DEPOSIT POLYSILICON|POLYSILICON ANNEAL|MEASURE POLY THICKNESS|SPIN COAT PHOTORESIST|SOFT BAKE|ALIGN MASK LEVEL 2|EXPOSE LITHO LEVEL 2|POST EXPOSE BAKE|DEVELOP PHOTORESIST|POLY PATTERN INSPECTION|POLYSILICON ETCH|STRIP PHOTORESIST|CLEAN AFTER POLY ETCH|MEASURE GATE CD|IMPLANT SOURCE DRAIN|PRE ANNEAL CHECK|LIGHT ANNEAL|DEPOSIT SPACER DIELECTRIC|ANISOTROPIC ETCH SPACER|IMPLANT LDD|PRE ANNEAL CHECK|RAPID THERMAL ANNEAL|DEPOSIT INTERLAYER DIELECTRIC|DENSIFY OXIDE|MEASURE DIELECTRIC THICKNESS|CMP INTERLAYER DIELECTRIC|MEASURE PLANARITY|SPIN COAT PHOTORESIST|SOFT BAKE|ALIGN MASK LEVEL 3|EXPOSE LITHO LEVEL 3|DEVELOP PHOTORESIST|VIA OPENING INSPECTION|DIELECTRIC ETCH VIA|STRIP RESIST|CLEAN AFTER VIA ETCH|DEPOSIT BARRIER METAL|DEPOSIT METAL SEED|FILL VIA METAL|CMP VIA FILL|DEPOSIT METAL 1|ANNEAL METAL 1|SPIN COAT PHOTORESIST|SOFT BAKE|ALIGN MASK LEVEL 4|EXPOSE LITHO LEVEL 4|POST EXPOSE BAKE|DEVELOP PHOTORESIST|METAL PATTERN INSPECTION|HARD BAKE|METAL ETCH|STRIP PHOTORESIST|CLEAN AFTER METAL ETCH|MEASURE LINE WIDTH|DEPOSIT PASSIVATION LAYER|CURE PASSIVATION|MEASURE PASSIVATION THICKNESS|OPEN BOND PAD WINDOW|OPEN PAD WINDOW LITHO|DEVELOP PAD WINDOW|PASSIVATION ETCH PAD OPENING|STRIP RESIST|CLEAN PAD OPENING|MEASURE PAD OPENING|BACKSIDE CLEAN|BACKSIDE GRIND|MEASURE THICKNESS|BACKSIDE ETCH CLEAN|BACKSIDE RINSE|BACKSIDE DRY|BACKSIDE METALLIZATION PREP|DEPOSIT BACKSIDE METAL|BACKSIDE ANNEAL|MEASURE BACKSIDE CONTACT|FINAL CLEAN|FINAL GEOMETRY CHECK|FINAL PARTICLE INSPECTION|ELECTRICAL PARAMETRIC TEST|LEAKAGE TEST|THRESHOLD VOLTAGE TEST|SWITCHING TEST|WAFER SORT TEST|YIELD ANALYSIS|LOT RELEASE|SHIP LOT,RULE_DEP_NO_CLEAN
forbidden_0189,MOSFET,RECEIVE WAFER LOT|LOT IDENTIFICATION|INITIAL WAFER INSPECTION|MEASURE THICKNESS|PRE CLEAN WAFER|FRONTSIDE CLEAN|RCA CLEAN 1|RCA CLEAN 2|HF DIP|DRY WAFER|SUBSTRATE CHECK|EPITAXY PREP|EPITAXIAL DEPOSITION|MEASURE EPITAXY THICKNESS|MEASURE RESISTIVITY|EPITAXY ANNEAL|WAFER SURFACE CLEAN|THERMAL OXIDATION|MEASURE OXIDE THICKNESS|SPIN COAT PHOTORESIST|SOFT BAKE|ALIGN MASK LEVEL 1|EXPOSE LITHO LEVEL 1|POST EXPOSE BAKE|DEVELOP PHOTORESIST|PATTERN INSPECTION LEVEL 1|OXIDE ETCH|STRIP RESIST|CLEAN AFTER ETCH|IMPLANT WELL|PRE ANNEAL CHECK|DRIVE IN DIFFUSION|RAPID THERMAL ANNEAL|THERMAL OXIDATION|GATE OXIDE PREP|GATE OXIDE GROWTH|MEASURE GATE OXIDE THICKNESS|DEPOSIT POLYSILICON|POLYSILICON ANNEAL|SPIN COAT PHOTORESIST|SOFT BAKE|ALIGN MASK LEVEL 2|EXPOSE LITHO LEVEL 2|DEVELOP PHOTORESIST|POLY PATTERN INSPECTION|POLYSILICON ETCH|STRIP PHOTORESIST|CLEAN AFTER POLY ETCH|MEASURE GATE CD|IMPLANT SOURCE DRAIN|PRE ANNEAL CHECK|LIGHT ANNEAL|MEASURE SHEET RESISTANCE|DEPOSIT SPACER DIELECTRIC|ANISOTROPIC ETCH SPACER|IMPLANT LDD|RAPID THERMAL ANNEAL|MEASURE JUNCTION PROFILE|DEPOSIT INTERLAYER DIELECTRIC|DENSIFY OXIDE|MEASURE FILM THICKNESS|CMP INTERLAYER DIELECTRIC|MEASURE PLANARITY|SPIN COAT PHOTORESIST|SOFT BAKE|ALIGN MASK LEVEL 3|EXPOSE LITHO LEVEL 3|DEVELOP PHOTORESIST|VIA OPENING INSPECTION|HARD BAKE|VIA ETCH|STRIP RESIST|CLEAN AFTER VIA ETCH|MEASURE VIA CD|DEPOSIT BARRIER METAL|DEPOSIT METAL SEED|FILL VIA METAL|CMP VIA FILL|MEASURE CONTACT RESISTANCE|DEPOSIT METAL 1|ANNEAL METAL|MEASURE METAL THICKNESS|SPIN COAT PHOTORESIST|SOFT BAKE|ALIGN MASK LEVEL 4|EXPOSE LITHO LEVEL 4|DEVELOP PHOTORESIST|METAL PATTERN INSPECTION|METAL ETCH|STRIP PHOTORESIST|CLEAN AFTER METAL ETCH|MEASURE LINE WIDTH|DEPOSIT PASSIVATION LAYER|DEPOSIT BACKSIDE METAL|CURE PASSIVATION|MEASURE PASSIVATION THICKNESS|OPEN PAD WINDOW|OPEN PAD WINDOW LITHO|DEVELOP PHOTORESIST|PASSIVATION ETCH PAD OPENING|STRIP RESIST|CLEAN PAD OPENING|MEASURE PAD OPENING|BACKSIDE CLEAN|BACKSIDE GRIND|MEASURE WAFER THICKNESS|BACKSIDE ETCH CLEAN|BACKSIDE RINSE|BACKSIDE DRY|BACKSIDE METALLIZATION PREP|BACKSIDE ANNEAL|MEASURE BACKSIDE CONTACT|FINAL CLEAN|FINAL GEOMETRY CHECK|FINAL CD INSPECTION|FINAL PARTICLE INSPECTION|PARAMETRIC TEST|LEAKAGE TEST|THRESHOLD VOLTAGE TEST|SWITCHING TEST|WAFER SORT TEST|YIELD ANALYSIS|LOT RELEASE|SHIP LOT,RULE_BACKSIDE_BEFORE_PASSIVATION
forbidden_0190,MOSFET,RECEIVE WAFER LOT|LOT IDENTIFICATION|PRE CLEAN INSPECTION|MEASURE THICKNESS|MEASURE SURFACE PARTICLES|PRE CLEAN WAFER|BACKSIDE CLEAN|FRONTSIDE CLEAN|WET CLEAN RCA1|WET CLEAN RCA2|HF DIP|DRY WAFER|SUBSTRATE CHECK|EPITAXY PREP|EPITAXIAL DEPOSITION|MEASURE EPITAXY THICKNESS|MEASURE RESISTIVITY|EPITAXY ANNEAL|WAFER SURFACE CLEAN|THERMAL OXIDATION|MEASURE OXIDE THICKNESS|SPIN COAT PHOTORESIST|SOFT BAKE|ALIGN MASK LEVEL 1|EXPOSE LITHO LEVEL 1|DEVELOP PHOTORESIST|PATTERN INSPECTION LEVEL 1|OXIDE ETCH|STRIP PHOTORESIST|CLEAN AFTER ETCH|MEASURE OPENING CD|IMPLANT WELL|PRE ANNEAL CHECK|DRIVE IN DIFFUSION|RAPID THERMAL ANNEAL|MEASURE JUNCTION DEPTH|THERMAL OXIDATION|GATE OXIDE PREP|GATE OXIDE GROWTH|MEASURE GATE OXIDE THICKNESS|DEPOSIT POLYSILICON|POLYSILICON ANNEAL|SPIN COAT PHOTORESIST|SOFT BAKE|ALIGN MASK LEVEL 2|EXPOSE LITHO LEVEL 2|DEVELOP PHOTORESIST|POLY PATTERN INSPECTION|HARD BAKE|POLYSILICON ETCH|STRIP PHOTORESIST|CLEAN AFTER POLY ETCH|IMPLANT SOURCE DRAIN|LIGHT ANNEAL|DEPOSIT SPACER DIELECTRIC|ANISOTROPIC ETCH SPACER|MEASURE SPACER WIDTH|IMPLANT LDD|RAPID THERMAL ANNEAL|DEPOSIT INTERLAYER DIELECTRIC|DENSIFY OXIDE|MEASURE FILM THICKNESS|CMP INTERLAYER DIELECTRIC|MEASURE SURFACE PLANARITY|SPIN COAT PHOTORESIST|SOFT BAKE|ALIGN MASK LEVEL 3|EXPOSE LITHO LEVEL 3|DEVELOP PHOTORESIST|VIA OPENING INSPECTION|HARD BAKE|VIA ETCH|STRIP RESIST|CLEAN AFTER VIA ETCH|MEASURE VIA CD|CMP METAL|MEASURE CONTACT RESISTANCE|DEPOSIT TOP METAL|ANNEAL METAL|MEASURE METAL THICKNESS|SPIN COAT PHOTORESIST|SOFT BAKE|ALIGN MASK LEVEL 4|EXPOSE LITHO LEVEL 4|DEVELOP PHOTORESIST|METAL PATTERN INSPECTION|METAL ETCH|STRIP PHOTORESIST|CLEAN AFTER METAL ETCH|DEPOSIT PASSIVATION LAYER|CURE PASSIVATION|MEASURE PASSIVATION THICKNESS|OPEN PAD WINDOW|OPEN PAD WINDOW LITHO|DEVELOP PHOTORESIST|PASSIVATION ETCH|STRIP RESIST|CLEAN PAD OPENING|MEASURE PAD OPENING|BACKSIDE CLEAN|BACKSIDE GRIND|MEASURE WAFER THICKNESS|BACKSIDE ETCH CLEAN|BACKSIDE RINSE|BACKSIDE DRY|BACKSIDE METALLIZATION PREP|DEPOSIT BACKSIDE METAL|BACKSIDE ANNEAL|MEASURE BACKSIDE CONTACT|FINAL CLEAN|FINAL THICKNESS MEASURE|FINAL GEOMETRY CHECK|FINAL PARTICLE INSPECTION|PARAMETRIC TEST|LEAKAGE TEST|THRESHOLD VOLTAGE TEST|SWITCHING TEST|WAFER SORT TEST|YIELD ANALYSIS|LOT RELEASE|SHIP LOT,RULE_CMP_NO_DEP
forbidden_0191,MOSFET,RECEIVE WAFER LOT|LOT IDENTIFICATION|INITIAL WAFER INSPECTION|MEASURE THICKNESS|MEASURE SURFACE PARTICLES|PRE CLEAN WAFER|BACKSIDE CLEAN|FRONTSIDE CLEAN|WET CLEAN RCA1|RCA CLEAN 2|HF DIP|DRY WAFER|SUBSTRATE CHECK|EPITAXY PREP|EPITAXIAL DEPOSITION|MEASURE EPITAXY THICKNESS|MEASURE RESISTIVITY|EPITAXY ANNEAL|WAFER SURFACE CLEAN|THERMAL OXIDATION|MEASURE OXIDE THICKNESS|SPIN COAT PHOTORESIST|SOFT BAKE|ALIGN MASK LEVEL 1|EXPOSE LITHO LEVEL 1|DEVELOP PHOTORESIST|PATTERN INSPECTION LEVEL 1|OXIDE ETCH|STRIP PHOTORESIST|CLEAN AFTER ETCH|IMPLANT WELL|PRE ANNEAL CHECK|DRIVE IN DIFFUSION|RAPID THERMAL ANNEAL|MEASURE JUNCTION DEPTH|THERMAL OXIDATION|GATE OXIDE PREP|GATE OXIDE GROWTH|MEASURE GATE OXIDE THICKNESS|DEPOSIT POLYSILICON|POLYSILICON ANNEAL|MEASURE POLY THICKNESS|SPIN COAT PHOTORESIST|SOFT BAKE|ALIGN MASK LEVEL 2|EXPOSE LITHO LEVEL 2|DEVELOP PHOTORESIST|POLY PATTERN INSPECTION|HARD BAKE|POLYSILICON ETCH|STRIP PHOTORESIST|CLEAN AFTER POLY ETCH|MEASURE GATE CD|IMPLANT SOURCE DRAIN|PRE ANNEAL CHECK|LIGHT ANNEAL|MEASURE SHEET RESISTANCE|DEPOSIT SPACER DIELECTRIC|ANISOTROPIC ETCH SPACER|MEASURE SPACER WIDTH|IMPLANT LDD|PRE ANNEAL CHECK|RAPID THERMAL ANNEAL|MEASURE JUNCTION PROFILE|DEPOSIT INTERLAYER DIELECTRIC|DENSIFY OXIDE|MEASURE DIELECTRIC THICKNESS|CMP DIELECTRIC|MEASURE SURFACE PLANARITY|SPIN COAT PHOTORESIST|SOFT BAKE|ALIGN MASK LEVEL 3|EXPOSE LITHO LEVEL 3|DEVELOP PHOTORESIST|VIA INSPECTION|HARD BAKE|VIA ETCH THROUGH DIELECTRIC|STRIP RESIST|CLEAN AFTER VIA ETCH|MEASURE VIA CD|DEPOSIT BARRIER METAL|DEPOSIT METAL SEED|FILL VIA METAL|CMP METAL|MEASURE VIA RESISTANCE|DEPOSIT TOP METAL|ANNEAL METAL 1|MEASURE METAL THICKNESS|SPIN COAT PHOTORESIST|SOFT BAKE|ALIGN MASK LEVEL 4|EXPOSE LITHO LEVEL 4|DEVELOP PHOTORESIST|METAL PATTERN INSPECTION|METAL ETCH|STRIP PHOTORESIST|CLEAN AFTER METAL ETCH|MEASURE LINE WIDTH|DEPOSIT PASSIVATION LAYER|THRESHOLD VOLTAGE TEST|CURE PASSIVATION|MEASURE PASSIVATION QUALITY|OPEN PAD WINDOW|PAD WINDOW LITHO|DEVELOP PAD WINDOW|PASSIVATION ETCH|STRIP PHOTORESIST|CLEAN PAD OPENING|MEASURE PAD OPENING|BACKSIDE CLEAN|BACKSIDE GRIND|MEASURE WAFER THICKNESS|BACKSIDE ETCH CLEAN|BACKSIDE RINSE|BACKSIDE DRY|BACKSIDE METALLIZATION PREP|DEPOSIT BACKSIDE METAL|BACKSIDE ANNEAL|MEASURE BACKSIDE CONTACT|FINAL CLEAN|FINAL THICKNESS MEASURE|FINAL GEOMETRY CHECK|FINAL CD INSPECTION|FINAL PARTICLE INSPECTION|ELECTRICAL PARAMETRIC TEST|LEAKAGE TEST|SWITCHING TEST|WAFER SORT TEST|YIELD ANALYSIS|FINAL LOT RELEASE|SHIP LOT,RULE_TEST_BEFORE_PASSIVATION
forbidden_0192,MOSFET,RECEIVE WAFER LOT|LOT IDENTIFICATION|PRE CLEAN INSPECTION|MEASURE THICKNESS|MEASURE SURFACE PARTICLES|PRE CLEAN WAFER|RCA CLEAN 1|RCA CLEAN 2|HF DIP|DRY WAFER|SUBSTRATE CHECK|EPITAXY PREP|EPITAXIAL DEPOSITION|MEASURE EPITAXY THICKNESS|MEASURE RESISTIVITY|EPITAXY ANNEAL|WAFER SURFACE CLEAN|THERMAL OXIDATION|MEASURE OXIDE THICKNESS|SPIN COAT PHOTORESIST|SOFT BAKE|ALIGN MASK LEVEL 1|EXPOSE LITHO LEVEL 1|DEVELOP PHOTORESIST|PATTERN INSPECTION LEVEL 1|OXIDE ETCH|STRIP RESIST|CLEAN AFTER ETCH|IMPLANT WELL|PRE ANNEAL CHECK|DRIVE IN DIFFUSION|RAPID THERMAL ANNEAL|MEASURE JUNCTION DEPTH|THERMAL OXIDATION|GATE OXIDE PREP|GATE OXIDE GROWTH|MEASURE GATE OXIDE THICKNESS|DEPOSIT POLYSILICON|POLYSILICON ANNEAL|MEASURE POLY THICKNESS|SPIN COAT PHOTORESIST|SOFT BAKE|ALIGN MASK LEVEL 2|EXPOSE LITHO LEVEL 2|DEVELOP PHOTORESIST|POLY PATTERN INSPECTION|POLYSILICON ETCH|STRIP RESIST|CLEAN AFTER POLY ETCH|MEASURE GATE CD|IMPLANT SOURCE DRAIN|PRE ANNEAL CHECK|LIGHT ANNEAL|DEPOSIT SPACER DIELECTRIC|ANISOTROPIC ETCH SPACER|MEASURE SPACER WIDTH|IMPLANT LDD|RAPID THERMAL ANNEAL|MEASURE JUNCTION PROFILE|DEPOSIT INTERLAYER DIELECTRIC|DENSIFY DIELECTRIC|MEASURE DIELECTRIC THICKNESS|CMP INTERLAYER DIELECTRIC|MEASURE SURFACE PLANARITY|SPIN COAT PHOTORESIST|SOFT BAKE|ALIGN MASK LEVEL 3|EXPOSE LITHO LEVEL 3|DEVELOP PHOTORESIST|VIA OPENING INSPECTION|DIELECTRIC ETCH VIA|STRIP RESIST|CLEAN AFTER VIA ETCH|MEASURE VIA CD|DEPOSIT BARRIER METAL|DEPOSIT METAL SEED|FILL VIA METAL|CMP VIA FILL|DEPOSIT METAL 1|ANNEAL METAL 1|MEASURE METAL THICKNESS|SPIN COAT PHOTORESIST|SOFT BAKE|ALIGN MASK LEVEL 4|EXPOSE LITHO LEVEL 4|DEVELOP PHOTORESIST|METAL PATTERN INSPECTION|HARD BAKE|METAL ETCH|STRIP RESIST|CLEAN AFTER METAL ETCH|DEPOSIT PASSIVATION|SWITCHING TEST|CURE PASSIVATION|MEASURE PASSIVATION QUALITY|OPEN PAD WINDOW|OPEN PAD WINDOW LITHO|DEVELOP PHOTORESIST|PASSIVATION ETCH PAD OPENING|STRIP PHOTORESIST|CLEAN PAD OPENING|MEASURE PAD OPENING|BACKSIDE CLEAN|BACKSIDE GRIND|MEASURE THICKNESS|BACKSIDE ETCH CLEAN|BACKSIDE RINSE|BACKSIDE DRY|BACKSIDE METALLIZATION PREP|DEPOSIT BACKSIDE METAL|BACKSIDE ANNEAL|MEASURE BACKSIDE CONTACT|FINAL CLEAN|FINAL THICKNESS MEASURE|FINAL GEOMETRY CHECK|FINAL PARTICLE INSPECTION|PARAMETRIC TEST|LEAKAGE TEST|THRESHOLD VOLTAGE TEST|WAFER SORT TEST|YIELD ANALYSIS|FINAL LOT RELEASE|SHIP LOT,RULE_TEST_BEFORE_PASSIVATION
forbidden_0193,MOSFET,RECEIVE WAFER LOT|LOT IDENTIFICATION|PRE CLEAN INSPECTION|MEASURE THICKNESS|MEASURE SURFACE PARTICLES|PRE CLEAN WAFER|BACKSIDE CLEAN|WET CLEAN RCA1|WET CLEAN RCA2|HF DIP|DRY WAFER|SUBSTRATE CHECK|EPITAXY PREP|EPITAXIAL DEPOSITION|MEASURE EPITAXY THICKNESS|MEASURE RESISTIVITY|EPITAXY ANNEAL|WAFER SURFACE CLEAN|THERMAL OXIDATION|MEASURE OXIDE THICKNESS|SPIN COAT PHOTORESIST|SOFT BAKE|ALIGN MASK LEVEL 1|EXPOSE LITHO LEVEL 1|DEVELOP PHOTORESIST|PATTERN INSPECTION LEVEL 1|OXIDE ETCH|STRIP RESIST|CLEAN AFTER ETCH|MEASURE OPENING CD|IMPLANT WELL|PRE ANNEAL CHECK|DRIVE IN DIFFUSION|RAPID THERMAL ANNEAL|MEASURE JUNCTION DEPTH|THERMAL OXIDATION|GATE OXIDE PREP|GATE OXIDE GROWTH|MEASURE GATE OXIDE THICKNESS|DEPOSIT POLYSILICON|POLYSILICON ANNEAL|SPIN COAT PHOTORESIST|SOFT BAKE|ALIGN MASK LEVEL 2|EXPOSE LITHO LEVEL 2|POST EXPOSE BAKE|DEVELOP PHOTORESIST|POLY PATTERN INSPECTION|POLYSILICON ETCH|STRIP PHOTORESIST|CLEAN AFTER POLY ETCH|IMPLANT SOURCE DRAIN|LIGHT ANNEAL|MEASURE SHEET RESISTANCE|DEPOSIT SPACER DIELECTRIC|ANISOTROPIC ETCH SPACER|MEASURE SPACER WIDTH|IMPLANT LDD|PRE ANNEAL CHECK|RAPID THERMAL ANNEAL|DEPOSIT INTERLEVEL DIELECTRIC|DENSIFY OXIDE|MEASURE FILM THICKNESS|CMP DIELECTRIC|MEASURE SURFACE PLANARITY|SPIN COAT PHOTORESIST|SOFT BAKE|ALIGN MASK LEVEL 3|EXPOSE LITHO LEVEL 3|DEVELOP PHOTORESIST|VIA OPENING INSPECTION|HARD BAKE|VIA ETCH THROUGH DIELECTRIC|STRIP RESIST|CLEAN AFTER VIA ETCH|MEASURE VIA CD|CMP METAL|MEASURE CONTACT RESISTANCE|DEPOSIT METAL 1|ANNEAL METAL|SPIN COAT PHOTORESIST|SOFT BAKE|ALIGN MASK LEVEL 4|EXPOSE LITHO LEVEL 4|DEVELOP PHOTORESIST|METAL PATTERN INSPECTION|METAL ETCH|STRIP PHOTORESIST|CLEAN AFTER METAL ETCH|MEASURE LINE WIDTH|DEPOSIT PASSIVATION LAYER|CURE PASSIVATION|MEASURE PASSIVATION QUALITY|OPEN PAD WINDOW|OPEN PAD WINDOW LITHO|DEVELOP PHOTORESIST|PASSIVATION ETCH PAD OPENING|STRIP RESIST|CLEAN PAD OPENING|MEASURE PAD OPENING|BACKSIDE CLEAN|BACKSIDE GRIND|MEASURE THICKNESS|BACKSIDE ETCH CLEAN|BACKSIDE RINSE|BACKSIDE DRY|BACKSIDE METALLIZATION PREP|DEPOSIT BACKSIDE METAL|BACKSIDE ANNEAL|MEASURE BACKSIDE CONTACT|FINAL CLEAN|FINAL THICKNESS MEASURE|FINAL GEOMETRY CHECK|FINAL CD INSPECTION|FINAL PARTICLE INSPECTION|ELECTRICAL PARAMETRIC TEST|LEAKAGE TEST|THRESHOLD VOLTAGE TEST|SWITCHING TEST|WAFER SORT TEST|YIELD ANALYSIS|FINAL LOT RELEASE|SHIP LOT,RULE_CMP_NO_DEP
forbidden_0194,MOSFET,RECEIVE WAFER LOT|LOT IDENTIFICATION|PRE CLEAN INSPECTION|MEASURE THICKNESS|PRE CLEAN WAFER|BACKSIDE CLEAN|FRONTSIDE CLEAN|RCA CLEAN 1|WET CLEAN RCA2|HF DIP|SUBSTRATE CHECK|EPITAXY PREP|EPITAXIAL DEPOSITION|MEASURE EPITAXY THICKNESS|MEASURE RESISTIVITY|EPITAXY ANNEAL|WAFER SURFACE CLEAN|THERMAL OXIDATION|MEASURE OXIDE THICKNESS|SPIN COAT PHOTORESIST|SOFT BAKE|ALIGN MASK LEVEL 1|EXPOSE LITHO LEVEL 1|DEVELOP PHOTORESIST|PATTERN INSPECTION LEVEL 1|OXIDE ETCH|STRIP RESIST|CLEAN AFTER ETCH|MEASURE OPENING CD|IMPLANT WELL|DRIVE IN DIFFUSION|RAPID THERMAL ANNEAL|MEASURE JUNCTION DEPTH|THERMAL OXIDATION|GATE OXIDE PREP|GATE OXIDE GROWTH|MEASURE GATE OXIDE THICKNESS|DEPOSIT POLYSILICON|POLYSILICON ANNEAL|MEASURE POLY THICKNESS|SPIN COAT PHOTORESIST|SOFT BAKE|ALIGN MASK LEVEL 2|EXPOSE LITHO LEVEL 2|DEVELOP PHOTORESIST|POLY PATTERN INSPECTION|POLYSILICON ETCH|STRIP RESIST|CLEAN AFTER POLY ETCH|MEASURE GATE CD|IMPLANT SOURCE DRAIN|PRE ANNEAL CHECK|LIGHT ANNEAL|DEPOSIT SPACER DIELECTRIC|ANISOTROPIC ETCH SPACER|IMPLANT LDD|PRE ANNEAL CHECK|RAPID THERMAL ANNEAL|MEASURE JUNCTION PROFILE|DEPOSIT INTERLAYER DIELECTRIC|DENSIFY DIELECTRIC|MEASURE DIELECTRIC THICKNESS|CMP INTERLAYER DIELECTRIC|MEASURE PLANARITY|SPIN COAT PHOTORESIST|SOFT BAKE|ALIGN MASK LEVEL 3|EXPOSE LITHO LEVEL 3|DEVELOP PHOTORESIST|VIA OPENING INSPECTION|VIA ETCH|STRIP PHOTORESIST|CLEAN AFTER VIA ETCH|MEASURE VIA CD|DEPOSIT BARRIER METAL|DEPOSIT METAL SEED|FILL VIA METAL|CMP METAL|MEASURE VIA RESISTANCE|DEPOSIT TOP METAL|ANNEAL METAL 1|MEASURE METAL THICKNESS|SPIN COAT PHOTORESIST|SOFT BAKE|ALIGN MASK LEVEL 4|EXPOSE LITHO LEVEL 4|POST EXPOSE BAKE|DEVELOP PHOTORESIST|METAL PATTERN INSPECTION|METAL ETCH|STRIP PHOTORESIST|CLEAN AFTER METAL ETCH|MEASURE LINE WIDTH|OPEN PAD WINDOW|DEPOSIT PASSIVATION LAYER|CURE PASSIVATION|MEASURE PASSIVATION QUALITY|PAD WINDOW LITHO|DEVELOP PHOTORESIST|PASSIVATION ETCH PAD OPENING|STRIP PHOTORESIST|CLEAN PAD OPENING|MEASURE PAD OPENING|BACKSIDE CLEAN|BACKSIDE GRIND|MEASURE WAFER THICKNESS|BACKSIDE ETCH CLEAN|BACKSIDE RINSE|BACKSIDE DRY|BACKSIDE METALLIZATION PREP|DEPOSIT BACKSIDE METAL|BACKSIDE ANNEAL|MEASURE BACKSIDE CONTACT|FINAL CLEAN|FINAL THICKNESS MEASURE|FINAL GEOMETRY CHECK|FINAL CD INSPECTION|FINAL PARTICLE INSPECTION|PARAMETRIC TEST|LEAKAGE TEST|THRESHOLD VOLTAGE TEST|SWITCHING TEST|WAFER SORT TEST|YIELD ANALYSIS|FINAL LOT RELEASE|SHIP LOT,RULE_PAD_OPEN_BEFORE_DEP
forbidden_0195,MOSFET,RECEIVE WAFER LOT|LOT IDENTIFICATION|PRE CLEAN INSPECTION|MEASURE THICKNESS|PRE CLEAN WAFER|WET CLEAN RCA1|WET CLEAN RCA2|HF DIP|DRY WAFER|SUBSTRATE CHECK|EPITAXY PREP|EPITAXIAL DEPOSITION|MEASURE EPITAXY THICKNESS|MEASURE RESISTIVITY|EPITAXY ANNEAL|WAFER SURFACE CLEAN|THERMAL OXIDATION|MEASURE OXIDE THICKNESS|SPIN COAT PHOTORESIST|SOFT BAKE|ALIGN MASK LEVEL 1|EXPOSE LITHO LEVEL 1|DEVELOP PHOTORESIST|PATTERN INSPECTION LEVEL 1|HARD BAKE|OXIDE ETCH|STRIP RESIST|CLEAN AFTER ETCH|MEASURE OPENING CD|IMPLANT WELL|DRIVE IN DIFFUSION|RAPID THERMAL ANNEAL|MEASURE JUNCTION DEPTH|THERMAL OXIDATION|GATE OXIDE PREP|GATE OXIDE GROWTH|MEASURE GATE OXIDE THICKNESS|DEPOSIT POLYSILICON|POLYSILICON ANNEAL|MEASURE POLY THICKNESS|SPIN COAT PHOTORESIST|SOFT BAKE|ALIGN MASK LEVEL 2|EXPOSE LITHO LEVEL 2|DEVELOP PHOTORESIST|POLY PATTERN INSPECTION|POLYSILICON ETCH|STRIP RESIST|CLEAN AFTER POLY ETCH|MEASURE GATE CD|IMPLANT SOURCE DRAIN|PRE ANNEAL CHECK|LIGHT ANNEAL|DEPOSIT SPACER DIELECTRIC|ANISOTROPIC ETCH SPACER|MEASURE SPACER WIDTH|IMPLANT LDD|RAPID THERMAL ANNEAL|MEASURE JUNCTION PROFILE|DEPOSIT INTERLEVEL DIELECTRIC|DENSIFY DIELECTRIC|MEASURE FILM THICKNESS|CMP DIELECTRIC|MEASURE SURFACE PLANARITY|SPIN COAT PHOTORESIST|SOFT BAKE|ALIGN MASK LEVEL 3|EXPOSE LITHO LEVEL 3|DEVELOP PHOTORESIST|VIA INSPECTION|HARD BAKE|VIA ETCH THROUGH DIELECTRIC|STRIP PHOTORESIST|CLEAN AFTER VIA ETCH|MEASURE VIA CD|DEPOSIT BARRIER METAL|DEPOSIT METAL SEED|FILL VIA METAL|CMP METAL|MEASURE CONTACT RESISTANCE|DEPOSIT METAL 1|ANNEAL METAL|SPIN COAT PHOTORESIST|SOFT BAKE|ALIGN MASK LEVEL 4|EXPOSE LITHO LEVEL 4|DEVELOP PHOTORESIST|METAL PATTERN INSPECTION|METAL ETCH|STRIP PHOTORESIST|CLEAN AFTER METAL ETCH|MEASURE LINE WIDTH|DEPOSIT PASSIVATION LAYER|DEPOSIT BACKSIDE METAL|CURE PASSIVATION|MEASURE PASSIVATION QUALITY|OPEN BOND PAD WINDOW|PAD WINDOW LITHO|DEVELOP PHOTORESIST|PASSIVATION ETCH PAD OPENING|STRIP PHOTORESIST|CLEAN PAD OPENING|MEASURE PAD OPENING|BACKSIDE CLEAN|BACKSIDE GRIND|MEASURE WAFER THICKNESS|BACKSIDE ETCH CLEAN|BACKSIDE RINSE|BACKSIDE DRY|BACKSIDE METALLIZATION PREP|BACKSIDE ANNEAL|MEASURE BACKSIDE CONTACT|FINAL CLEAN|FINAL THICKNESS MEASURE|FINAL GEOMETRY CHECK|FINAL PARTICLE INSPECTION|ELECTRICAL PARAMETRIC TEST|LEAKAGE TEST|THRESHOLD VOLTAGE TEST|SWITCHING TEST|WAFER SORT TEST|YIELD ANALYSIS|LOT RELEASE|SHIP LOT,RULE_BACKSIDE_BEFORE_PASSIVATION
forbidden_0196,MOSFET,RECEIVE WAFER LOT|LOT IDENTIFICATION|INITIAL WAFER INSPECTION|MEASURE THICKNESS|PRE CLEAN WAFER|BACKSIDE CLEAN|WET CLEAN RCA1|WET CLEAN RCA2|HF DIP|SUBSTRATE CHECK|EPITAXY PREP|EPITAXIAL DEPOSITION|MEASURE EPITAXY THICKNESS|MEASURE RESISTIVITY|EPITAXY ANNEAL|WAFER SURFACE CLEAN|THERMAL OXIDATION|MEASURE OXIDE THICKNESS|SPIN COAT PHOTORESIST|SOFT BAKE|ALIGN MASK LEVEL 2|ALIGN MASK LEVEL 1|EXPOSE LITHO LEVEL 1|DEVELOP PHOTORESIST|PATTERN INSPECTION LEVEL 1|HARD BAKE|OXIDE ETCH|STRIP PHOTORESIST|CLEAN AFTER ETCH|MEASURE OPENING CD|IMPLANT WELL|DRIVE IN DIFFUSION|RAPID THERMAL ANNEAL|MEASURE JUNCTION DEPTH|THERMAL OXIDATION|GATE OXIDE PREP|GATE OXIDE GROWTH|MEASURE GATE OXIDE THICKNESS|DEPOSIT POLYSILICON|POLYSILICON ANNEAL|MEASURE POLY THICKNESS|SPIN COAT PHOTORESIST|SOFT BAKE|EXPOSE LITHO LEVEL 2|POST EXPOSE BAKE|DEVELOP PHOTORESIST|POLY PATTERN INSPECTION|POLYSILICON ETCH|STRIP RESIST|CLEAN AFTER POLY ETCH|MEASURE GATE CD|IMPLANT SOURCE DRAIN|LIGHT ANNEAL|DEPOSIT SPACER DIELECTRIC|ANISOTROPIC ETCH SPACER|MEASURE SPACER WIDTH|IMPLANT LDD|PRE ANNEAL CHECK|RAPID THERMAL ANNEAL|MEASURE JUNCTION PROFILE|DEPOSIT INTERLAYER DIELECTRIC|DENSIFY OXIDE|MEASURE FILM THICKNESS|CMP DIELECTRIC|MEASURE PLANARITY|SPIN COAT PHOTORESIST|SOFT BAKE|ALIGN MASK LEVEL 3|EXPOSE LITHO LEVEL 3|POST EXPOSE BAKE|DEVELOP PHOTORESIST|VIA INSPECTION|HARD BAKE|DIELECTRIC ETCH VIA|STRIP RESIST|CLEAN AFTER VIA ETCH|MEASURE VIA CD|DEPOSIT BARRIER METAL|DEPOSIT METAL SEED|FILL VIA METAL|CMP VIA FILL|MEASURE VIA RESISTANCE|DEPOSIT METAL 1|ANNEAL METAL 1|MEASURE METAL THICKNESS|SPIN COAT PHOTORESIST|SOFT BAKE|ALIGN MASK LEVEL 4|EXPOSE LITHO LEVEL 4|DEVELOP PHOTORESIST|METAL PATTERN INSPECTION|HARD BAKE|METAL ETCH|STRIP RESIST|CLEAN AFTER METAL ETCH|MEASURE LINE WIDTH|DEPOSIT PASSIVATION LAYER|CURE PASSIVATION|MEASURE PASSIVATION THICKNESS|OPEN PAD WINDOW|PAD WINDOW LITHO|DEVELOP PAD WINDOW|PASSIVATION ETCH|STRIP RESIST|CLEAN PAD OPENING|MEASURE PAD OPENING|BACKSIDE CLEAN|BACKSIDE GRIND|MEASURE WAFER THICKNESS|BACKSIDE ETCH CLEAN|BACKSIDE RINSE|BACKSIDE DRY|BACKSIDE METALLIZATION PREP|DEPOSIT BACKSIDE METAL|BACKSIDE ANNEAL|MEASURE BACKSIDE CONTACT|FINAL CLEAN|FINAL THICKNESS MEASURE|FINAL GEOMETRY CHECK|FINAL PARTICLE INSPECTION|ELECTRICAL PARAMETRIC TEST|LEAKAGE TEST|THRESHOLD VOLTAGE TEST|SWITCHING TEST|WAFER SORT TEST|YIELD ANALYSIS|FINAL LOT RELEASE|SHIP LOT,RULE_LITHO_LEVEL_SKIP
forbidden_0197,MOSFET,RECEIVE WAFER LOT|LOT IDENTIFICATION|PRE CLEAN INSPECTION|MEASURE THICKNESS|MEASURE SURFACE PARTICLES|SUBSTRATE CHECK|EPITAXY PREP|EPITAXIAL DEPOSITION|MEASURE EPITAXY THICKNESS|MEASURE RESISTIVITY|EPITAXY ANNEAL|WAFER SURFACE CLEAN|THERMAL OXIDATION|MEASURE OXIDE THICKNESS|SPIN COAT PHOTORESIST|SOFT BAKE|ALIGN MASK LEVEL 1|EXPOSE LITHO LEVEL 1|DEVELOP PHOTORESIST|PATTERN INSPECTION LEVEL 1|HARD BAKE|OXIDE ETCH|STRIP PHOTORESIST|CLEAN AFTER ETCH|MEASURE OPENING CD|IMPLANT WELL|PRE ANNEAL CHECK|DRIVE IN DIFFUSION|RAPID THERMAL ANNEAL|THERMAL OXIDATION|GATE OXIDE PREP|GATE OXIDE GROWTH|MEASURE GATE OXIDE THICKNESS|DEPOSIT POLYSILICON|POLYSILICON ANNEAL|MEASURE POLY THICKNESS|SPIN COAT PHOTORESIST|SOFT BAKE|ALIGN MASK LEVEL 2|EXPOSE LITHO LEVEL 2|DEVELOP PHOTORESIST|POLY PATTERN INSPECTION|HARD BAKE|POLYSILICON ETCH|STRIP RESIST|CLEAN AFTER POLY ETCH|IMPLANT SOURCE DRAIN|PRE ANNEAL CHECK|LIGHT ANNEAL|MEASURE SHEET RESISTANCE|DEPOSIT SPACER DIELECTRIC|ANISOTROPIC ETCH SPACER|MEASURE SPACER WIDTH|IMPLANT LDD|PRE ANNEAL CHECK|RAPID THERMAL ANNEAL|MEASURE JUNCTION PROFILE|DEPOSIT INTERLEVEL DIELECTRIC|DENSIFY DIELECTRIC|MEASURE FILM THICKNESS|CMP INTERLAYER DIELECTRIC|MEASURE PLANARITY|SPIN COAT PHOTORESIST|SOFT BAKE|ALIGN MASK LEVEL 3|EXPOSE LITHO LEVEL 3|POST EXPOSE BAKE|DEVELOP PHOTORESIST|VIA OPENING INSPECTION|HARD BAKE|VIA ETCH|STRIP PHOTORESIST|CLEAN AFTER VIA ETCH|MEASURE VIA CD|DEPOSIT BARRIER METAL|DEPOSIT METAL SEED|FILL VIA METAL|CMP VIA FILL|MEASURE CONTACT RESISTANCE|DEPOSIT METAL 1|ANNEAL METAL 1|SPIN COAT PHOTORESIST|SOFT BAKE|ALIGN MASK LEVEL 4|EXPOSE LITHO LEVEL 4|POST EXPOSE BAKE|DEVELOP PHOTORESIST|METAL PATTERN INSPECTION|METAL ETCH|STRIP PHOTORESIST|CLEAN AFTER METAL ETCH|MEASURE LINE WIDTH|DEPOSIT PASSIVATION LAYER|CURE PASSIVATION|MEASURE PASSIVATION QUALITY|OPEN PAD WINDOW|PAD WINDOW LITHO|DEVELOP PAD WINDOW|PASSIVATION ETCH|STRIP RESIST|CLEAN PAD OPENING|MEASURE PAD OPENING|BACKSIDE CLEAN|BACKSIDE GRIND|MEASURE THICKNESS|BACKSIDE ETCH CLEAN|BACKSIDE RINSE|BACKSIDE DRY|BACKSIDE METALLIZATION PREP|DEPOSIT BACKSIDE METAL|BACKSIDE ANNEAL|MEASURE BACKSIDE CONTACT|FINAL CLEAN|FINAL THICKNESS MEASURE|FINAL GEOMETRY CHECK|FINAL PARTICLE INSPECTION|PARAMETRIC TEST|LEAKAGE TEST|THRESHOLD VOLTAGE TEST|SWITCHING TEST|WAFER SORT TEST|YIELD ANALYSIS|LOT RELEASE|SHIP LOT,RULE_DEP_NO_CLEAN
forbidden_0198,MOSFET,RECEIVE WAFER LOT|LOT IDENTIFICATION|PRE CLEAN INSPECTION|PRE CLEAN WAFER|BACKSIDE CLEAN|FRONTSIDE CLEAN|WET CLEAN RCA1|RCA CLEAN 2|HF DIP|DRY WAFER|SUBSTRATE CHECK|EPITAXY PREP|EPITAXIAL DEPOSITION|MEASURE EPITAXY THICKNESS|MEASURE RESISTIVITY|EPITAXY ANNEAL|WAFER SURFACE CLEAN|THERMAL OXIDATION|MEASURE OXIDE THICKNESS|SPIN COAT PHOTORESIST|SOFT BAKE|ALIGN MASK LEVEL 1|EXPOSE LITHO LEVEL 1|DEVELOP PHOTORESIST|PATTERN INSPECTION LEVEL 1|OXIDE ETCH|STRIP PHOTORESIST|CLEAN AFTER ETCH|IMPLANT WELL|DRIVE IN DIFFUSION|RAPID THERMAL ANNEAL|MEASURE JUNCTION DEPTH|THERMAL OXIDATION|GATE OXIDE PREP|GATE OXIDE GROWTH|MEASURE GATE OXIDE THICKNESS|DEPOSIT POLYSILICON|POLYSILICON ANNEAL|MEASURE POLY THICKNESS|SPIN COAT PHOTORESIST|SOFT BAKE|ALIGN MASK LEVEL 2|EXPOSE LITHO LEVEL 2|DEVELOP PHOTORESIST|POLY PATTERN INSPECTION|POLYSILICON ETCH|STRIP PHOTORESIST|CLEAN AFTER POLY ETCH|MEASURE GATE CD|IMPLANT SOURCE DRAIN|PRE ANNEAL CHECK|LIGHT ANNEAL|MEASURE SHEET RESISTANCE|DEPOSIT SPACER DIELECTRIC|ANISOTROPIC ETCH SPACER|MEASURE SPACER WIDTH|IMPLANT LDD|PRE ANNEAL CHECK|RAPID THERMAL ANNEAL|MEASURE JUNCTION PROFILE|DEPOSIT INTERLAYER DIELECTRIC|DENSIFY OXIDE|MEASURE DIELECTRIC THICKNESS|CMP INTERLAYER DIELECTRIC|MEASURE PLANARITY|SPIN COAT PHOTORESIST|SOFT BAKE|ALIGN MASK LEVEL 3|EXPOSE LITHO LEVEL 3|DEVELOP PHOTORESIST|VIA OPENING INSPECTION|VIA ETCH|STRIP RESIST|CLEAN AFTER VIA ETCH|MEASURE VIA CD|DEPOSIT BARRIER METAL|DEPOSIT METAL SEED|FILL VIA METAL|CMP METAL|MEASURE CONTACT RESISTANCE|DEPOSIT TOP METAL|ANNEAL METAL 1|MEASURE METAL THICKNESS|SPIN COAT PHOTORESIST|SOFT BAKE|ALIGN MASK LEVEL 4|POST EXPOSE BAKE|METAL PATTERN INSPECTION|METAL ETCH|STRIP RESIST|CLEAN AFTER METAL ETCH|MEASURE LINE WIDTH|DEPOSIT PASSIVATION LAYER|CURE PASSIVATION|MEASURE PASSIVATION QUALITY|OPEN BOND PAD WINDOW|PAD WINDOW LITHO|DEVELOP PHOTORESIST|PASSIVATION ETCH|STRIP RESIST|CLEAN PAD OPENING|MEASURE PAD OPENING|BACKSIDE CLEAN|BACKSIDE GRIND|MEASURE WAFER THICKNESS|BACKSIDE ETCH CLEAN|BACKSIDE RINSE|BACKSIDE DRY|BACKSIDE METALLIZATION PREP|DEPOSIT BACKSIDE METAL|BACKSIDE ANNEAL|MEASURE BACKSIDE CONTACT|FINAL CLEAN|FINAL GEOMETRY CHECK|FINAL CD INSPECTION|FINAL PARTICLE INSPECTION|ELECTRICAL PARAMETRIC TEST|LEAKAGE TEST|THRESHOLD VOLTAGE TEST|SWITCHING TEST|WAFER SORT TEST|YIELD ANALYSIS|FINAL LOT RELEASE|SHIP LOT,RULE_ETCH_NO_MASK
forbidden_0199,MOSFET,RECEIVE WAFER LOT|LOT IDENTIFICATION|INITIAL WAFER INSPECTION|MEASURE THICKNESS|PRE CLEAN WAFER|BACKSIDE CLEAN|RCA CLEAN 1|WET CLEAN RCA2|HF DIP|DRY WAFER|SUBSTRATE CHECK|EPITAXY PREP|EPITAXIAL DEPOSITION|MEASURE EPITAXY THICKNESS|MEASURE RESISTIVITY|EPITAXY ANNEAL|WAFER SURFACE CLEAN|THERMAL OXIDATION|MEASURE OXIDE THICKNESS|SPIN COAT PHOTORESIST|SOFT BAKE|ALIGN MASK LEVEL 1|EXPOSE LITHO LEVEL 1|POST EXPOSE BAKE|DEVELOP PHOTORESIST|PATTERN INSPECTION LEVEL 1|OXIDE ETCH|STRIP RESIST|CLEAN AFTER ETCH|MEASURE OPENING CD|IMPLANT WELL|PRE ANNEAL CHECK|DRIVE IN DIFFUSION|RAPID THERMAL ANNEAL|MEASURE JUNCTION DEPTH|THERMAL OXIDATION|GATE OXIDE PREP|GATE OXIDE GROWTH|MEASURE GATE OXIDE THICKNESS|DEPOSIT POLYSILICON|POLYSILICON ANNEAL|MEASURE POLY THICKNESS|SPIN COAT PHOTORESIST|SOFT BAKE|ALIGN MASK LEVEL 2|EXPOSE LITHO LEVEL 2|DEVELOP PHOTORESIST|POLY PATTERN INSPECTION|POLYSILICON ETCH|STRIP PHOTORESIST|CLEAN AFTER POLY ETCH|MEASURE GATE CD|IMPLANT SOURCE DRAIN|LIGHT ANNEAL|DEPOSIT SPACER DIELECTRIC|ANISOTROPIC ETCH SPACER|MEASURE SPACER WIDTH|IMPLANT LDD|RAPID THERMAL ANNEAL|DEPOSIT INTERLEVEL DIELECTRIC|DENSIFY DIELECTRIC|MEASURE DIELECTRIC THICKNESS|CMP INTERLAYER DIELECTRIC|MEASURE PLANARITY|SPIN COAT PHOTORESIST|SOFT BAKE|ALIGN MASK LEVEL 3|EXPOSE LITHO LEVEL 3|DEVELOP PHOTORESIST|VIA INSPECTION|VIA ETCH|STRIP PHOTORESIST|CLEAN AFTER VIA ETCH|MEASURE VIA CD|DEPOSIT BARRIER METAL|DEPOSIT METAL SEED|FILL VIA METAL|CMP VIA FILL|MEASURE CONTACT RESISTANCE|DEPOSIT TOP METAL|ANNEAL METAL|SPIN COAT PHOTORESIST|SOFT BAKE|ALIGN MASK LEVEL 4|EXPOSE LITHO LEVEL 4|DEVELOP PHOTORESIST|METAL PATTERN INSPECTION|METAL ETCH|STRIP PHOTORESIST|CLEAN AFTER METAL ETCH|MEASURE LINE WIDTH|DEPOSIT PASSIVATION|ELECTRICAL PARAMETRIC TEST|CURE PASSIVATION|MEASURE PASSIVATION QUALITY|OPEN BOND PAD WINDOW|OPEN PAD WINDOW LITHO|DEVELOP PHOTORESIST|PASSIVATION ETCH|STRIP RESIST|CLEAN PAD OPENING|MEASURE PAD OPENING|BACKSIDE CLEAN|BACKSIDE GRIND|MEASURE THICKNESS|BACKSIDE ETCH CLEAN|BACKSIDE RINSE|BACKSIDE DRY|BACKSIDE METALLIZATION PREP|DEPOSIT BACKSIDE METAL|BACKSIDE ANNEAL|MEASURE BACKSIDE CONTACT|FINAL CLEAN|FINAL THICKNESS MEASURE|FINAL GEOMETRY CHECK|FINAL PARTICLE INSPECTION|LEAKAGE TEST|THRESHOLD VOLTAGE TEST|SWITCHING TEST|WAFER SORT TEST|YIELD ANALYSIS|LOT RELEASE|SHIP LOT,RULE_TEST_BEFORE_PASSIVATION
